bust,waist,hips,height,body_shape,image_path
93.1,69.8,103.0,162.4,Pear,data/model1_body_shape\images\01501.png
102.0,95.4,101.9,158.6,Apple,data/model1_body_shape\images\02586.png
91.8,88.5,95.2,167.0,Apple,data/model1_body_shape\images\02653.png
90.2,63.9,106.9,165.2,Pear,data/model1_body_shape\images\01055.png
92.5,60.8,89.5,165.5,Hourglass,data/model1_body_shape\images\00705.png
83.4,64.8,87.0,163.4,Hourglass,data/model1_body_shape\images\00106.png
88.0,59.6,86.4,146.5,Hourglass,data/model1_body_shape\images\00589.png
92.3,92.4,93.8,162.4,Apple,data/model1_body_shape\images\02468.png
106.9,101.9,103.8,168.5,Apple,data/model1_body_shape\images\02413.png
94.3,82.2,105.7,154.0,Pear,data/model1_body_shape\images\01600.png
103.7,98.2,103.7,161.8,Apple,data/model1_body_shape\images\02464.png
95.3,70.2,90.4,156.2,Hourglass,data/model1_body_shape\images\00228.png
96.4,66.4,91.5,161.7,Hourglass,data/model1_body_shape\images\00915.png
92.0,58.6,86.0,158.3,Hourglass,data/model1_body_shape\images\00794.png
95.9,85.9,96.1,159.5,Rectangle,data/model1_body_shape\images\03021.png
97.9,86.0,94.0,172.9,Rectangle,data/model1_body_shape\images\03543.png
97.9,87.1,107.4,157.3,Pear,data/model1_body_shape\images\01073.png
98.4,87.8,102.3,157.0,Rectangle,data/model1_body_shape\images\03351.png
87.5,64.9,98.4,165.3,Pear,data/model1_body_shape\images\01744.png
89.9,75.3,100.0,153.1,Pear,data/model1_body_shape\images\01084.png
105.4,77.2,102.5,163.8,Hourglass,data/model1_body_shape\images\00926.png
104.9,92.9,102.2,153.3,Rectangle,data/model1_body_shape\images\03049.png
96.2,66.2,109.3,158.7,Pear,data/model1_body_shape\images\01117.png
91.7,72.0,94.9,160.8,Hourglass,data/model1_body_shape\images\00642.png
95.2,75.2,80.6,157.7,InvertedTriangle,data/model1_body_shape\images\04767.png
88.7,62.4,83.1,152.6,Hourglass,data/model1_body_shape\images\00501.png
103.6,94.2,90.2,159.6,InvertedTriangle,data/model1_body_shape\images\04066.png
101.5,72.2,101.2,145.0,Hourglass,data/model1_body_shape\images\00333.png
97.6,85.6,88.6,168.3,InvertedTriangle,data/model1_body_shape\images\04684.png
95.2,70.0,90.1,170.3,Hourglass,data/model1_body_shape\images\00486.png
109.3,80.6,119.6,147.5,Pear,data/model1_body_shape\images\01962.png
91.6,65.8,88.9,160.3,Hourglass,data/model1_body_shape\images\00393.png
111.6,87.4,94.2,156.5,InvertedTriangle,data/model1_body_shape\images\04842.png
111.6,88.9,93.6,164.7,InvertedTriangle,data/model1_body_shape\images\04866.png
80.4,63.9,98.4,156.9,Pear,data/model1_body_shape\images\01755.png
105.1,103.6,107.3,151.9,Apple,data/model1_body_shape\images\02515.png
88.8,79.7,91.2,151.6,Rectangle,data/model1_body_shape\images\03585.png
102.5,83.2,84.7,175.4,InvertedTriangle,data/model1_body_shape\images\04315.png
93.9,75.3,79.5,162.9,InvertedTriangle,data/model1_body_shape\images\04966.png
109.9,111.7,111.8,151.1,Apple,data/model1_body_shape\images\02099.png
104.1,94.3,104.0,175.7,Rectangle,data/model1_body_shape\images\03599.png
108.5,78.6,96.2,173.0,InvertedTriangle,data/model1_body_shape\images\04121.png
100.2,68.5,102.8,162.2,Hourglass,data/model1_body_shape\images\00029.png
85.5,61.0,89.4,160.3,Hourglass,data/model1_body_shape\images\00065.png
102.8,72.9,107.9,166.9,Hourglass,data/model1_body_shape\images\00838.png
95.8,80.3,90.8,157.3,Rectangle,data/model1_body_shape\images\03906.png
97.4,89.0,99.1,155.6,Rectangle,data/model1_body_shape\images\03773.png
111.1,91.4,101.9,158.8,InvertedTriangle,data/model1_body_shape\images\04635.png
82.6,72.5,79.5,165.4,Rectangle,data/model1_body_shape\images\03161.png
105.9,104.7,100.1,170.1,Apple,data/model1_body_shape\images\02659.png
89.5,68.7,79.9,154.5,InvertedTriangle,data/model1_body_shape\images\04615.png
96.0,68.8,79.0,159.5,InvertedTriangle,data/model1_body_shape\images\04628.png
95.2,88.7,92.0,163.7,Apple,data/model1_body_shape\images\02451.png
107.2,107.1,110.3,152.0,Apple,data/model1_body_shape\images\02846.png
85.4,72.0,100.5,166.2,Pear,data/model1_body_shape\images\01144.png
95.4,86.8,97.5,158.6,Rectangle,data/model1_body_shape\images\03078.png
89.3,76.0,102.7,164.5,Pear,data/model1_body_shape\images\01103.png
104.0,61.8,103.9,173.7,Hourglass,data/model1_body_shape\images\00168.png
104.4,101.5,114.3,159.4,Pear,data/model1_body_shape\images\01670.png
103.5,107.9,106.0,159.4,Apple,data/model1_body_shape\images\02570.png
89.8,85.4,92.0,157.4,Apple,data/model1_body_shape\images\02377.png
110.9,105.9,97.6,160.8,InvertedTriangle,data/model1_body_shape\images\04395.png
111.9,88.5,98.3,158.1,InvertedTriangle,data/model1_body_shape\images\04257.png
93.7,76.7,92.0,162.1,Rectangle,data/model1_body_shape\images\03862.png
92.7,62.6,91.3,161.4,Hourglass,data/model1_body_shape\images\00023.png
89.7,87.2,90.7,164.8,Apple,data/model1_body_shape\images\02633.png
94.8,84.2,90.4,153.1,Rectangle,data/model1_body_shape\images\03340.png
105.5,107.6,111.0,151.5,Apple,data/model1_body_shape\images\02215.png
88.5,72.2,88.9,155.7,Rectangle,data/model1_body_shape\images\03682.png
103.9,90.0,88.1,167.8,InvertedTriangle,data/model1_body_shape\images\04724.png
90.2,62.8,102.5,157.7,Pear,data/model1_body_shape\images\01907.png
104.5,81.1,100.1,158.4,Hourglass,data/model1_body_shape\images\00084.png
104.9,61.3,99.7,170.7,Hourglass,data/model1_body_shape\images\00227.png
103.0,81.6,108.7,152.1,Hourglass,data/model1_body_shape\images\00296.png
84.2,69.6,100.8,171.2,Pear,data/model1_body_shape\images\01001.png
103.8,104.6,100.0,166.6,Apple,data/model1_body_shape\images\02138.png
91.9,72.8,92.5,162.8,Hourglass,data/model1_body_shape\images\00711.png
110.2,105.0,109.4,172.3,Apple,data/model1_body_shape\images\02801.png
87.2,86.1,82.2,169.2,Apple,data/model1_body_shape\images\02527.png
104.0,90.4,103.3,162.8,Rectangle,data/model1_body_shape\images\03752.png
103.6,92.5,100.1,160.3,Rectangle,data/model1_body_shape\images\03321.png
97.2,82.4,91.7,167.0,Rectangle,data/model1_body_shape\images\03181.png
106.3,95.4,97.1,158.0,InvertedTriangle,data/model1_body_shape\images\04183.png
102.7,80.2,113.1,176.5,Pear,data/model1_body_shape\images\01615.png
101.0,94.3,106.2,178.3,Rectangle,data/model1_body_shape\images\03024.png
81.1,76.7,95.0,173.4,Pear,data/model1_body_shape\images\01413.png
88.4,59.0,85.1,159.5,Hourglass,data/model1_body_shape\images\00763.png
100.2,78.9,101.1,169.0,Hourglass,data/model1_body_shape\images\00655.png
96.8,65.2,79.1,165.5,InvertedTriangle,data/model1_body_shape\images\04797.png
87.0,75.4,87.8,154.3,Rectangle,data/model1_body_shape\images\03849.png
111.2,99.5,94.6,169.7,InvertedTriangle,data/model1_body_shape\images\04153.png
90.0,59.5,88.0,168.2,Hourglass,data/model1_body_shape\images\00468.png
82.9,58.3,81.4,154.8,Hourglass,data/model1_body_shape\images\00157.png
93.2,70.5,102.5,169.5,Pear,data/model1_body_shape\images\01295.png
102.2,82.4,101.6,160.0,Hourglass,data/model1_body_shape\images\00497.png
92.4,76.0,79.0,150.1,InvertedTriangle,data/model1_body_shape\images\04740.png
97.8,99.0,97.6,163.4,Apple,data/model1_body_shape\images\02940.png
93.4,79.0,92.1,170.6,Rectangle,data/model1_body_shape\images\03456.png
90.9,69.4,90.0,162.3,Hourglass,data/model1_body_shape\images\00373.png
89.1,70.0,94.5,174.1,Hourglass,data/model1_body_shape\images\00079.png
94.3,88.8,105.5,160.5,Pear,data/model1_body_shape\images\01553.png
91.9,77.2,108.2,170.8,Pear,data/model1_body_shape\images\01669.png
102.6,95.4,102.9,173.0,Apple,data/model1_body_shape\images\02131.png
108.4,70.6,96.0,159.5,InvertedTriangle,data/model1_body_shape\images\04439.png
105.7,84.9,111.5,167.2,Hourglass,data/model1_body_shape\images\00465.png
88.7,61.4,83.5,162.2,Hourglass,data/model1_body_shape\images\00248.png
90.3,61.2,87.4,165.7,Hourglass,data/model1_body_shape\images\00931.png
101.3,92.9,112.2,167.5,Pear,data/model1_body_shape\images\01335.png
89.9,81.3,77.9,174.3,InvertedTriangle,data/model1_body_shape\images\04524.png
104.0,77.5,118.0,151.5,Pear,data/model1_body_shape\images\01338.png
84.8,76.4,95.6,161.7,Pear,data/model1_body_shape\images\01406.png
89.1,66.5,102.1,162.5,Pear,data/model1_body_shape\images\01090.png
104.4,96.4,92.6,182.2,InvertedTriangle,data/model1_body_shape\images\04209.png
95.2,67.1,95.9,159.8,Hourglass,data/model1_body_shape\images\00742.png
101.8,97.1,96.6,155.4,Apple,data/model1_body_shape\images\02323.png
104.0,100.2,109.5,164.0,Rectangle,data/model1_body_shape\images\03601.png
103.6,102.1,106.5,145.3,Apple,data/model1_body_shape\images\02123.png
105.9,101.7,103.6,164.8,Apple,data/model1_body_shape\images\02094.png
85.9,60.1,86.6,161.4,Hourglass,data/model1_body_shape\images\00240.png
86.5,82.9,81.5,157.0,Apple,data/model1_body_shape\images\02351.png
95.0,69.7,108.0,157.5,Pear,data/model1_body_shape\images\01370.png
105.3,95.7,116.9,154.8,Pear,data/model1_body_shape\images\01057.png
98.2,92.2,83.3,159.9,InvertedTriangle,data/model1_body_shape\images\04816.png
96.3,60.3,91.8,154.3,Hourglass,data/model1_body_shape\images\00199.png
105.4,107.7,106.7,163.5,Apple,data/model1_body_shape\images\02280.png
97.9,86.6,81.3,160.5,InvertedTriangle,data/model1_body_shape\images\04749.png
87.4,87.4,90.1,165.9,Apple,data/model1_body_shape\images\02220.png
95.9,65.8,84.8,170.3,InvertedTriangle,data/model1_body_shape\images\04771.png
88.8,90.2,92.7,161.0,Apple,data/model1_body_shape\images\02819.png
87.7,75.8,83.5,170.7,Rectangle,data/model1_body_shape\images\03150.png
109.0,90.1,99.2,153.0,InvertedTriangle,data/model1_body_shape\images\04256.png
99.4,85.2,99.6,155.5,Rectangle,data/model1_body_shape\images\03107.png
90.8,64.8,102.1,151.9,Pear,data/model1_body_shape\images\01973.png
74.4,67.7,92.0,167.4,Pear,data/model1_body_shape\images\01375.png
92.5,84.1,93.5,171.3,Rectangle,data/model1_body_shape\images\03968.png
109.4,91.1,94.5,166.5,InvertedTriangle,data/model1_body_shape\images\04062.png
94.1,76.8,76.2,164.7,InvertedTriangle,data/model1_body_shape\images\04445.png
80.9,64.9,75.7,158.8,Rectangle,data/model1_body_shape\images\03557.png
102.4,64.7,107.5,159.8,Hourglass,data/model1_body_shape\images\00964.png
105.0,59.0,100.3,145.8,Hourglass,data/model1_body_shape\images\00179.png
90.5,76.5,85.6,167.6,Rectangle,data/model1_body_shape\images\03698.png
90.0,78.5,86.0,159.3,Rectangle,data/model1_body_shape\images\03821.png
88.1,70.4,75.4,171.6,InvertedTriangle,data/model1_body_shape\images\04878.png
87.9,77.5,83.1,145.0,Rectangle,data/model1_body_shape\images\03899.png
109.4,103.8,95.0,157.5,InvertedTriangle,data/model1_body_shape\images\04487.png
92.2,80.9,87.5,174.2,Rectangle,data/model1_body_shape\images\03238.png
92.1,86.4,91.5,166.8,Apple,data/model1_body_shape\images\02974.png
91.5,75.5,86.8,160.2,Rectangle,data/model1_body_shape\images\03580.png
91.9,89.8,87.6,161.5,Apple,data/model1_body_shape\images\02887.png
99.6,99.7,93.7,167.8,Apple,data/model1_body_shape\images\02575.png
97.2,65.3,115.1,158.1,Pear,data/model1_body_shape\images\01419.png
98.1,84.1,98.2,155.9,Rectangle,data/model1_body_shape\images\03907.png
102.1,87.5,89.5,158.9,InvertedTriangle,data/model1_body_shape\images\04673.png
103.3,77.7,88.5,166.5,InvertedTriangle,data/model1_body_shape\images\04902.png
79.2,73.1,92.7,160.8,Pear,data/model1_body_shape\images\01860.png
89.8,63.8,88.3,169.9,Hourglass,data/model1_body_shape\images\00008.png
106.1,101.7,105.1,162.7,Apple,data/model1_body_shape\images\02894.png
87.0,79.7,82.0,164.1,Apple,data/model1_body_shape\images\02847.png
85.9,75.3,82.3,162.9,Rectangle,data/model1_body_shape\images\03664.png
94.0,59.9,94.3,161.5,Hourglass,data/model1_body_shape\images\00144.png
86.5,88.4,82.6,164.8,Apple,data/model1_body_shape\images\02104.png
85.8,76.8,91.2,165.7,Rectangle,data/model1_body_shape\images\03143.png
82.7,64.2,85.6,167.4,Hourglass,data/model1_body_shape\images\00841.png
83.5,67.5,99.1,154.5,Pear,data/model1_body_shape\images\01128.png
99.6,70.6,98.9,163.6,Hourglass,data/model1_body_shape\images\00151.png
104.3,87.5,102.3,160.6,Rectangle,data/model1_body_shape\images\03591.png
101.9,81.3,115.2,176.0,Pear,data/model1_body_shape\images\01052.png
86.6,74.1,104.2,163.5,Pear,data/model1_body_shape\images\01590.png
98.7,84.4,93.6,160.0,Rectangle,data/model1_body_shape\images\03008.png
92.6,93.8,95.7,159.4,Apple,data/model1_body_shape\images\02029.png
104.7,92.6,103.5,163.8,Rectangle,data/model1_body_shape\images\03418.png
100.9,91.4,118.1,165.9,Pear,data/model1_body_shape\images\01807.png
93.0,85.6,87.4,153.3,Apple,data/model1_body_shape\images\02696.png
93.3,87.1,97.2,171.1,Rectangle,data/model1_body_shape\images\03039.png
96.0,70.1,90.2,164.8,Hourglass,data/model1_body_shape\images\00472.png
103.9,94.3,109.5,162.4,Rectangle,data/model1_body_shape\images\03289.png
111.7,91.0,96.2,158.2,InvertedTriangle,data/model1_body_shape\images\04074.png
92.9,79.9,89.2,165.8,Rectangle,data/model1_body_shape\images\03496.png
86.2,63.1,85.3,162.1,Hourglass,data/model1_body_shape\images\00279.png
83.5,72.8,92.8,145.0,Pear,data/model1_body_shape\images\01741.png
93.5,82.4,77.8,164.2,InvertedTriangle,data/model1_body_shape\images\04624.png
94.3,96.5,96.4,162.7,Apple,data/model1_body_shape\images\02886.png
108.8,97.4,119.7,163.7,Pear,data/model1_body_shape\images\01941.png
105.9,66.5,110.5,165.2,Hourglass,data/model1_body_shape\images\00100.png
102.7,106.5,102.7,164.2,Apple,data/model1_body_shape\images\02804.png
96.7,83.4,97.1,151.7,Rectangle,data/model1_body_shape\images\03570.png
84.4,70.9,80.9,173.6,Rectangle,data/model1_body_shape\images\03684.png
85.0,70.9,82.3,161.6,Rectangle,data/model1_body_shape\images\03661.png
94.8,70.8,92.5,163.4,Hourglass,data/model1_body_shape\images\00530.png
91.0,88.6,108.1,163.5,Pear,data/model1_body_shape\images\01886.png
87.0,61.6,83.2,160.3,Hourglass,data/model1_body_shape\images\00681.png
82.4,72.2,85.1,164.5,Rectangle,data/model1_body_shape\images\03794.png
84.7,68.1,80.8,150.6,Rectangle,data/model1_body_shape\images\03944.png
110.4,73.7,98.1,156.2,InvertedTriangle,data/model1_body_shape\images\04666.png
100.4,101.6,94.9,151.9,Apple,data/model1_body_shape\images\02018.png
78.5,66.4,92.1,158.2,Pear,data/model1_body_shape\images\01096.png
98.1,71.0,101.7,159.7,Hourglass,data/model1_body_shape\images\00829.png
108.1,110.3,111.4,161.0,Apple,data/model1_body_shape\images\02805.png
100.9,86.9,97.5,155.6,Rectangle,data/model1_body_shape\images\03829.png
92.8,79.1,77.2,160.5,InvertedTriangle,data/model1_body_shape\images\04381.png
100.8,86.1,96.4,155.3,Rectangle,data/model1_body_shape\images\03891.png
100.7,65.8,103.9,158.0,Hourglass,data/model1_body_shape\images\00764.png
104.0,97.7,99.6,177.5,Apple,data/model1_body_shape\images\02767.png
89.3,77.6,78.2,168.7,InvertedTriangle,data/model1_body_shape\images\04328.png
100.3,88.3,97.9,163.5,Rectangle,data/model1_body_shape\images\03295.png
89.6,88.8,85.3,163.8,Apple,data/model1_body_shape\images\02194.png
88.0,91.7,83.3,149.6,Apple,data/model1_body_shape\images\02357.png
84.5,71.3,85.8,159.6,Rectangle,data/model1_body_shape\images\03425.png
82.0,74.4,87.5,168.4,Rectangle,data/model1_body_shape\images\03979.png
103.1,72.3,100.9,165.1,Hourglass,data/model1_body_shape\images\00911.png
98.1,88.3,97.1,160.6,Rectangle,data/model1_body_shape\images\03145.png
93.5,67.0,98.4,172.4,Hourglass,data/model1_body_shape\images\00999.png
80.9,70.9,78.9,154.3,Rectangle,data/model1_body_shape\images\03653.png
111.5,107.3,107.6,149.2,Apple,data/model1_body_shape\images\02483.png
88.5,69.4,72.7,168.2,InvertedTriangle,data/model1_body_shape\images\04076.png
99.7,102.7,95.4,148.4,Apple,data/model1_body_shape\images\02370.png
104.0,96.7,93.7,167.6,InvertedTriangle,data/model1_body_shape\images\04838.png
95.9,68.7,94.1,160.4,Hourglass,data/model1_body_shape\images\00033.png
99.5,88.0,94.3,169.8,Rectangle,data/model1_body_shape\images\03789.png
90.1,69.0,106.0,152.5,Pear,data/model1_body_shape\images\01020.png
104.1,75.6,114.9,161.7,Pear,data/model1_body_shape\images\01647.png
90.1,58.1,86.0,157.4,Hourglass,data/model1_body_shape\images\00733.png
95.2,85.5,82.0,156.8,InvertedTriangle,data/model1_body_shape\images\04582.png
87.0,70.8,83.2,155.1,Rectangle,data/model1_body_shape\images\03274.png
80.4,64.8,93.4,176.8,Pear,data/model1_body_shape\images\01620.png
87.1,76.0,84.5,156.9,Rectangle,data/model1_body_shape\images\03135.png
104.5,105.2,100.0,159.7,Apple,data/model1_body_shape\images\02689.png
110.2,111.8,112.7,165.5,Apple,data/model1_body_shape\images\02707.png
87.3,61.3,89.2,151.4,Hourglass,data/model1_body_shape\images\00297.png
101.7,98.7,105.1,157.4,Apple,data/model1_body_shape\images\02339.png
97.1,67.1,97.4,155.3,Hourglass,data/model1_body_shape\images\00653.png
99.5,87.4,102.5,178.1,Rectangle,data/model1_body_shape\images\03774.png
85.7,74.0,99.7,150.3,Pear,data/model1_body_shape\images\01255.png
92.9,86.3,81.8,165.7,InvertedTriangle,data/model1_body_shape\images\04520.png
102.4,77.4,103.5,165.4,Hourglass,data/model1_body_shape\images\00230.png
89.2,76.2,87.7,171.9,Rectangle,data/model1_body_shape\images\03276.png
90.4,78.2,89.8,176.5,Rectangle,data/model1_body_shape\images\03230.png
98.5,79.0,99.0,160.8,Hourglass,data/model1_body_shape\images\00691.png
103.5,100.7,99.4,172.4,Apple,data/model1_body_shape\images\02754.png
98.8,94.8,89.4,159.9,InvertedTriangle,data/model1_body_shape\images\04863.png
103.1,80.3,103.7,159.9,Hourglass,data/model1_body_shape\images\00969.png
94.0,75.1,95.7,158.2,Hourglass,data/model1_body_shape\images\00633.png
104.0,73.9,94.0,169.4,InvertedTriangle,data/model1_body_shape\images\04092.png
109.7,93.9,99.2,165.8,InvertedTriangle,data/model1_body_shape\images\04077.png
93.0,63.2,109.8,160.5,Pear,data/model1_body_shape\images\01321.png
89.6,86.2,102.0,156.3,Pear,data/model1_body_shape\images\01831.png
106.8,106.0,111.1,149.0,Apple,data/model1_body_shape\images\02178.png
79.1,73.6,93.6,164.8,Pear,data/model1_body_shape\images\01417.png
81.3,66.5,93.9,151.8,Pear,data/model1_body_shape\images\01782.png
97.9,78.7,80.9,153.2,InvertedTriangle,data/model1_body_shape\images\04715.png
94.3,74.7,76.3,166.1,InvertedTriangle,data/model1_body_shape\images\04701.png
92.3,81.4,75.7,155.1,InvertedTriangle,data/model1_body_shape\images\04118.png
106.5,98.1,116.7,161.7,Pear,data/model1_body_shape\images\01652.png
89.0,86.3,107.0,156.6,Pear,data/model1_body_shape\images\01483.png
101.9,95.9,97.4,169.3,Apple,data/model1_body_shape\images\02275.png
96.2,62.9,92.1,160.4,Hourglass,data/model1_body_shape\images\00877.png
102.9,92.0,98.3,154.0,Rectangle,data/model1_body_shape\images\03525.png
101.8,101.6,101.1,164.4,Apple,data/model1_body_shape\images\02016.png
89.2,62.5,92.5,168.9,Hourglass,data/model1_body_shape\images\00426.png
97.0,61.2,102.0,164.3,Hourglass,data/model1_body_shape\images\00626.png
99.3,62.6,110.2,160.1,Pear,data/model1_body_shape\images\01589.png
86.1,82.4,87.5,162.0,Apple,data/model1_body_shape\images\02223.png
107.0,107.2,112.5,164.2,Apple,data/model1_body_shape\images\02217.png
105.6,71.5,90.0,160.7,InvertedTriangle,data/model1_body_shape\images\04483.png
92.2,85.3,106.0,167.1,Pear,data/model1_body_shape\images\01485.png
97.1,94.4,106.8,161.3,Pear,data/model1_body_shape\images\01739.png
97.6,91.6,95.3,145.0,Apple,data/model1_body_shape\images\02480.png
98.3,90.5,93.3,158.7,Apple,data/model1_body_shape\images\02584.png
94.7,90.3,96.6,152.3,Apple,data/model1_body_shape\images\02893.png
93.5,73.8,96.6,145.1,Hourglass,data/model1_body_shape\images\00149.png
100.8,66.1,96.5,160.1,Hourglass,data/model1_body_shape\images\00676.png
101.5,83.8,112.1,166.4,Pear,data/model1_body_shape\images\01261.png
104.9,89.3,94.5,179.0,InvertedTriangle,data/model1_body_shape\images\04917.png
98.4,61.6,94.1,162.5,Hourglass,data/model1_body_shape\images\00012.png
81.9,66.7,93.0,159.1,Pear,data/model1_body_shape\images\01833.png
91.1,79.1,88.5,166.7,Rectangle,data/model1_body_shape\images\03248.png
80.2,72.6,93.7,171.3,Pear,data/model1_body_shape\images\01491.png
109.3,111.2,110.6,155.2,Apple,data/model1_body_shape\images\02727.png
87.2,79.3,91.4,178.9,Rectangle,data/model1_body_shape\images\03686.png
94.1,89.6,109.2,161.4,Pear,data/model1_body_shape\images\01424.png
108.4,89.7,91.8,172.5,InvertedTriangle,data/model1_body_shape\images\04605.png
97.6,85.4,81.7,150.0,InvertedTriangle,data/model1_body_shape\images\04595.png
101.2,80.0,106.7,164.1,Hourglass,data/model1_body_shape\images\00731.png
101.6,68.0,112.0,155.0,Pear,data/model1_body_shape\images\01231.png
95.1,83.5,106.4,168.8,Pear,data/model1_body_shape\images\01634.png
97.0,83.8,92.2,167.4,Rectangle,data/model1_body_shape\images\03936.png
96.5,84.1,107.5,163.3,Pear,data/model1_body_shape\images\01210.png
85.4,73.5,89.3,157.5,Rectangle,data/model1_body_shape\images\03268.png
81.9,68.8,98.8,159.2,Pear,data/model1_body_shape\images\01934.png
97.7,71.0,95.8,149.0,Hourglass,data/model1_body_shape\images\00553.png
93.1,70.6,98.4,152.5,Hourglass,data/model1_body_shape\images\00491.png
102.5,106.9,107.2,161.5,Apple,data/model1_body_shape\images\02962.png
98.8,101.6,103.9,161.0,Apple,data/model1_body_shape\images\02329.png
101.5,104.3,105.2,157.9,Apple,data/model1_body_shape\images\02195.png
82.6,76.6,87.2,160.7,Rectangle,data/model1_body_shape\images\03064.png
102.3,69.1,108.2,167.0,Hourglass,data/model1_body_shape\images\00657.png
103.0,98.6,103.7,164.9,Apple,data/model1_body_shape\images\02374.png
99.1,102.1,97.0,157.2,Apple,data/model1_body_shape\images\02225.png
101.2,75.5,87.3,164.5,InvertedTriangle,data/model1_body_shape\images\04264.png
85.3,74.6,97.4,162.3,Pear,data/model1_body_shape\images\01170.png
91.3,58.2,93.0,167.5,Hourglass,data/model1_body_shape\images\00132.png
97.7,59.2,95.0,165.3,Hourglass,data/model1_body_shape\images\00471.png
85.7,72.1,85.4,160.6,Rectangle,data/model1_body_shape\images\03225.png
100.1,62.6,112.9,160.4,Pear,data/model1_body_shape\images\01405.png
88.9,86.0,85.4,174.4,Apple,data/model1_body_shape\images\02876.png
108.4,93.3,91.6,163.5,InvertedTriangle,data/model1_body_shape\images\04504.png
95.0,75.3,78.3,153.4,InvertedTriangle,data/model1_body_shape\images\04692.png
104.4,99.9,100.4,156.7,Apple,data/model1_body_shape\images\02826.png
83.3,58.6,77.3,160.3,Hourglass,data/model1_body_shape\images\00287.png
105.4,96.0,118.9,162.4,Pear,data/model1_body_shape\images\01869.png
94.2,83.3,93.4,158.2,Rectangle,data/model1_body_shape\images\03114.png
86.0,75.2,86.3,156.2,Rectangle,data/model1_body_shape\images\03625.png
90.5,98.4,95.8,156.2,Apple,data/model1_body_shape\images\02312.png
110.5,77.6,95.8,155.0,InvertedTriangle,data/model1_body_shape\images\04923.png
108.3,63.2,120.0,162.2,Pear,data/model1_body_shape\images\01618.png
85.9,60.6,87.2,164.8,Hourglass,data/model1_body_shape\images\00994.png
105.3,97.6,117.6,158.2,Pear,data/model1_body_shape\images\01803.png
92.0,92.0,94.7,171.2,Apple,data/model1_body_shape\images\02642.png
108.8,82.3,93.9,167.0,InvertedTriangle,data/model1_body_shape\images\04802.png
88.5,77.5,89.9,163.2,Rectangle,data/model1_body_shape\images\03535.png
95.2,86.4,85.4,151.1,InvertedTriangle,data/model1_body_shape\images\04831.png
93.3,78.6,91.9,161.6,Rectangle,data/model1_body_shape\images\03911.png
96.5,100.4,101.2,159.1,Apple,data/model1_body_shape\images\02107.png
91.9,80.7,88.4,153.1,Rectangle,data/model1_body_shape\images\03044.png
100.7,76.0,106.0,168.8,Hourglass,data/model1_body_shape\images\00416.png
84.2,58.6,79.1,156.8,Hourglass,data/model1_body_shape\images\00977.png
96.0,96.6,96.9,159.4,Apple,data/model1_body_shape\images\02417.png
90.3,59.3,89.3,164.7,Hourglass,data/model1_body_shape\images\00505.png
99.9,94.2,87.4,160.0,InvertedTriangle,data/model1_body_shape\images\04152.png
107.9,74.2,95.6,174.2,InvertedTriangle,data/model1_body_shape\images\04255.png
97.6,89.4,99.0,168.6,Rectangle,data/model1_body_shape\images\03941.png
102.4,59.2,99.1,169.5,Hourglass,data/model1_body_shape\images\00414.png
94.6,74.5,79.9,170.6,InvertedTriangle,data/model1_body_shape\images\04148.png
97.0,85.4,108.0,158.9,Pear,data/model1_body_shape\images\01183.png
100.3,80.0,106.0,156.5,Hourglass,data/model1_body_shape\images\00485.png
87.3,58.0,92.5,159.8,Hourglass,data/model1_body_shape\images\00893.png
93.3,67.6,99.0,163.2,Hourglass,data/model1_body_shape\images\00805.png
89.7,64.5,88.1,167.1,Hourglass,data/model1_body_shape\images\00555.png
101.6,84.6,99.5,164.8,Rectangle,data/model1_body_shape\images\03825.png
99.0,76.1,111.7,156.4,Pear,data/model1_body_shape\images\01197.png
102.2,94.0,91.6,169.1,InvertedTriangle,data/model1_body_shape\images\04253.png
106.3,84.5,94.2,160.2,InvertedTriangle,data/model1_body_shape\images\04058.png
84.4,71.2,94.0,151.9,Pear,data/model1_body_shape\images\01293.png
93.7,89.6,93.7,152.9,Apple,data/model1_body_shape\images\02221.png
92.4,78.6,89.8,156.7,Rectangle,data/model1_body_shape\images\03504.png
98.8,84.5,100.1,156.2,Rectangle,data/model1_body_shape\images\03654.png
108.2,98.2,94.9,163.2,InvertedTriangle,data/model1_body_shape\images\04758.png
80.5,66.9,79.9,146.6,Rectangle,data/model1_body_shape\images\03006.png
96.9,103.8,100.5,164.9,Apple,data/model1_body_shape\images\02093.png
111.0,112.2,116.4,177.3,Apple,data/model1_body_shape\images\02187.png
93.0,82.5,98.1,156.3,Rectangle,data/model1_body_shape\images\03036.png
104.5,90.6,100.7,167.6,Rectangle,data/model1_body_shape\images\03918.png
93.5,63.2,107.5,150.9,Pear,data/model1_body_shape\images\01272.png
101.7,66.2,96.8,171.0,Hourglass,data/model1_body_shape\images\00290.png
101.0,82.8,90.8,163.0,InvertedTriangle,data/model1_body_shape\images\04827.png
86.3,66.7,88.4,166.4,Hourglass,data/model1_body_shape\images\00252.png
96.3,82.4,98.2,165.2,Rectangle,data/model1_body_shape\images\03245.png
101.9,79.8,107.6,150.8,Hourglass,data/model1_body_shape\images\00350.png
90.7,85.2,108.4,156.5,Pear,data/model1_body_shape\images\01187.png
92.9,76.7,109.3,152.2,Pear,data/model1_body_shape\images\01961.png
105.1,84.7,107.7,178.7,Hourglass,data/model1_body_shape\images\00422.png
97.8,74.1,96.8,167.7,Hourglass,data/model1_body_shape\images\00090.png
98.4,85.1,95.4,164.3,Rectangle,data/model1_body_shape\images\03729.png
97.7,102.6,99.9,159.5,Apple,data/model1_body_shape\images\02236.png
94.8,72.2,93.4,155.3,Hourglass,data/model1_body_shape\images\00670.png
93.6,83.2,96.0,166.5,Rectangle,data/model1_body_shape\images\03040.png
100.7,69.1,103.3,160.6,Hourglass,data/model1_body_shape\images\00026.png
90.4,58.4,94.7,161.0,Hourglass,data/model1_body_shape\images\00429.png
103.2,81.6,106.7,168.7,Hourglass,data/model1_body_shape\images\00683.png
103.5,65.9,91.6,165.4,InvertedTriangle,data/model1_body_shape\images\04463.png
83.6,73.3,81.4,157.5,Rectangle,data/model1_body_shape\images\03945.png
84.9,75.4,82.7,169.2,Rectangle,data/model1_body_shape\images\03523.png
76.3,62.4,92.9,165.5,Pear,data/model1_body_shape\images\01541.png
102.2,105.9,105.8,176.3,Apple,data/model1_body_shape\images\02031.png
97.1,104.4,102.3,173.8,Apple,data/model1_body_shape\images\02232.png
90.6,71.0,73.0,159.4,InvertedTriangle,data/model1_body_shape\images\04120.png
89.1,74.9,83.2,175.7,Rectangle,data/model1_body_shape\images\03235.png
94.8,63.7,96.7,172.4,Hourglass,data/model1_body_shape\images\00254.png
92.4,77.3,103.6,168.1,Pear,data/model1_body_shape\images\01029.png
105.3,93.1,92.0,170.4,InvertedTriangle,data/model1_body_shape\images\04392.png
94.1,80.4,96.9,154.4,Rectangle,data/model1_body_shape\images\03800.png
102.5,80.7,91.0,165.3,InvertedTriangle,data/model1_body_shape\images\04310.png
94.5,90.9,98.8,157.5,Apple,data/model1_body_shape\images\02509.png
89.0,85.3,86.7,154.5,Apple,data/model1_body_shape\images\02292.png
85.7,78.1,101.6,155.0,Pear,data/model1_body_shape\images\01323.png
100.6,84.5,118.3,161.7,Pear,data/model1_body_shape\images\01550.png
107.8,68.7,91.2,153.4,InvertedTriangle,data/model1_body_shape\images\04647.png
94.0,75.4,93.9,162.6,Hourglass,data/model1_body_shape\images\00315.png
87.3,72.2,96.7,159.6,Pear,data/model1_body_shape\images\01242.png
95.3,101.6,99.2,165.8,Apple,data/model1_body_shape\images\02450.png
96.4,90.2,106.6,171.9,Pear,data/model1_body_shape\images\01578.png
109.1,97.0,93.0,155.4,InvertedTriangle,data/model1_body_shape\images\04625.png
89.8,78.4,91.3,156.0,Rectangle,data/model1_body_shape\images\03116.png
89.6,69.9,89.7,156.9,Hourglass,data/model1_body_shape\images\00069.png
101.0,65.5,102.5,154.5,Hourglass,data/model1_body_shape\images\00859.png
95.7,97.5,90.3,165.0,Apple,data/model1_body_shape\images\02753.png
93.1,67.2,108.8,175.2,Pear,data/model1_body_shape\images\01632.png
93.0,72.9,106.7,156.6,Pear,data/model1_body_shape\images\01650.png
105.0,95.2,99.8,146.2,Rectangle,data/model1_body_shape\images\03860.png
85.3,74.0,82.4,161.1,Rectangle,data/model1_body_shape\images\03106.png
107.9,103.2,117.8,155.3,Pear,data/model1_body_shape\images\01074.png
95.2,76.9,82.7,158.3,InvertedTriangle,data/model1_body_shape\images\04001.png
90.8,62.5,84.8,167.3,Hourglass,data/model1_body_shape\images\00787.png
87.4,86.8,83.4,166.0,Apple,data/model1_body_shape\images\02605.png
99.8,89.1,100.4,156.4,Rectangle,data/model1_body_shape\images\03630.png
105.3,106.6,107.3,164.0,Apple,data/model1_body_shape\images\02121.png
106.1,75.5,117.7,155.9,Pear,data/model1_body_shape\images\01874.png
99.0,76.9,101.5,170.1,Hourglass,data/model1_body_shape\images\00811.png
97.4,79.4,101.8,145.0,Hourglass,data/model1_body_shape\images\00387.png
92.0,97.6,95.3,159.6,Apple,data/model1_body_shape\images\02882.png
97.8,63.7,112.9,161.7,Pear,data/model1_body_shape\images\01175.png
90.3,78.4,93.9,160.6,Rectangle,data/model1_body_shape\images\03197.png
96.4,100.4,100.2,160.2,Apple,data/model1_body_shape\images\02623.png
98.4,87.4,114.7,148.5,Pear,data/model1_body_shape\images\01351.png
88.4,60.5,85.7,162.6,Hourglass,data/model1_body_shape\images\00410.png
90.1,68.2,72.3,166.0,InvertedTriangle,data/model1_body_shape\images\04212.png
102.4,74.4,98.3,155.8,Hourglass,data/model1_body_shape\images\00109.png
91.6,72.6,74.9,166.6,InvertedTriangle,data/model1_body_shape\images\04995.png
93.4,86.0,99.0,165.8,Rectangle,data/model1_body_shape\images\03429.png
92.4,88.5,90.7,161.6,Apple,data/model1_body_shape\images\02809.png
90.5,90.0,89.3,149.1,Apple,data/model1_body_shape\images\02594.png
90.1,92.8,85.0,162.4,Apple,data/model1_body_shape\images\02836.png
95.4,95.4,97.1,157.4,Apple,data/model1_body_shape\images\02372.png
90.3,67.5,103.5,157.5,Pear,data/model1_body_shape\images\01235.png
102.8,106.2,100.6,171.8,Apple,data/model1_body_shape\images\02146.png
96.0,67.8,79.1,156.4,InvertedTriangle,data/model1_body_shape\images\04975.png
94.9,60.0,94.7,169.8,Hourglass,data/model1_body_shape\images\00599.png
97.9,86.5,111.8,166.8,Pear,data/model1_body_shape\images\01434.png
104.4,98.6,88.6,171.0,InvertedTriangle,data/model1_body_shape\images\04996.png
92.2,65.1,90.2,156.3,Hourglass,data/model1_body_shape\images\00538.png
83.4,62.2,88.5,154.7,Hourglass,data/model1_body_shape\images\00721.png
109.8,91.6,97.0,172.6,InvertedTriangle,data/model1_body_shape\images\04410.png
83.5,62.1,93.5,162.6,Pear,data/model1_body_shape\images\01872.png
108.7,108.7,111.5,154.9,Apple,data/model1_body_shape\images\02845.png
97.0,103.1,100.0,155.1,Apple,data/model1_body_shape\images\02053.png
88.5,90.6,86.7,166.9,Apple,data/model1_body_shape\images\02907.png
89.1,81.3,85.5,154.8,Apple,data/model1_body_shape\images\02254.png
102.2,91.0,101.9,171.6,Rectangle,data/model1_body_shape\images\03912.png
86.4,59.1,87.2,158.8,Hourglass,data/model1_body_shape\images\00177.png
101.3,100.3,97.5,172.5,Apple,data/model1_body_shape\images\02890.png
97.6,81.2,95.0,175.3,Rectangle,data/model1_body_shape\images\03673.png
89.9,69.8,90.3,165.1,Hourglass,data/model1_body_shape\images\00080.png
91.8,87.4,92.8,161.5,Apple,data/model1_body_shape\images\02561.png
98.2,86.4,113.7,156.6,Pear,data/model1_body_shape\images\01723.png
95.2,68.8,104.6,169.5,Pear,data/model1_body_shape\images\01617.png
103.3,74.6,115.7,163.1,Pear,data/model1_body_shape\images\01654.png
94.7,92.3,90.8,159.4,Apple,data/model1_body_shape\images\02328.png
89.5,66.9,80.1,162.4,InvertedTriangle,data/model1_body_shape\images\04613.png
104.9,60.6,101.8,161.6,Hourglass,data/model1_body_shape\images\00221.png
104.5,68.6,103.7,172.4,Hourglass,data/model1_body_shape\images\00093.png
103.0,107.5,104.1,156.8,Apple,data/model1_body_shape\images\02609.png
81.2,71.3,82.6,154.8,Rectangle,data/model1_body_shape\images\03382.png
109.0,77.0,99.6,161.0,InvertedTriangle,data/model1_body_shape\images\04415.png
104.0,74.1,113.5,167.1,Pear,data/model1_body_shape\images\01397.png
99.7,75.4,86.2,176.9,InvertedTriangle,data/model1_body_shape\images\04686.png
87.6,63.2,96.8,167.0,Pear,data/model1_body_shape\images\01292.png
98.8,102.6,101.6,162.7,Apple,data/model1_body_shape\images\02164.png
109.8,113.7,114.0,165.2,Apple,data/model1_body_shape\images\02939.png
94.5,83.6,95.9,156.8,Rectangle,data/model1_body_shape\images\03668.png
94.8,59.8,92.7,159.6,Hourglass,data/model1_body_shape\images\00812.png
90.5,75.3,102.0,167.9,Pear,data/model1_body_shape\images\01258.png
101.2,69.6,99.9,160.7,Hourglass,data/model1_body_shape\images\00889.png
87.9,84.5,104.9,168.1,Pear,data/model1_body_shape\images\01451.png
94.5,78.1,91.0,156.5,Rectangle,data/model1_body_shape\images\03316.png
104.5,104.9,108.7,162.9,Apple,data/model1_body_shape\images\02559.png
87.3,81.0,92.1,166.9,Rectangle,data/model1_body_shape\images\03574.png
92.5,86.4,93.6,163.9,Apple,data/model1_body_shape\images\02680.png
95.7,85.4,86.2,163.1,InvertedTriangle,data/model1_body_shape\images\04651.png
106.7,97.2,97.4,165.1,InvertedTriangle,data/model1_body_shape\images\04811.png
95.1,81.8,81.9,169.1,InvertedTriangle,data/model1_body_shape\images\04679.png
97.8,92.8,94.7,159.1,Apple,data/model1_body_shape\images\02964.png
106.7,102.3,101.1,165.2,Apple,data/model1_body_shape\images\02672.png
105.7,60.7,105.2,155.9,Hourglass,data/model1_body_shape\images\00561.png
102.8,96.4,104.2,158.4,Apple,data/model1_body_shape\images\02778.png
106.6,99.2,101.1,152.2,Apple,data/model1_body_shape\images\02948.png
96.9,90.6,91.4,151.0,Apple,data/model1_body_shape\images\02817.png
97.1,96.9,98.9,163.7,Apple,data/model1_body_shape\images\02758.png
98.1,89.1,114.7,154.8,Pear,data/model1_body_shape\images\01756.png
99.0,58.2,105.0,162.9,Hourglass,data/model1_body_shape\images\00724.png
93.2,63.1,89.6,164.0,Hourglass,data/model1_body_shape\images\00219.png
102.6,85.9,90.4,165.0,InvertedTriangle,data/model1_body_shape\images\04139.png
86.4,77.1,89.6,154.5,Rectangle,data/model1_body_shape\images\03957.png
81.9,79.3,97.5,156.0,Pear,data/model1_body_shape\images\01588.png
83.9,73.8,82.6,160.2,Rectangle,data/model1_body_shape\images\03347.png
85.9,69.7,80.9,155.6,Rectangle,data/model1_body_shape\images\03970.png
106.5,83.1,95.8,157.8,InvertedTriangle,data/model1_body_shape\images\04707.png
88.1,60.0,93.4,158.8,Hourglass,data/model1_body_shape\images\00043.png
96.0,80.9,96.0,159.3,Rectangle,data/model1_body_shape\images\03001.png
98.4,75.5,94.2,158.6,Hourglass,data/model1_body_shape\images\00210.png
82.1,60.0,79.7,172.1,Hourglass,data/model1_body_shape\images\00677.png
84.2,60.4,79.1,155.6,Hourglass,data/model1_body_shape\images\00354.png
85.1,66.7,98.8,164.5,Pear,data/model1_body_shape\images\01433.png
89.9,66.7,95.1,166.4,Hourglass,data/model1_body_shape\images\00949.png
91.8,94.6,86.4,161.7,Apple,data/model1_body_shape\images\02843.png
105.7,63.2,102.2,158.2,Hourglass,data/model1_body_shape\images\00577.png
104.3,88.8,105.6,173.8,Rectangle,data/model1_body_shape\images\03928.png
95.5,59.1,98.2,155.4,Hourglass,data/model1_body_shape\images\00544.png
93.7,65.3,93.4,164.5,Hourglass,data/model1_body_shape\images\00367.png
86.9,82.1,101.2,160.3,Pear,data/model1_body_shape\images\01612.png
92.3,83.2,89.5,165.6,Rectangle,data/model1_body_shape\images\03550.png
101.9,90.9,96.9,154.6,Rectangle,data/model1_body_shape\images\03716.png
100.1,92.0,101.9,162.2,Rectangle,data/model1_body_shape\images\03779.png
85.4,61.4,84.8,172.2,Hourglass,data/model1_body_shape\images\00135.png
111.8,70.1,102.6,166.6,InvertedTriangle,data/model1_body_shape\images\04480.png
101.6,92.8,114.7,158.2,Pear,data/model1_body_shape\images\01437.png
99.9,77.7,97.1,152.4,Hourglass,data/model1_body_shape\images\00047.png
90.5,88.4,104.6,160.6,Pear,data/model1_body_shape\images\01360.png
105.3,72.5,100.5,162.6,Hourglass,data/model1_body_shape\images\00734.png
89.5,62.9,102.4,157.5,Pear,data/model1_body_shape\images\01534.png
91.5,85.8,92.9,166.4,Apple,data/model1_body_shape\images\02004.png
84.9,69.5,80.2,149.9,Rectangle,data/model1_body_shape\images\03795.png
87.1,83.4,85.2,175.9,Apple,data/model1_body_shape\images\02519.png
107.3,98.3,116.8,165.4,Pear,data/model1_body_shape\images\01972.png
88.0,59.0,87.4,152.0,Hourglass,data/model1_body_shape\images\00996.png
96.5,70.4,101.0,158.3,Hourglass,data/model1_body_shape\images\00061.png
81.7,79.6,96.6,168.8,Pear,data/model1_body_shape\images\01108.png
87.5,84.7,88.1,169.9,Apple,data/model1_body_shape\images\02405.png
91.0,68.8,96.9,167.9,Hourglass,data/model1_body_shape\images\00095.png
87.4,60.1,81.9,158.8,Hourglass,data/model1_body_shape\images\00478.png
102.7,73.4,90.4,172.2,InvertedTriangle,data/model1_body_shape\images\04359.png
91.6,72.3,74.4,157.7,InvertedTriangle,data/model1_body_shape\images\04112.png
81.5,69.6,84.9,164.0,Rectangle,data/model1_body_shape\images\03707.png
88.6,63.0,100.3,158.7,Pear,data/model1_body_shape\images\01101.png
95.0,96.9,99.8,158.1,Apple,data/model1_body_shape\images\02746.png
96.4,101.0,98.8,160.2,Apple,data/model1_body_shape\images\02170.png
84.3,61.1,80.3,162.7,Hourglass,data/model1_body_shape\images\00322.png
100.7,87.0,91.1,168.7,InvertedTriangle,data/model1_body_shape\images\04254.png
92.3,81.1,88.7,154.4,Rectangle,data/model1_body_shape\images\03142.png
98.4,88.7,92.6,168.9,Rectangle,data/model1_body_shape\images\03537.png
95.8,91.7,84.4,152.9,InvertedTriangle,data/model1_body_shape\images\04925.png
87.2,86.5,87.5,158.3,Apple,data/model1_body_shape\images\02924.png
92.6,69.8,104.5,163.3,Pear,data/model1_body_shape\images\01149.png
92.6,80.8,89.3,171.0,Rectangle,data/model1_body_shape\images\03617.png
88.2,64.1,91.2,162.0,Hourglass,data/model1_body_shape\images\00291.png
96.9,81.8,96.5,165.9,Rectangle,data/model1_body_shape\images\03749.png
99.0,92.8,102.5,163.7,Rectangle,data/model1_body_shape\images\03586.png
105.9,60.8,109.1,157.0,Hourglass,data/model1_body_shape\images\00533.png
103.7,91.0,105.1,157.6,Rectangle,data/model1_body_shape\images\03607.png
105.7,110.0,111.1,169.3,Apple,data/model1_body_shape\images\02648.png
99.6,94.0,87.1,163.7,InvertedTriangle,data/model1_body_shape\images\04810.png
82.5,66.3,95.8,168.0,Pear,data/model1_body_shape\images\01983.png
110.3,114.1,116.2,165.9,Apple,data/model1_body_shape\images\02932.png
100.8,84.9,112.1,152.6,Pear,data/model1_body_shape\images\01536.png
89.8,68.0,71.9,163.4,InvertedTriangle,data/model1_body_shape\images\04534.png
101.6,86.2,84.4,162.0,InvertedTriangle,data/model1_body_shape\images\04172.png
91.9,85.1,94.9,161.3,Rectangle,data/model1_body_shape\images\03360.png
85.0,70.2,82.8,158.0,Rectangle,data/model1_body_shape\images\03665.png
111.9,74.3,96.4,165.1,InvertedTriangle,data/model1_body_shape\images\04005.png
80.3,66.0,78.2,163.9,Rectangle,data/model1_body_shape\images\03626.png
83.2,64.2,83.0,165.5,Hourglass,data/model1_body_shape\images\00586.png
81.7,71.4,76.9,159.8,Rectangle,data/model1_body_shape\images\03256.png
96.2,100.0,95.3,164.9,Apple,data/model1_body_shape\images\02298.png
92.6,78.4,87.5,146.8,Rectangle,data/model1_body_shape\images\03988.png
95.2,72.5,94.3,175.5,Hourglass,data/model1_body_shape\images\00584.png
92.5,94.6,94.3,168.9,Apple,data/model1_body_shape\images\02423.png
103.6,84.0,117.5,163.9,Pear,data/model1_body_shape\images\01391.png
103.4,87.4,88.1,160.6,InvertedTriangle,data/model1_body_shape\images\04525.png
97.1,91.5,81.1,166.6,InvertedTriangle,data/model1_body_shape\images\04920.png
91.7,86.3,75.6,151.8,InvertedTriangle,data/model1_body_shape\images\04800.png
81.9,71.5,77.7,161.2,Rectangle,data/model1_body_shape\images\03240.png
111.9,94.8,101.0,156.3,InvertedTriangle,data/model1_body_shape\images\04281.png
83.3,71.4,87.9,166.9,Rectangle,data/model1_body_shape\images\03338.png
89.6,75.8,84.4,156.3,Rectangle,data/model1_body_shape\images\03220.png
110.6,110.4,114.9,158.4,Apple,data/model1_body_shape\images\02111.png
105.6,71.8,117.7,155.0,Pear,data/model1_body_shape\images\01174.png
102.4,73.1,92.2,168.4,InvertedTriangle,data/model1_body_shape\images\04862.png
87.5,78.5,91.6,157.1,Rectangle,data/model1_body_shape\images\03811.png
101.1,68.4,113.6,149.0,Pear,data/model1_body_shape\images\01867.png
106.2,109.9,106.4,159.3,Apple,data/model1_body_shape\images\02614.png
82.8,74.4,86.4,152.8,Rectangle,data/model1_body_shape\images\03866.png
102.1,74.5,87.5,166.2,InvertedTriangle,data/model1_body_shape\images\04885.png
88.2,77.2,86.0,162.4,Rectangle,data/model1_body_shape\images\03778.png
90.8,81.2,96.8,164.9,Rectangle,data/model1_body_shape\images\03846.png
90.7,92.1,92.2,162.7,Apple,data/model1_body_shape\images\02416.png
83.0,58.8,79.2,176.7,Hourglass,data/model1_body_shape\images\00070.png
91.7,67.6,79.5,166.2,InvertedTriangle,data/model1_body_shape\images\04880.png
92.8,62.9,102.3,167.7,Pear,data/model1_body_shape\images\01126.png
101.7,82.0,90.6,163.5,InvertedTriangle,data/model1_body_shape\images\04024.png
101.5,90.1,99.7,172.3,Rectangle,data/model1_body_shape\images\03250.png
99.5,89.8,104.9,155.8,Rectangle,data/model1_body_shape\images\03901.png
83.2,72.3,99.2,163.7,Pear,data/model1_body_shape\images\01095.png
89.0,65.4,73.8,155.0,InvertedTriangle,data/model1_body_shape\images\04545.png
84.8,79.6,101.5,151.5,Pear,data/model1_body_shape\images\01212.png
99.1,92.4,102.8,164.7,Rectangle,data/model1_body_shape\images\03921.png
97.4,88.3,112.1,163.6,Pear,data/model1_body_shape\images\01425.png
102.7,89.5,102.8,169.9,Rectangle,data/model1_body_shape\images\03066.png
89.5,68.3,80.2,160.7,InvertedTriangle,data/model1_body_shape\images\04519.png
103.0,99.7,103.0,162.2,Apple,data/model1_body_shape\images\02100.png
89.4,58.6,90.2,152.4,Hourglass,data/model1_body_shape\images\00807.png
103.9,94.1,90.1,165.4,InvertedTriangle,data/model1_body_shape\images\04743.png
102.1,88.0,98.6,149.4,Rectangle,data/model1_body_shape\images\03750.png
100.6,67.2,117.6,163.0,Pear,data/model1_body_shape\images\01362.png
103.1,104.1,107.0,165.3,Apple,data/model1_body_shape\images\02317.png
107.9,75.6,94.2,162.7,InvertedTriangle,data/model1_body_shape\images\04581.png
88.7,66.0,77.3,155.5,InvertedTriangle,data/model1_body_shape\images\04741.png
92.7,62.6,106.3,161.8,Pear,data/model1_body_shape\images\01025.png
86.2,72.4,88.2,167.7,Rectangle,data/model1_body_shape\images\03109.png
103.7,102.5,101.1,152.2,Apple,data/model1_body_shape\images\02110.png
106.2,66.3,116.8,159.5,Pear,data/model1_body_shape\images\01041.png
92.7,87.3,104.3,156.4,Pear,data/model1_body_shape\images\01876.png
94.5,70.8,92.0,152.8,Hourglass,data/model1_body_shape\images\00881.png
94.5,86.5,80.6,161.8,InvertedTriangle,data/model1_body_shape\images\04299.png
88.6,80.0,105.0,160.6,Pear,data/model1_body_shape\images\01192.png
98.8,88.7,83.7,175.2,InvertedTriangle,data/model1_body_shape\images\04587.png
110.3,80.7,93.1,163.9,InvertedTriangle,data/model1_body_shape\images\04510.png
93.0,82.8,93.7,161.6,Rectangle,data/model1_body_shape\images\03670.png
102.1,62.9,97.8,157.1,Hourglass,data/model1_body_shape\images\00624.png
103.8,98.0,98.4,164.2,Apple,data/model1_body_shape\images\02796.png
111.9,65.4,101.0,169.4,InvertedTriangle,data/model1_body_shape\images\04291.png
108.6,85.0,96.4,161.2,InvertedTriangle,data/model1_body_shape\images\04968.png
84.4,62.7,81.6,156.7,Hourglass,data/model1_body_shape\images\00233.png
109.7,95.3,96.7,157.4,InvertedTriangle,data/model1_body_shape\images\04566.png
91.6,65.4,109.4,153.8,Pear,data/model1_body_shape\images\01662.png
89.3,68.1,90.8,161.9,Hourglass,data/model1_body_shape\images\00415.png
100.6,67.1,85.0,160.0,InvertedTriangle,data/model1_body_shape\images\04246.png
90.3,84.6,89.0,171.5,Apple,data/model1_body_shape\images\02173.png
98.9,90.8,110.8,146.9,Pear,data/model1_body_shape\images\01456.png
100.0,77.2,97.5,163.6,Hourglass,data/model1_body_shape\images\00746.png
82.7,59.3,82.0,160.7,Hourglass,data/model1_body_shape\images\00017.png
105.5,62.4,115.1,145.0,Pear,data/model1_body_shape\images\01200.png
100.7,75.6,118.7,152.3,Pear,data/model1_body_shape\images\01699.png
84.4,73.1,83.3,151.2,Rectangle,data/model1_body_shape\images\03253.png
101.0,80.3,104.1,153.7,Hourglass,data/model1_body_shape\images\00596.png
84.9,74.6,88.6,161.3,Rectangle,data/model1_body_shape\images\03226.png
99.1,93.5,87.0,162.2,InvertedTriangle,data/model1_body_shape\images\04405.png
90.2,77.5,75.2,160.5,InvertedTriangle,data/model1_body_shape\images\04719.png
83.7,68.6,96.3,181.0,Pear,data/model1_body_shape\images\01505.png
81.5,77.6,97.5,163.7,Pear,data/model1_body_shape\images\01412.png
100.6,92.9,114.8,155.2,Pear,data/model1_body_shape\images\01965.png
92.3,71.9,93.9,162.6,Hourglass,data/model1_body_shape\images\00371.png
85.9,62.9,101.1,157.4,Pear,data/model1_body_shape\images\01340.png
104.4,85.6,106.5,159.5,Hourglass,data/model1_body_shape\images\00598.png
94.7,66.1,95.2,162.5,Hourglass,data/model1_body_shape\images\00238.png
84.2,69.1,82.3,167.6,Rectangle,data/model1_body_shape\images\03400.png
88.1,83.7,89.1,166.5,Apple,data/model1_body_shape\images\02067.png
85.4,63.6,90.9,160.6,Hourglass,data/model1_body_shape\images\00810.png
92.9,83.5,102.4,164.3,Pear,data/model1_body_shape\images\01094.png
109.3,84.4,92.0,160.0,InvertedTriangle,data/model1_body_shape\images\04324.png
109.6,93.3,98.5,163.3,InvertedTriangle,data/model1_body_shape\images\04760.png
80.3,66.9,75.5,162.9,Rectangle,data/model1_body_shape\images\03676.png
90.1,77.4,93.2,156.8,Rectangle,data/model1_body_shape\images\03464.png
85.7,72.1,88.5,155.1,Rectangle,data/model1_body_shape\images\03103.png
99.5,100.6,96.3,166.9,Apple,data/model1_body_shape\images\02749.png
98.2,97.7,96.6,151.9,Apple,data/model1_body_shape\images\02295.png
93.0,83.4,83.3,163.7,InvertedTriangle,data/model1_body_shape\images\04192.png
103.8,90.0,105.6,158.5,Rectangle,data/model1_body_shape\images\03708.png
98.6,89.4,94.0,159.7,Rectangle,data/model1_body_shape\images\03018.png
94.4,81.7,77.1,170.1,InvertedTriangle,data/model1_body_shape\images\04252.png
95.5,63.9,100.5,153.7,Hourglass,data/model1_body_shape\images\00803.png
94.3,87.6,79.1,149.9,InvertedTriangle,data/model1_body_shape\images\04190.png
90.8,75.4,88.4,169.4,Rectangle,data/model1_body_shape\images\03705.png
91.1,59.0,94.6,162.2,Hourglass,data/model1_body_shape\images\00751.png
99.8,66.3,86.8,157.2,InvertedTriangle,data/model1_body_shape\images\04644.png
102.9,103.2,106.2,169.3,Apple,data/model1_body_shape\images\02531.png
101.9,59.2,99.2,165.8,Hourglass,data/model1_body_shape\images\00621.png
107.5,105.9,104.0,162.7,Apple,data/model1_body_shape\images\02297.png
100.5,92.3,104.0,169.2,Rectangle,data/model1_body_shape\images\03828.png
86.5,64.0,84.6,155.5,Hourglass,data/model1_body_shape\images\00566.png
80.9,63.3,97.3,168.2,Pear,data/model1_body_shape\images\01135.png
96.2,66.0,112.5,156.5,Pear,data/model1_body_shape\images\01204.png
80.4,64.5,92.4,160.5,Pear,data/model1_body_shape\images\01047.png
82.3,58.4,79.1,166.5,Hourglass,data/model1_body_shape\images\00051.png
84.7,76.2,85.9,156.9,Rectangle,data/model1_body_shape\images\03651.png
82.4,68.6,97.7,169.9,Pear,data/model1_body_shape\images\01044.png
107.3,114.2,111.9,166.2,Apple,data/model1_body_shape\images\02181.png
103.8,96.7,101.8,171.2,Apple,data/model1_body_shape\images\02688.png
82.8,63.5,86.1,171.8,Hourglass,data/model1_body_shape\images\00534.png
96.7,88.3,98.6,171.9,Rectangle,data/model1_body_shape\images\03184.png
89.2,80.8,92.2,167.3,Rectangle,data/model1_body_shape\images\03857.png
88.3,60.0,84.1,165.5,Hourglass,data/model1_body_shape\images\00443.png
85.0,79.4,88.6,162.2,Rectangle,data/model1_body_shape\images\03604.png
89.6,66.2,93.2,170.7,Hourglass,data/model1_body_shape\images\00195.png
87.4,73.2,99.6,155.5,Pear,data/model1_body_shape\images\01115.png
92.9,73.5,93.4,147.7,Hourglass,data/model1_body_shape\images\00765.png
105.1,64.9,116.5,158.2,Pear,data/model1_body_shape\images\01945.png
100.3,93.9,103.0,158.5,Rectangle,data/model1_body_shape\images\03247.png
90.2,76.3,90.1,161.5,Rectangle,data/model1_body_shape\images\03002.png
86.1,79.7,101.8,161.9,Pear,data/model1_body_shape\images\01432.png
111.9,76.5,94.2,161.5,InvertedTriangle,data/model1_body_shape\images\04200.png
83.0,67.7,80.0,148.5,Rectangle,data/model1_body_shape\images\03095.png
94.9,91.4,96.7,164.6,Apple,data/model1_body_shape\images\02922.png
91.8,73.0,97.1,164.9,Hourglass,data/model1_body_shape\images\00644.png
81.4,62.6,99.2,171.7,Pear,data/model1_body_shape\images\01049.png
93.7,81.8,91.6,172.3,Rectangle,data/model1_body_shape\images\03745.png
107.0,74.6,89.2,173.2,InvertedTriangle,data/model1_body_shape\images\04093.png
92.0,75.4,75.0,161.2,InvertedTriangle,data/model1_body_shape\images\04403.png
82.9,60.8,81.9,169.7,Hourglass,data/model1_body_shape\images\00120.png
111.3,109.3,114.1,171.9,Apple,data/model1_body_shape\images\02052.png
111.3,98.7,97.0,161.3,InvertedTriangle,data/model1_body_shape\images\04258.png
98.7,92.5,83.9,171.8,InvertedTriangle,data/model1_body_shape\images\04888.png
103.0,69.9,89.1,175.7,InvertedTriangle,data/model1_body_shape\images\04334.png
111.8,95.1,97.5,161.8,InvertedTriangle,data/model1_body_shape\images\04691.png
105.7,83.0,106.4,171.4,Hourglass,data/model1_body_shape\images\00134.png
93.9,91.7,94.7,147.7,Apple,data/model1_body_shape\images\02460.png
101.6,72.3,119.2,158.7,Pear,data/model1_body_shape\images\01954.png
86.9,88.5,90.4,174.0,Apple,data/model1_body_shape\images\02463.png
82.0,61.0,82.1,151.1,Hourglass,data/model1_body_shape\images\00184.png
95.9,84.6,108.7,168.2,Pear,data/model1_body_shape\images\01392.png
90.5,84.9,92.6,164.5,Apple,data/model1_body_shape\images\02276.png
105.5,61.8,105.2,163.1,Hourglass,data/model1_body_shape\images\00511.png
98.2,82.8,87.7,159.5,InvertedTriangle,data/model1_body_shape\images\04729.png
100.8,75.2,85.8,161.4,InvertedTriangle,data/model1_body_shape\images\04054.png
97.3,86.6,91.4,158.9,Rectangle,data/model1_body_shape\images\03137.png
98.6,106.6,103.8,165.5,Apple,data/model1_body_shape\images\02669.png
96.5,67.9,80.8,172.8,InvertedTriangle,data/model1_body_shape\images\04773.png
97.7,72.9,86.9,159.5,InvertedTriangle,data/model1_body_shape\images\04861.png
91.1,97.2,96.3,177.7,Apple,data/model1_body_shape\images\02117.png
96.4,77.1,96.1,151.3,Hourglass,data/model1_body_shape\images\00251.png
81.3,70.6,77.9,159.3,Rectangle,data/model1_body_shape\images\03526.png
87.9,73.9,87.0,163.9,Rectangle,data/model1_body_shape\images\03559.png
107.3,100.8,96.0,164.7,InvertedTriangle,data/model1_body_shape\images\04011.png
108.3,62.6,117.7,165.7,Pear,data/model1_body_shape\images\01507.png
97.7,73.3,95.5,169.4,Hourglass,data/model1_body_shape\images\00122.png
98.3,86.0,88.7,166.6,InvertedTriangle,data/model1_body_shape\images\04259.png
92.6,83.3,88.7,151.2,Rectangle,data/model1_body_shape\images\03333.png
105.4,74.6,119.3,159.2,Pear,data/model1_body_shape\images\01871.png
92.7,81.9,87.9,162.6,Rectangle,data/model1_body_shape\images\03692.png
84.2,64.3,88.9,155.7,Hourglass,data/model1_body_shape\images\00567.png
99.3,94.3,110.9,165.1,Pear,data/model1_body_shape\images\01371.png
84.2,71.2,87.1,169.5,Rectangle,data/model1_body_shape\images\03185.png
90.5,77.3,92.3,152.9,Rectangle,data/model1_body_shape\images\03955.png
87.4,68.5,105.0,152.6,Pear,data/model1_body_shape\images\01056.png
82.8,63.4,88.7,155.2,Hourglass,data/model1_body_shape\images\00856.png
85.8,74.0,84.6,161.5,Rectangle,data/model1_body_shape\images\03838.png
109.4,105.8,112.9,163.9,Apple,data/model1_body_shape\images\02860.png
106.2,101.4,95.1,153.5,InvertedTriangle,data/model1_body_shape\images\04769.png
83.0,63.4,85.7,179.3,Hourglass,data/model1_body_shape\images\00776.png
105.9,76.5,104.5,169.7,Hourglass,data/model1_body_shape\images\00720.png
103.0,102.0,105.6,157.2,Apple,data/model1_body_shape\images\02710.png
101.7,108.4,106.3,163.9,Apple,data/model1_body_shape\images\02654.png
104.1,76.0,87.2,155.0,InvertedTriangle,data/model1_body_shape\images\04877.png
99.4,70.6,94.2,162.3,Hourglass,data/model1_body_shape\images\00602.png
103.3,87.6,100.1,148.0,Rectangle,data/model1_body_shape\images\03822.png
96.1,85.3,106.9,156.2,Pear,data/model1_body_shape\images\01244.png
94.0,68.9,85.0,158.9,InvertedTriangle,data/model1_body_shape\images\04845.png
109.1,67.9,91.8,167.7,InvertedTriangle,data/model1_body_shape\images\04841.png
90.6,63.8,89.5,162.5,Hourglass,data/model1_body_shape\images\00318.png
101.7,60.2,97.6,161.7,Hourglass,data/model1_body_shape\images\00828.png
80.2,69.2,76.4,158.0,Rectangle,data/model1_body_shape\images\03263.png
102.1,74.9,97.8,154.2,Hourglass,data/model1_body_shape\images\00274.png
96.2,95.3,98.8,153.9,Apple,data/model1_body_shape\images\02664.png
93.6,59.5,98.6,181.7,Hourglass,data/model1_body_shape\images\00549.png
92.0,79.3,88.3,158.5,Rectangle,data/model1_body_shape\images\03641.png
90.7,75.9,73.7,145.0,InvertedTriangle,data/model1_body_shape\images\04053.png
102.7,92.5,87.3,152.5,InvertedTriangle,data/model1_body_shape\images\04892.png
106.5,107.9,104.4,159.8,Apple,data/model1_body_shape\images\02934.png
97.9,74.0,97.2,148.3,Hourglass,data/model1_body_shape\images\00605.png
98.7,61.4,97.1,165.3,Hourglass,data/model1_body_shape\images\00896.png
86.6,61.5,85.2,146.9,Hourglass,data/model1_body_shape\images\00527.png
95.4,80.9,86.4,173.6,InvertedTriangle,data/model1_body_shape\images\04607.png
91.3,90.4,87.5,167.4,Apple,data/model1_body_shape\images\02347.png
94.8,85.3,99.8,161.4,Rectangle,data/model1_body_shape\images\03439.png
104.4,74.1,87.9,149.0,InvertedTriangle,data/model1_body_shape\images\04998.png
93.1,68.7,83.9,156.5,InvertedTriangle,data/model1_body_shape\images\04826.png
81.4,69.7,77.8,172.8,Rectangle,data/model1_body_shape\images\03922.png
95.6,74.2,96.2,174.6,Hourglass,data/model1_body_shape\images\00298.png
90.7,86.5,84.8,172.5,Apple,data/model1_body_shape\images\02119.png
106.9,109.4,109.5,171.6,Apple,data/model1_body_shape\images\02536.png
101.7,67.8,85.1,152.4,InvertedTriangle,data/model1_body_shape\images\04203.png
99.4,89.4,103.7,157.3,Rectangle,data/model1_body_shape\images\03254.png
91.5,76.9,87.3,156.3,Rectangle,data/model1_body_shape\images\03725.png
84.9,65.1,98.3,147.1,Pear,data/model1_body_shape\images\01260.png
103.5,92.4,113.0,161.0,Pear,data/model1_body_shape\images\01558.png
96.4,81.8,92.6,147.1,Rectangle,data/model1_body_shape\images\03269.png
111.0,94.6,93.4,161.2,InvertedTriangle,data/model1_body_shape\images\04046.png
84.3,64.5,86.1,152.8,Hourglass,data/model1_body_shape\images\00756.png
87.6,71.6,96.9,159.5,Pear,data/model1_body_shape\images\01010.png
93.0,96.3,93.7,157.6,Apple,data/model1_body_shape\images\02794.png
89.1,87.3,88.2,167.5,Apple,data/model1_body_shape\images\02905.png
82.0,68.9,99.5,159.5,Pear,data/model1_body_shape\images\01870.png
102.6,105.7,106.5,149.9,Apple,data/model1_body_shape\images\02229.png
84.8,70.5,99.3,157.3,Pear,data/model1_body_shape\images\01173.png
79.2,70.4,95.3,162.3,Pear,data/model1_body_shape\images\01832.png
103.5,60.7,100.7,151.8,Hourglass,data/model1_body_shape\images\00376.png
104.5,95.1,99.7,163.8,Rectangle,data/model1_body_shape\images\03853.png
105.5,90.4,103.3,171.8,Rectangle,data/model1_body_shape\images\03616.png
101.5,75.7,104.6,163.7,Hourglass,data/model1_body_shape\images\00798.png
103.2,77.3,106.3,156.3,Hourglass,data/model1_body_shape\images\00378.png
84.7,67.7,101.5,166.5,Pear,data/model1_body_shape\images\01158.png
94.4,84.8,91.0,152.5,Rectangle,data/model1_body_shape\images\03819.png
106.3,100.7,103.2,165.2,Apple,data/model1_body_shape\images\02792.png
105.8,102.0,109.7,151.6,Apple,data/model1_body_shape\images\02240.png
89.0,70.6,71.5,157.6,InvertedTriangle,data/model1_body_shape\images\04035.png
109.3,102.0,109.5,155.2,Apple,data/model1_body_shape\images\02662.png
89.9,66.4,77.2,169.8,InvertedTriangle,data/model1_body_shape\images\04012.png
93.0,100.6,98.8,163.0,Apple,data/model1_body_shape\images\02957.png
98.7,88.1,94.0,172.4,Rectangle,data/model1_body_shape\images\03927.png
104.7,67.4,114.6,156.6,Pear,data/model1_body_shape\images\01038.png
85.2,74.7,86.6,167.7,Rectangle,data/model1_body_shape\images\03259.png
81.7,70.3,97.3,165.4,Pear,data/model1_body_shape\images\01344.png
86.9,86.3,92.6,148.2,Apple,data/model1_body_shape\images\02505.png
98.2,71.3,107.8,174.4,Pear,data/model1_body_shape\images\01721.png
104.7,100.0,95.6,168.1,InvertedTriangle,data/model1_body_shape\images\04663.png
95.5,73.3,99.0,167.7,Hourglass,data/model1_body_shape\images\00175.png
108.1,65.3,95.9,146.9,InvertedTriangle,data/model1_body_shape\images\04893.png
84.4,64.3,100.9,153.5,Pear,data/model1_body_shape\images\01909.png
103.4,72.2,108.1,171.1,Hourglass,data/model1_body_shape\images\00045.png
101.7,92.4,105.4,149.0,Rectangle,data/model1_body_shape\images\03409.png
109.1,97.2,92.9,164.9,InvertedTriangle,data/model1_body_shape\images\04674.png
88.7,63.7,105.3,163.4,Pear,data/model1_body_shape\images\01075.png
111.4,113.7,114.9,160.9,Apple,data/model1_body_shape\images\02829.png
97.6,83.4,114.6,165.2,Pear,data/model1_body_shape\images\01504.png
92.4,85.4,93.2,169.5,Apple,data/model1_body_shape\images\02309.png
83.2,78.9,98.8,164.8,Pear,data/model1_body_shape\images\01436.png
106.6,111.3,108.6,168.6,Apple,data/model1_body_shape\images\02418.png
101.6,84.8,99.0,164.6,Rectangle,data/model1_body_shape\images\03986.png
92.3,84.8,96.6,156.2,Rectangle,data/model1_body_shape\images\03098.png
109.0,87.5,98.0,159.6,InvertedTriangle,data/model1_body_shape\images\04588.png
90.5,70.0,93.9,156.4,Hourglass,data/model1_body_shape\images\00283.png
99.5,94.5,87.0,162.8,InvertedTriangle,data/model1_body_shape\images\04918.png
84.6,63.6,86.9,167.5,Hourglass,data/model1_body_shape\images\00842.png
106.9,64.8,119.2,165.0,Pear,data/model1_body_shape\images\01513.png
93.5,72.2,104.0,164.5,Pear,data/model1_body_shape\images\01168.png
87.8,77.9,101.6,159.7,Pear,data/model1_body_shape\images\01592.png
88.9,76.0,91.4,154.3,Rectangle,data/model1_body_shape\images\03460.png
88.9,74.6,87.8,166.4,Rectangle,data/model1_body_shape\images\03165.png
97.6,90.0,95.8,172.0,Apple,data/model1_body_shape\images\02284.png
102.9,91.0,100.7,162.3,Rectangle,data/model1_body_shape\images\03575.png
97.8,85.5,86.6,163.0,InvertedTriangle,data/model1_body_shape\images\04870.png
108.7,106.3,109.4,154.5,Apple,data/model1_body_shape\images\02305.png
88.8,66.2,91.0,158.5,Hourglass,data/model1_body_shape\images\00952.png
93.0,73.1,75.4,159.5,InvertedTriangle,data/model1_body_shape\images\04942.png
85.3,69.5,81.0,149.5,Rectangle,data/model1_body_shape\images\03053.png
104.1,98.9,93.1,168.2,InvertedTriangle,data/model1_body_shape\images\04559.png
88.7,85.9,84.9,159.4,Apple,data/model1_body_shape\images\02685.png
91.9,86.0,108.3,170.4,Pear,data/model1_body_shape\images\01489.png
92.6,60.5,89.1,164.4,Hourglass,data/model1_body_shape\images\00927.png
83.6,73.4,98.8,163.2,Pear,data/model1_body_shape\images\01209.png
93.7,76.7,90.2,167.0,Rectangle,data/model1_body_shape\images\03973.png
84.1,68.6,84.8,154.1,Rectangle,data/model1_body_shape\images\03545.png
102.1,84.5,86.0,160.7,InvertedTriangle,data/model1_body_shape\images\04361.png
99.8,81.4,114.0,164.7,Pear,data/model1_body_shape\images\01921.png
85.0,62.9,88.6,163.2,Hourglass,data/model1_body_shape\images\00351.png
105.7,73.0,91.1,164.4,InvertedTriangle,data/model1_body_shape\images\04898.png
96.3,88.8,98.8,156.5,Rectangle,data/model1_body_shape\images\03393.png
89.4,92.9,89.6,169.1,Apple,data/model1_body_shape\images\02721.png
88.5,77.2,75.4,152.6,InvertedTriangle,data/model1_body_shape\images\04981.png
84.1,59.7,89.8,155.0,Hourglass,data/model1_body_shape\images\00718.png
87.6,82.5,85.1,167.9,Apple,data/model1_body_shape\images\02702.png
96.5,99.8,97.1,165.7,Apple,data/model1_body_shape\images\02722.png
110.3,70.7,93.2,165.0,InvertedTriangle,data/model1_body_shape\images\04561.png
102.6,66.8,100.5,155.8,Hourglass,data/model1_body_shape\images\00308.png
104.5,65.3,117.5,157.5,Pear,data/model1_body_shape\images\01675.png
90.3,66.5,91.3,169.5,Hourglass,data/model1_body_shape\images\00833.png
94.5,66.1,94.6,145.0,Hourglass,data/model1_body_shape\images\00366.png
105.8,100.8,90.3,167.6,InvertedTriangle,data/model1_body_shape\images\04506.png
104.8,105.7,108.8,160.6,Apple,data/model1_body_shape\images\02078.png
91.0,85.6,80.7,156.4,InvertedTriangle,data/model1_body_shape\images\04038.png
98.4,93.4,87.7,163.5,InvertedTriangle,data/model1_body_shape\images\04846.png
103.0,96.6,89.4,163.4,InvertedTriangle,data/model1_body_shape\images\04479.png
103.0,69.7,117.9,163.0,Pear,data/model1_body_shape\images\01746.png
89.0,65.3,91.0,163.1,Hourglass,data/model1_body_shape\images\00019.png
81.7,78.3,96.1,153.7,Pear,data/model1_body_shape\images\01322.png
83.2,69.7,79.2,163.3,Rectangle,data/model1_body_shape\images\03567.png
89.8,87.0,90.5,162.9,Apple,data/model1_body_shape\images\02521.png
95.9,69.3,94.9,159.5,Hourglass,data/model1_body_shape\images\00218.png
105.3,66.5,118.6,151.8,Pear,data/model1_body_shape\images\01487.png
87.1,58.7,82.2,157.4,Hourglass,data/model1_body_shape\images\00438.png
111.9,104.0,96.8,162.3,InvertedTriangle,data/model1_body_shape\images\04174.png
103.8,104.4,100.2,156.1,Apple,data/model1_body_shape\images\02750.png
88.1,78.3,94.0,166.0,Rectangle,data/model1_body_shape\images\03288.png
86.0,72.4,80.5,153.3,Rectangle,data/model1_body_shape\images\03433.png
88.3,86.3,91.1,161.3,Apple,data/model1_body_shape\images\02525.png
110.2,74.1,101.1,152.8,InvertedTriangle,data/model1_body_shape\images\04650.png
97.9,82.1,95.6,159.3,Rectangle,data/model1_body_shape\images\03688.png
111.3,117.9,114.7,173.1,Apple,data/model1_body_shape\images\02763.png
88.8,61.6,87.1,164.4,Hourglass,data/model1_body_shape\images\00802.png
87.1,91.7,87.8,167.4,Apple,data/model1_body_shape\images\02997.png
104.6,104.5,106.1,168.7,Apple,data/model1_body_shape\images\02228.png
88.2,72.8,79.0,168.0,InvertedTriangle,data/model1_body_shape\images\04785.png
91.4,91.0,90.2,165.4,Apple,data/model1_body_shape\images\02077.png
83.6,64.3,87.9,158.4,Hourglass,data/model1_body_shape\images\00582.png
88.6,62.3,83.2,165.6,Hourglass,data/model1_body_shape\images\00203.png
102.1,85.2,90.0,161.2,InvertedTriangle,data/model1_body_shape\images\04346.png
100.7,86.7,99.7,163.7,Rectangle,data/model1_body_shape\images\03478.png
105.9,106.3,104.8,171.3,Apple,data/model1_body_shape\images\02929.png
103.1,95.7,109.1,162.8,Rectangle,data/model1_body_shape\images\03085.png
79.3,73.1,94.7,163.2,Pear,data/model1_body_shape\images\01018.png
80.0,66.4,96.9,161.8,Pear,data/model1_body_shape\images\01583.png
83.1,69.6,99.8,161.3,Pear,data/model1_body_shape\images\01032.png
85.4,81.5,96.7,158.8,Pear,data/model1_body_shape\images\01718.png
102.3,66.8,119.8,156.2,Pear,data/model1_body_shape\images\01281.png
91.7,90.0,87.0,162.5,Apple,data/model1_body_shape\images\02498.png
91.2,77.7,88.4,159.8,Rectangle,data/model1_body_shape\images\03350.png
98.3,70.5,94.5,164.1,Hourglass,data/model1_body_shape\images\00517.png
101.3,76.2,118.9,170.1,Pear,data/model1_body_shape\images\01747.png
98.7,78.1,81.2,157.5,InvertedTriangle,data/model1_body_shape\images\04652.png
81.4,70.8,80.1,154.9,Rectangle,data/model1_body_shape\images\03732.png
105.7,62.9,110.2,170.5,Hourglass,data/model1_body_shape\images\00668.png
92.8,86.1,81.0,154.4,InvertedTriangle,data/model1_body_shape\images\04059.png
83.0,69.0,84.9,150.9,Rectangle,data/model1_body_shape\images\03026.png
93.1,78.7,75.8,161.2,InvertedTriangle,data/model1_body_shape\images\04932.png
97.0,84.6,100.0,170.3,Rectangle,data/model1_body_shape\images\03286.png
107.6,113.6,111.4,155.3,Apple,data/model1_body_shape\images\02650.png
105.4,77.4,88.9,165.5,InvertedTriangle,data/model1_body_shape\images\04453.png
96.4,80.0,90.9,159.0,Rectangle,data/model1_body_shape\images\03192.png
92.3,91.7,96.7,162.6,Apple,data/model1_body_shape\images\02124.png
92.1,81.7,90.0,158.3,Rectangle,data/model1_body_shape\images\03375.png
100.3,88.0,98.0,153.2,Rectangle,data/model1_body_shape\images\03392.png
101.2,92.1,98.5,156.7,Rectangle,data/model1_body_shape\images\03485.png
103.2,69.5,101.7,156.6,Hourglass,data/model1_body_shape\images\00759.png
92.7,82.6,94.0,159.4,Rectangle,data/model1_body_shape\images\03379.png
111.1,72.4,100.2,157.1,InvertedTriangle,data/model1_body_shape\images\04440.png
108.7,104.6,110.0,158.8,Apple,data/model1_body_shape\images\02526.png
108.8,95.5,90.9,178.4,InvertedTriangle,data/model1_body_shape\images\04858.png
83.4,61.6,79.9,163.3,Hourglass,data/model1_body_shape\images\00907.png
104.3,97.1,99.5,145.7,Apple,data/model1_body_shape\images\02683.png
95.7,71.5,90.9,156.7,Hourglass,data/model1_body_shape\images\00214.png
94.0,83.3,92.6,173.4,Rectangle,data/model1_body_shape\images\03331.png
98.3,91.9,82.5,165.6,InvertedTriangle,data/model1_body_shape\images\04458.png
102.3,74.5,103.3,159.2,Hourglass,data/model1_body_shape\images\00693.png
83.4,64.6,92.8,165.7,Pear,data/model1_body_shape\images\01503.png
110.4,107.0,108.0,169.7,Apple,data/model1_body_shape\images\02414.png
88.9,87.6,94.3,161.4,Apple,data/model1_body_shape\images\02118.png
89.8,79.2,91.0,157.9,Rectangle,data/model1_body_shape\images\03858.png
87.1,90.7,82.2,164.8,Apple,data/model1_body_shape\images\02462.png
87.4,81.6,91.5,164.2,Rectangle,data/model1_body_shape\images\03635.png
99.9,79.9,88.2,168.2,InvertedTriangle,data/model1_body_shape\images\04105.png
109.6,69.0,99.5,164.9,InvertedTriangle,data/model1_body_shape\images\04478.png
91.9,59.1,89.7,164.4,Hourglass,data/model1_body_shape\images\00196.png
91.6,74.5,79.4,164.1,InvertedTriangle,data/model1_body_shape\images\04667.png
84.5,71.1,97.5,152.7,Pear,data/model1_body_shape\images\01543.png
91.4,84.4,103.7,160.3,Pear,data/model1_body_shape\images\01330.png
93.3,75.0,93.1,171.5,Hourglass,data/model1_body_shape\images\00879.png
103.2,97.8,89.8,169.3,InvertedTriangle,data/model1_body_shape\images\04502.png
90.0,83.1,92.4,157.6,Rectangle,data/model1_body_shape\images\03501.png
99.6,88.5,105.4,152.3,Rectangle,data/model1_body_shape\images\03894.png
96.5,91.9,86.8,167.7,InvertedTriangle,data/model1_body_shape\images\04990.png
88.2,58.9,91.1,160.4,Hourglass,data/model1_body_shape\images\00887.png
108.5,77.7,118.9,162.7,Pear,data/model1_body_shape\images\01345.png
83.3,63.0,84.4,163.1,Hourglass,data/model1_body_shape\images\00068.png
105.6,79.4,93.1,160.4,InvertedTriangle,data/model1_body_shape\images\04210.png
98.6,77.9,116.3,167.9,Pear,data/model1_body_shape\images\01815.png
89.0,67.2,94.7,152.2,Hourglass,data/model1_body_shape\images\00568.png
98.5,96.9,101.6,166.5,Apple,data/model1_body_shape\images\02167.png
84.8,63.6,89.0,148.0,Hourglass,data/model1_body_shape\images\00096.png
97.8,80.6,81.8,167.6,InvertedTriangle,data/model1_body_shape\images\04181.png
100.3,89.9,97.6,153.1,Rectangle,data/model1_body_shape\images\03353.png
84.0,62.2,80.9,163.7,Hourglass,data/model1_body_shape\images\00139.png
110.9,73.9,101.2,166.5,InvertedTriangle,data/model1_body_shape\images\04954.png
102.5,99.9,99.6,166.7,Apple,data/model1_body_shape\images\02602.png
103.9,80.3,88.9,162.5,InvertedTriangle,data/model1_body_shape\images\04023.png
102.5,84.4,90.7,157.4,InvertedTriangle,data/model1_body_shape\images\04772.png
92.6,72.0,103.9,161.6,Pear,data/model1_body_shape\images\01606.png
101.9,82.2,117.2,160.3,Pear,data/model1_body_shape\images\01629.png
87.0,73.6,104.9,166.5,Pear,data/model1_body_shape\images\01539.png
99.4,83.9,112.9,161.3,Pear,data/model1_body_shape\images\01694.png
104.3,99.0,103.0,171.4,Apple,data/model1_body_shape\images\02059.png
97.3,77.9,101.7,170.6,Hourglass,data/model1_body_shape\images\00463.png
109.1,107.7,112.9,163.6,Apple,data/model1_body_shape\images\02330.png
88.1,77.6,91.3,149.5,Rectangle,data/model1_body_shape\images\03043.png
99.9,93.8,82.4,150.8,InvertedTriangle,data/model1_body_shape\images\04734.png
82.3,64.2,83.4,160.8,Hourglass,data/model1_body_shape\images\00594.png
81.4,72.3,86.7,168.5,Rectangle,data/model1_body_shape\images\03814.png
87.2,62.0,83.1,166.6,Hourglass,data/model1_body_shape\images\00625.png
87.3,65.9,86.6,158.8,Hourglass,data/model1_body_shape\images\00450.png
106.0,71.2,117.5,165.0,Pear,data/model1_body_shape\images\01499.png
109.9,104.4,106.7,150.1,Apple,data/model1_body_shape\images\02456.png
103.9,94.1,90.2,161.3,InvertedTriangle,data/model1_body_shape\images\04722.png
97.7,89.9,95.6,164.5,Apple,data/model1_body_shape\images\02984.png
98.1,90.8,108.7,174.0,Pear,data/model1_body_shape\images\01569.png
87.2,78.4,104.9,145.0,Pear,data/model1_body_shape\images\01034.png
94.3,84.8,98.1,163.3,Rectangle,data/model1_body_shape\images\03518.png
77.4,64.8,93.0,165.4,Pear,data/model1_body_shape\images\01557.png
94.5,89.8,99.7,152.0,Rectangle,data/model1_body_shape\images\03624.png
99.8,84.3,82.5,169.6,InvertedTriangle,data/model1_body_shape\images\04664.png
105.1,83.2,108.5,167.0,Hourglass,data/model1_body_shape\images\00150.png
103.8,64.7,113.4,160.7,Pear,data/model1_body_shape\images\01420.png
101.6,98.4,102.8,162.8,Apple,data/model1_body_shape\images\02011.png
102.9,103.5,105.2,170.9,Apple,data/model1_body_shape\images\02686.png
90.4,62.1,102.5,172.4,Pear,data/model1_body_shape\images\01786.png
100.3,70.0,103.9,147.6,Hourglass,data/model1_body_shape\images\00088.png
82.8,59.0,83.6,158.1,Hourglass,data/model1_body_shape\images\00457.png
96.1,75.7,108.9,164.9,Pear,data/model1_body_shape\images\01305.png
102.6,102.2,96.7,155.8,Apple,data/model1_body_shape\images\02925.png
85.9,76.1,91.8,175.3,Rectangle,data/model1_body_shape\images\03270.png
89.2,80.7,93.3,162.9,Rectangle,data/model1_body_shape\images\03227.png
98.0,73.3,113.4,161.9,Pear,data/model1_body_shape\images\01988.png
94.7,83.3,98.8,156.0,Rectangle,data/model1_body_shape\images\03754.png
103.8,92.6,98.8,158.6,Rectangle,data/model1_body_shape\images\03646.png
89.9,62.9,89.8,159.2,Hourglass,data/model1_body_shape\images\00831.png
85.0,62.3,90.4,173.5,Hourglass,data/model1_body_shape\images\00239.png
93.8,82.6,77.5,160.2,InvertedTriangle,data/model1_body_shape\images\04681.png
94.4,85.5,99.8,156.1,Rectangle,data/model1_body_shape\images\03022.png
94.9,86.2,100.6,156.6,Rectangle,data/model1_body_shape\images\03148.png
83.5,71.9,95.0,163.6,Pear,data/model1_body_shape\images\01946.png
86.5,90.3,87.9,166.4,Apple,data/model1_body_shape\images\02775.png
102.5,62.3,103.9,159.4,Hourglass,data/model1_body_shape\images\00192.png
107.5,92.9,93.4,168.1,InvertedTriangle,data/model1_body_shape\images\04849.png
108.0,85.6,92.9,166.5,InvertedTriangle,data/model1_body_shape\images\04939.png
97.1,74.8,102.3,168.4,Hourglass,data/model1_body_shape\images\00944.png
86.5,80.8,100.1,167.8,Pear,data/model1_body_shape\images\01268.png
100.2,86.7,88.7,157.6,InvertedTriangle,data/model1_body_shape\images\04231.png
90.2,83.4,88.9,159.2,Apple,data/model1_body_shape\images\02307.png
100.0,86.2,87.4,158.5,InvertedTriangle,data/model1_body_shape\images\04424.png
90.9,74.1,75.6,152.9,InvertedTriangle,data/model1_body_shape\images\04711.png
106.2,107.1,101.3,163.2,Apple,data/model1_body_shape\images\02313.png
92.4,79.5,89.6,162.5,Rectangle,data/model1_body_shape\images\03214.png
109.0,112.0,109.8,157.9,Apple,data/model1_body_shape\images\02732.png
100.7,88.7,109.8,161.9,Pear,data/model1_body_shape\images\01926.png
96.4,91.4,80.6,159.7,InvertedTriangle,data/model1_body_shape\images\04227.png
89.3,78.9,75.5,166.0,InvertedTriangle,data/model1_body_shape\images\04676.png
93.6,59.9,92.9,160.2,Hourglass,data/model1_body_shape\images\00800.png
101.9,90.1,100.9,150.4,Rectangle,data/model1_body_shape\images\03671.png
111.9,83.7,94.5,163.2,InvertedTriangle,data/model1_body_shape\images\04193.png
89.3,87.0,92.5,168.6,Apple,data/model1_body_shape\images\02968.png
92.0,80.6,77.3,173.0,InvertedTriangle,data/model1_body_shape\images\04793.png
101.1,70.7,89.9,151.8,InvertedTriangle,data/model1_body_shape\images\04368.png
96.3,99.6,101.6,163.2,Apple,data/model1_body_shape\images\02776.png
88.8,87.0,91.5,164.0,Apple,data/model1_body_shape\images\02970.png
87.5,76.8,83.1,157.6,Rectangle,data/model1_body_shape\images\03867.png
84.5,80.5,99.0,162.1,Pear,data/model1_body_shape\images\01743.png
87.0,79.3,88.7,164.7,Rectangle,data/model1_body_shape\images\03948.png
82.0,72.6,87.1,159.5,Rectangle,data/model1_body_shape\images\03802.png
96.2,91.6,96.8,173.1,Apple,data/model1_body_shape\images\02024.png
103.6,102.5,104.6,165.6,Apple,data/model1_body_shape\images\02274.png
89.2,68.3,94.3,152.1,Hourglass,data/model1_body_shape\images\00099.png
92.1,84.1,82.6,159.2,InvertedTriangle,data/model1_body_shape\images\04921.png
91.9,77.1,94.0,160.2,Rectangle,data/model1_body_shape\images\03407.png
109.0,82.5,99.9,170.0,InvertedTriangle,data/model1_body_shape\images\04245.png
102.0,78.5,86.8,160.4,InvertedTriangle,data/model1_body_shape\images\04619.png
102.4,87.8,87.8,174.5,InvertedTriangle,data/model1_body_shape\images\04916.png
95.7,74.7,96.7,162.7,Hourglass,data/model1_body_shape\images\00191.png
88.5,83.1,75.6,152.9,InvertedTriangle,data/model1_body_shape\images\04696.png
94.1,85.9,107.5,156.4,Pear,data/model1_body_shape\images\01784.png
106.6,78.7,119.5,157.5,Pear,data/model1_body_shape\images\01532.png
110.5,106.4,113.2,161.1,Apple,data/model1_body_shape\images\02834.png
106.1,93.0,88.8,174.2,InvertedTriangle,data/model1_body_shape\images\04444.png
92.4,70.6,78.0,159.8,InvertedTriangle,data/model1_body_shape\images\04915.png
87.9,78.5,98.3,170.6,Pear,data/model1_body_shape\images\01598.png
97.7,74.1,112.6,162.5,Pear,data/model1_body_shape\images\01779.png
110.9,76.8,98.8,161.9,InvertedTriangle,data/model1_body_shape\images\04900.png
104.9,107.0,108.2,161.5,Apple,data/model1_body_shape\images\02574.png
90.2,73.3,88.0,171.7,Rectangle,data/model1_body_shape\images\03398.png
104.6,97.1,106.4,152.3,Rectangle,data/model1_body_shape\images\03975.png
88.5,73.9,86.4,158.3,Rectangle,data/model1_body_shape\images\03770.png
89.1,59.6,88.0,166.3,Hourglass,data/model1_body_shape\images\00166.png
87.7,68.5,96.8,154.8,Pear,data/model1_body_shape\images\01751.png
97.6,84.5,107.3,152.7,Pear,data/model1_body_shape\images\01479.png
101.9,85.7,117.4,157.1,Pear,data/model1_body_shape\images\01024.png
82.3,71.4,96.9,159.2,Pear,data/model1_body_shape\images\01788.png
108.7,111.0,106.9,169.4,Apple,data/model1_body_shape\images\02264.png
102.1,100.5,98.3,168.8,Apple,data/model1_body_shape\images\02473.png
87.0,69.8,100.8,174.5,Pear,data/model1_body_shape\images\01822.png
99.1,85.4,114.8,158.9,Pear,data/model1_body_shape\images\01220.png
100.9,78.6,115.5,160.2,Pear,data/model1_body_shape\images\01666.png
95.1,96.1,93.8,165.6,Apple,data/model1_body_shape\images\02960.png
105.3,66.4,111.1,174.7,Hourglass,data/model1_body_shape\images\00152.png
86.1,87.3,86.9,170.6,Apple,data/model1_body_shape\images\02534.png
101.9,87.6,91.5,164.2,InvertedTriangle,data/model1_body_shape\images\04688.png
97.9,92.6,115.5,166.2,Pear,data/model1_body_shape\images\01978.png
98.3,91.8,114.3,153.7,Pear,data/model1_body_shape\images\01469.png
101.2,96.1,102.0,169.9,Apple,data/model1_body_shape\images\02807.png
90.3,82.4,87.9,166.3,Apple,data/model1_body_shape\images\02512.png
91.8,91.8,92.3,156.5,Apple,data/model1_body_shape\images\02943.png
92.6,95.5,89.5,161.4,Apple,data/model1_body_shape\images\02980.png
110.9,69.0,97.4,166.3,InvertedTriangle,data/model1_body_shape\images\04822.png
93.6,79.9,96.1,168.1,Rectangle,data/model1_body_shape\images\03017.png
108.3,92.6,118.7,162.5,Pear,data/model1_body_shape\images\01566.png
83.0,60.3,82.9,164.5,Hourglass,data/model1_body_shape\images\00031.png
105.1,78.2,100.1,156.5,Hourglass,data/model1_body_shape\images\00937.png
94.5,77.4,105.5,162.2,Pear,data/model1_body_shape\images\01215.png
109.2,68.0,118.5,164.3,Pear,data/model1_body_shape\images\01937.png
102.1,87.8,111.1,162.0,Pear,data/model1_body_shape\images\01129.png
90.6,65.2,87.8,158.6,Hourglass,data/model1_body_shape\images\00309.png
107.2,72.9,97.1,151.2,InvertedTriangle,data/model1_body_shape\images\04901.png
94.7,97.8,98.1,162.7,Apple,data/model1_body_shape\images\02168.png
97.3,84.7,95.1,167.8,Rectangle,data/model1_body_shape\images\03113.png
90.2,62.3,85.0,162.4,Hourglass,data/model1_body_shape\images\00495.png
87.6,60.9,92.0,156.1,Hourglass,data/model1_body_shape\images\00205.png
101.2,97.2,97.0,162.7,Apple,data/model1_body_shape\images\02673.png
85.8,69.6,83.0,170.7,Rectangle,data/model1_body_shape\images\03357.png
93.1,86.5,98.6,167.5,Rectangle,data/model1_body_shape\images\03830.png
104.5,63.0,99.2,175.7,Hourglass,data/model1_body_shape\images\00305.png
84.0,73.6,87.4,152.8,Rectangle,data/model1_body_shape\images\03793.png
102.9,105.9,103.5,161.3,Apple,data/model1_body_shape\images\02201.png
104.4,90.3,116.0,162.6,Pear,data/model1_body_shape\images\01061.png
102.0,81.6,102.3,162.4,Hourglass,data/model1_body_shape\images\00843.png
93.5,81.0,90.1,160.0,Rectangle,data/model1_body_shape\images\03872.png
91.6,91.6,89.5,154.0,Apple,data/model1_body_shape\images\02251.png
86.8,67.8,91.1,153.9,Hourglass,data/model1_body_shape\images\00211.png
93.8,87.7,97.3,159.7,Rectangle,data/model1_body_shape\images\03997.png
99.0,60.1,99.9,165.2,Hourglass,data/model1_body_shape\images\00679.png
87.2,65.3,91.5,165.4,Hourglass,data/model1_body_shape\images\00565.png
83.6,69.9,86.8,157.4,Rectangle,data/model1_body_shape\images\03290.png
103.0,71.6,92.8,157.9,InvertedTriangle,data/model1_body_shape\images\04354.png
86.2,61.7,89.4,157.2,Hourglass,data/model1_body_shape\images\00680.png
83.6,61.6,83.0,169.8,Hourglass,data/model1_body_shape\images\00180.png
107.7,68.2,95.8,159.8,InvertedTriangle,data/model1_body_shape\images\04279.png
86.4,87.2,85.0,152.6,Apple,data/model1_body_shape\images\02495.png
102.2,98.8,96.8,156.2,Apple,data/model1_body_shape\images\02316.png
106.6,74.0,94.8,160.7,InvertedTriangle,data/model1_body_shape\images\04273.png
103.2,61.0,105.2,151.2,Hourglass,data/model1_body_shape\images\00278.png
90.8,78.7,88.8,165.8,Rectangle,data/model1_body_shape\images\03683.png
92.9,86.0,79.5,161.1,InvertedTriangle,data/model1_body_shape\images\04762.png
94.8,62.6,98.1,149.8,Hourglass,data/model1_body_shape\images\00432.png
85.5,65.8,89.9,160.2,Hourglass,data/model1_body_shape\images\00289.png
97.5,74.8,106.8,168.2,Pear,data/model1_body_shape\images\01027.png
102.6,64.0,97.7,164.7,Hourglass,data/model1_body_shape\images\00535.png
85.5,75.2,80.1,153.4,Rectangle,data/model1_body_shape\images\03631.png
93.1,60.6,95.6,165.8,Hourglass,data/model1_body_shape\images\00188.png
88.6,88.6,85.9,161.1,Apple,data/model1_body_shape\images\02174.png
90.3,78.0,84.5,148.1,Rectangle,data/model1_body_shape\images\03915.png
101.2,83.7,115.8,171.7,Pear,data/model1_body_shape\images\01862.png
100.3,69.0,100.1,172.3,Hourglass,data/model1_body_shape\images\00270.png
94.0,67.2,107.8,175.4,Pear,data/model1_body_shape\images\01728.png
105.1,76.8,94.9,176.1,InvertedTriangle,data/model1_body_shape\images\04075.png
86.9,88.3,90.4,163.9,Apple,data/model1_body_shape\images\02157.png
104.1,89.7,102.1,165.1,Rectangle,data/model1_body_shape\images\03931.png
83.3,58.3,84.7,161.1,Hourglass,data/model1_body_shape\images\00111.png
110.5,109.0,110.6,180.8,Apple,data/model1_body_shape\images\02384.png
85.1,61.5,81.1,148.4,Hourglass,data/model1_body_shape\images\00220.png
103.7,75.5,107.6,147.8,Hourglass,data/model1_body_shape\images\00627.png
104.6,82.4,118.1,156.2,Pear,data/model1_body_shape\images\01181.png
95.9,85.8,96.5,182.7,Rectangle,data/model1_body_shape\images\03381.png
105.2,102.6,102.7,157.6,Apple,data/model1_body_shape\images\02422.png
88.9,58.2,85.3,156.2,Hourglass,data/model1_body_shape\images\00790.png
110.6,72.7,94.4,161.6,InvertedTriangle,data/model1_body_shape\images\04275.png
87.4,60.2,84.8,163.2,Hourglass,data/model1_body_shape\images\00461.png
99.2,70.4,85.3,168.9,InvertedTriangle,data/model1_body_shape\images\04402.png
92.9,61.0,91.9,164.3,Hourglass,data/model1_body_shape\images\00551.png
84.1,73.1,80.5,161.7,Rectangle,data/model1_body_shape\images\03129.png
89.6,71.0,100.4,159.3,Pear,data/model1_body_shape\images\01444.png
99.0,65.3,101.9,163.8,Hourglass,data/model1_body_shape\images\00198.png
109.7,111.8,114.7,157.9,Apple,data/model1_body_shape\images\02589.png
105.9,63.1,100.3,160.9,Hourglass,data/model1_body_shape\images\00402.png
98.7,85.8,100.5,175.1,Rectangle,data/model1_body_shape\images\03959.png
88.9,70.7,74.4,160.0,InvertedTriangle,data/model1_body_shape\images\04189.png
111.8,92.6,95.8,166.3,InvertedTriangle,data/model1_body_shape\images\04763.png
108.5,105.7,102.7,163.6,Apple,data/model1_body_shape\images\02095.png
107.9,106.4,112.0,162.8,Apple,data/model1_body_shape\images\02900.png
111.5,104.1,97.6,162.6,InvertedTriangle,data/model1_body_shape\images\04462.png
105.0,82.0,101.8,155.4,Hourglass,data/model1_body_shape\images\00650.png
100.2,74.0,105.5,169.7,Hourglass,data/model1_body_shape\images\00708.png
82.0,71.0,92.4,165.6,Pear,data/model1_body_shape\images\01480.png
97.4,88.7,86.7,170.8,InvertedTriangle,data/model1_body_shape\images\04414.png
84.0,74.3,79.8,154.0,Rectangle,data/model1_body_shape\images\03065.png
108.1,105.7,111.7,155.1,Apple,data/model1_body_shape\images\02395.png
82.9,67.8,95.7,157.0,Pear,data/model1_body_shape\images\01769.png
95.8,61.4,99.5,154.1,Hourglass,data/model1_body_shape\images\00314.png
85.6,76.2,86.8,165.3,Rectangle,data/model1_body_shape\images\03761.png
103.1,70.5,94.0,154.0,InvertedTriangle,data/model1_body_shape\images\04909.png
105.5,80.8,105.0,160.7,Hourglass,data/model1_body_shape\images\00113.png
86.9,58.7,82.2,153.5,Hourglass,data/model1_body_shape\images\00960.png
87.2,84.7,81.8,166.1,Apple,data/model1_body_shape\images\02910.png
96.7,84.6,93.7,146.4,Rectangle,data/model1_body_shape\images\03405.png
106.4,85.7,115.7,153.8,Pear,data/model1_body_shape\images\01623.png
102.5,89.1,99.6,168.4,Rectangle,data/model1_body_shape\images\03322.png
93.4,66.3,84.3,170.0,InvertedTriangle,data/model1_body_shape\images\04999.png
86.9,66.8,99.8,162.9,Pear,data/model1_body_shape\images\01818.png
84.2,75.6,85.5,163.8,Rectangle,data/model1_body_shape\images\03194.png
84.3,71.4,85.9,161.2,Rectangle,data/model1_body_shape\images\03007.png
87.5,82.4,91.9,157.9,Rectangle,data/model1_body_shape\images\03414.png
104.9,98.2,90.9,165.2,InvertedTriangle,data/model1_body_shape\images\04528.png
90.9,80.9,102.8,162.8,Pear,data/model1_body_shape\images\01897.png
90.2,83.6,101.4,160.4,Pear,data/model1_body_shape\images\01918.png
103.5,92.3,117.9,167.5,Pear,data/model1_body_shape\images\01270.png
103.6,88.9,92.2,162.3,InvertedTriangle,data/model1_body_shape\images\04176.png
103.6,80.1,89.4,165.9,InvertedTriangle,data/model1_body_shape\images\04962.png
89.0,71.2,78.9,163.8,InvertedTriangle,data/model1_body_shape\images\04883.png
92.1,81.9,82.0,170.1,InvertedTriangle,data/model1_body_shape\images\04094.png
105.3,89.3,100.5,174.7,Rectangle,data/model1_body_shape\images\03159.png
83.0,69.3,95.5,159.0,Pear,data/model1_body_shape\images\01813.png
104.0,102.0,107.8,161.0,Apple,data/model1_body_shape\images\02426.png
80.0,66.6,82.9,167.6,Rectangle,data/model1_body_shape\images\03950.png
106.0,99.0,93.7,169.7,InvertedTriangle,data/model1_body_shape\images\04428.png
102.6,100.3,97.9,162.6,Apple,data/model1_body_shape\images\02142.png
79.2,65.5,96.0,160.2,Pear,data/model1_body_shape\images\01626.png
83.9,64.9,86.7,164.0,Hourglass,data/model1_body_shape\images\00789.png
84.4,74.9,82.1,179.9,Rectangle,data/model1_body_shape\images\03786.png
89.5,79.2,106.3,175.8,Pear,data/model1_body_shape\images\01864.png
95.4,96.9,97.8,171.3,Apple,data/model1_body_shape\images\02865.png
105.3,80.1,110.3,153.0,Hourglass,data/model1_body_shape\images\00871.png
92.2,76.2,87.8,162.0,Rectangle,data/model1_body_shape\images\03271.png
86.9,75.2,84.9,161.9,Rectangle,data/model1_body_shape\images\03833.png
102.2,83.7,107.1,158.7,Hourglass,data/model1_body_shape\images\00073.png
86.3,78.0,102.5,159.4,Pear,data/model1_body_shape\images\01752.png
97.5,83.8,114.4,168.5,Pear,data/model1_body_shape\images\01421.png
95.1,69.3,85.6,168.3,InvertedTriangle,data/model1_body_shape\images\04221.png
89.2,68.4,78.3,160.5,InvertedTriangle,data/model1_body_shape\images\04693.png
89.7,82.4,76.1,161.8,InvertedTriangle,data/model1_body_shape\images\04369.png
108.6,72.8,94.1,158.2,InvertedTriangle,data/model1_body_shape\images\04575.png
95.1,88.7,99.8,168.2,Rectangle,data/model1_body_shape\images\03809.png
95.5,92.5,96.8,150.4,Apple,data/model1_body_shape\images\02244.png
99.1,89.7,98.5,159.0,Rectangle,data/model1_body_shape\images\03047.png
88.7,88.7,83.9,173.8,Apple,data/model1_body_shape\images\02445.png
105.7,60.3,101.5,156.7,Hourglass,data/model1_body_shape\images\00494.png
103.5,93.3,101.3,159.5,Rectangle,data/model1_body_shape\images\03130.png
88.1,77.6,76.9,165.0,InvertedTriangle,data/model1_body_shape\images\04321.png
93.4,82.1,81.1,160.7,InvertedTriangle,data/model1_body_shape\images\04397.png
83.3,78.5,98.8,159.5,Pear,data/model1_body_shape\images\01164.png
103.2,88.9,98.3,160.6,Rectangle,data/model1_body_shape\images\03734.png
104.6,63.1,118.6,166.3,Pear,data/model1_body_shape\images\01730.png
105.7,97.8,96.3,160.5,InvertedTriangle,data/model1_body_shape\images\04812.png
86.7,87.7,92.2,163.8,Apple,data/model1_body_shape\images\02402.png
104.5,89.2,100.4,168.6,Rectangle,data/model1_body_shape\images\03403.png
91.7,67.5,86.3,162.5,Hourglass,data/model1_body_shape\images\00618.png
104.2,75.6,119.7,157.5,Pear,data/model1_body_shape\images\01697.png
101.8,88.6,96.4,160.7,Rectangle,data/model1_body_shape\images\03593.png
89.8,64.7,107.0,159.9,Pear,data/model1_body_shape\images\01957.png
90.9,66.3,103.4,165.8,Pear,data/model1_body_shape\images\01221.png
103.5,106.3,98.9,165.5,Apple,data/model1_body_shape\images\02073.png
104.6,93.5,106.2,154.6,Rectangle,data/model1_body_shape\images\03410.png
95.6,73.8,95.6,164.7,Hourglass,data/model1_body_shape\images\00869.png
105.7,114.4,110.8,157.5,Apple,data/model1_body_shape\images\02718.png
104.6,87.0,114.6,172.3,Pear,data/model1_body_shape\images\01042.png
79.9,67.8,92.0,161.6,Pear,data/model1_body_shape\images\01361.png
86.9,60.4,92.6,160.7,Hourglass,data/model1_body_shape\images\00356.png
94.7,72.7,112.6,164.2,Pear,data/model1_body_shape\images\01162.png
93.6,88.5,96.2,160.4,Apple,data/model1_body_shape\images\02765.png
84.5,74.0,87.9,165.0,Rectangle,data/model1_body_shape\images\03252.png
85.7,78.7,95.7,162.1,Pear,data/model1_body_shape\images\01438.png
82.3,69.3,83.7,165.3,Rectangle,data/model1_body_shape\images\03603.png
95.0,75.3,83.1,153.7,InvertedTriangle,data/model1_body_shape\images\04940.png
106.0,79.9,94.2,171.8,InvertedTriangle,data/model1_body_shape\images\04593.png
100.6,83.8,100.7,173.3,Rectangle,data/model1_body_shape\images\03639.png
104.8,102.0,115.3,169.4,Pear,data/model1_body_shape\images\01253.png
83.1,74.4,83.4,172.9,Rectangle,data/model1_body_shape\images\03365.png
86.5,67.2,87.6,147.4,Hourglass,data/model1_body_shape\images\00332.png
97.9,88.2,98.7,173.1,Rectangle,data/model1_body_shape\images\03694.png
96.0,87.8,100.9,154.7,Rectangle,data/model1_body_shape\images\03568.png
90.7,96.8,94.9,153.6,Apple,data/model1_body_shape\images\02728.png
99.9,90.3,96.9,161.7,Rectangle,data/model1_body_shape\images\03667.png
96.1,82.0,109.0,168.3,Pear,data/model1_body_shape\images\01630.png
100.0,62.7,116.0,158.7,Pear,data/model1_body_shape\images\01116.png
104.9,91.9,118.8,157.9,Pear,data/model1_body_shape\images\01849.png
97.9,88.0,102.3,170.9,Rectangle,data/model1_body_shape\images\03554.png
94.0,83.2,94.5,157.1,Rectangle,data/model1_body_shape\images\03153.png
86.5,78.5,89.3,163.1,Rectangle,data/model1_body_shape\images\03265.png
95.0,88.0,109.6,145.0,Pear,data/model1_body_shape\images\01665.png
100.4,62.8,98.1,156.6,Hourglass,data/model1_body_shape\images\00445.png
92.9,96.8,91.8,165.7,Apple,data/model1_body_shape\images\02245.png
104.3,72.9,104.2,154.1,Hourglass,data/model1_body_shape\images\00452.png
104.5,79.4,115.3,174.2,Pear,data/model1_body_shape\images\01551.png
104.4,97.3,88.5,159.9,InvertedTriangle,data/model1_body_shape\images\04434.png
97.0,92.4,96.5,160.4,Apple,data/model1_body_shape\images\02954.png
93.0,60.4,93.8,172.5,Hourglass,data/model1_body_shape\images\00014.png
90.6,78.5,86.3,160.1,Rectangle,data/model1_body_shape\images\03628.png
85.3,58.6,86.1,166.4,Hourglass,data/model1_body_shape\images\00945.png
92.5,58.0,94.2,152.4,Hourglass,data/model1_body_shape\images\00247.png
109.8,72.7,99.0,167.0,InvertedTriangle,data/model1_body_shape\images\04697.png
101.2,79.8,102.6,170.8,Hourglass,data/model1_body_shape\images\00360.png
94.2,78.3,83.2,163.0,InvertedTriangle,data/model1_body_shape\images\04656.png
92.0,66.2,108.1,166.5,Pear,data/model1_body_shape\images\01614.png
94.2,102.7,99.3,150.3,Apple,data/model1_body_shape\images\02303.png
105.4,94.0,95.0,165.5,InvertedTriangle,data/model1_body_shape\images\04141.png
90.5,81.9,94.3,166.8,Rectangle,data/model1_body_shape\images\03168.png
107.2,103.2,105.2,165.6,Apple,data/model1_body_shape\images\02478.png
92.9,66.4,82.5,156.7,InvertedTriangle,data/model1_body_shape\images\04214.png
91.9,67.4,80.7,156.6,InvertedTriangle,data/model1_body_shape\images\04180.png
93.3,69.1,77.7,171.0,InvertedTriangle,data/model1_body_shape\images\04884.png
98.6,87.6,103.2,153.1,Rectangle,data/model1_body_shape\images\03163.png
99.6,61.8,98.0,150.0,Hourglass,data/model1_body_shape\images\00490.png
103.8,73.7,109.0,157.0,Hourglass,data/model1_body_shape\images\00862.png
100.9,97.7,112.1,161.6,Pear,data/model1_body_shape\images\01740.png
91.9,66.4,75.6,152.5,InvertedTriangle,data/model1_body_shape\images\04099.png
102.1,78.0,88.8,160.4,InvertedTriangle,data/model1_body_shape\images\04385.png
87.6,85.4,92.7,165.7,Apple,data/model1_body_shape\images\02447.png
90.3,73.2,73.5,159.8,InvertedTriangle,data/model1_body_shape\images\04230.png
104.6,71.8,98.9,162.6,Hourglass,data/model1_body_shape\images\00506.png
90.6,97.6,95.8,161.2,Apple,data/model1_body_shape\images\02677.png
97.3,100.9,93.4,172.2,Apple,data/model1_body_shape\images\02995.png
103.9,100.5,114.5,156.2,Pear,data/model1_body_shape\images\01942.png
103.4,75.4,116.6,152.7,Pear,data/model1_body_shape\images\01222.png
103.7,73.5,113.7,159.3,Pear,data/model1_body_shape\images\01113.png
104.9,80.5,119.9,160.1,Pear,data/model1_body_shape\images\01905.png
91.4,80.9,95.8,160.8,Rectangle,data/model1_body_shape\images\03423.png
92.6,89.9,109.7,160.9,Pear,data/model1_body_shape\images\01877.png
108.2,72.6,94.5,167.0,InvertedTriangle,data/model1_body_shape\images\04672.png
82.7,62.7,88.2,163.0,Hourglass,data/model1_body_shape\images\00433.png
88.2,87.2,89.1,156.4,Apple,data/model1_body_shape\images\02364.png
97.4,87.0,96.0,149.9,Rectangle,data/model1_body_shape\images\03154.png
89.1,89.4,84.1,151.3,Apple,data/model1_body_shape\images\02835.png
108.9,111.8,110.7,160.9,Apple,data/model1_body_shape\images\02092.png
101.3,89.6,98.9,154.2,Rectangle,data/model1_body_shape\images\03010.png
105.9,96.4,103.6,153.0,Rectangle,data/model1_body_shape\images\03162.png
95.5,92.7,96.5,156.1,Apple,data/model1_body_shape\images\02945.png
85.6,68.7,85.5,152.0,Rectangle,data/model1_body_shape\images\03916.png
94.1,99.5,97.2,168.4,Apple,data/model1_body_shape\images\02916.png
99.4,65.9,116.6,169.9,Pear,data/model1_body_shape\images\01102.png
86.4,74.3,101.3,157.7,Pear,data/model1_body_shape\images\01448.png
96.7,85.1,111.5,159.5,Pear,data/model1_body_shape\images\01720.png
88.3,81.1,76.1,166.6,InvertedTriangle,data/model1_body_shape\images\04518.png
83.1,70.2,84.4,164.3,Rectangle,data/model1_body_shape\images\03842.png
95.3,75.9,99.0,167.3,Hourglass,data/model1_body_shape\images\00156.png
96.5,99.8,100.4,164.0,Apple,data/model1_body_shape\images\02978.png
98.0,81.0,112.4,172.1,Pear,data/model1_body_shape\images\01773.png
86.6,66.6,85.1,161.9,Hourglass,data/model1_body_shape\images\00615.png
85.0,64.0,82.5,150.6,Hourglass,data/model1_body_shape\images\00643.png
81.2,68.1,97.5,157.2,Pear,data/model1_body_shape\images\01935.png
105.1,76.2,91.4,161.4,InvertedTriangle,data/model1_body_shape\images\04277.png
81.5,68.0,95.5,159.6,Pear,data/model1_body_shape\images\01068.png
93.8,88.9,76.8,162.1,InvertedTriangle,data/model1_body_shape\images\04454.png
103.5,86.2,86.5,157.0,InvertedTriangle,data/model1_body_shape\images\04154.png
98.2,91.0,80.7,162.0,InvertedTriangle,data/model1_body_shape\images\04239.png
92.6,84.3,82.2,171.8,InvertedTriangle,data/model1_body_shape\images\04868.png
88.5,64.5,84.4,147.1,Hourglass,data/model1_body_shape\images\00330.png
97.9,98.2,92.0,157.5,Apple,data/model1_body_shape\images\02057.png
102.2,94.6,99.7,154.2,Apple,data/model1_body_shape\images\02646.png
110.7,109.4,105.5,158.0,Apple,data/model1_body_shape\images\02191.png
104.5,76.3,104.9,169.0,Hourglass,data/model1_body_shape\images\00622.png
77.8,70.3,95.1,161.1,Pear,data/model1_body_shape\images\01595.png
96.7,97.0,101.6,164.8,Apple,data/model1_body_shape\images\02915.png
108.6,97.1,91.8,164.8,InvertedTriangle,data/model1_body_shape\images\04821.png
90.8,79.5,89.9,175.4,Rectangle,data/model1_body_shape\images\03898.png
99.7,65.3,112.7,166.8,Pear,data/model1_body_shape\images\01919.png
91.8,80.1,74.7,157.3,InvertedTriangle,data/model1_body_shape\images\04173.png
90.3,77.0,72.9,163.3,InvertedTriangle,data/model1_body_shape\images\04477.png
97.4,63.3,102.4,161.4,Hourglass,data/model1_body_shape\images\00755.png
90.5,67.1,88.7,156.7,Hourglass,data/model1_body_shape\images\00518.png
82.6,68.7,83.6,169.4,Rectangle,data/model1_body_shape\images\03803.png
84.5,59.4,85.5,155.5,Hourglass,data/model1_body_shape\images\00032.png
101.1,96.3,100.4,153.7,Apple,data/model1_body_shape\images\02937.png
80.1,68.6,94.3,167.5,Pear,data/model1_body_shape\images\01157.png
96.3,70.8,93.2,172.0,Hourglass,data/model1_body_shape\images\00744.png
107.3,78.0,117.9,173.9,Pear,data/model1_body_shape\images\01497.png
88.5,81.0,90.8,161.3,Rectangle,data/model1_body_shape\images\03459.png
90.9,77.8,94.4,165.4,Rectangle,data/model1_body_shape\images\03755.png
86.9,84.1,91.1,156.4,Apple,data/model1_body_shape\images\02591.png
105.1,75.8,100.9,170.7,Hourglass,data/model1_body_shape\images\00783.png
87.0,73.5,85.3,170.7,Rectangle,data/model1_body_shape\images\03493.png
101.4,104.5,105.4,166.6,Apple,data/model1_body_shape\images\02949.png
95.0,61.8,91.0,159.8,Hourglass,data/model1_body_shape\images\00229.png
103.7,75.3,97.9,175.1,Hourglass,data/model1_body_shape\images\00857.png
88.4,88.3,91.2,168.3,Apple,data/model1_body_shape\images\02266.png
105.1,79.5,93.5,167.2,InvertedTriangle,data/model1_body_shape\images\04274.png
93.2,60.5,89.6,171.5,Hourglass,data/model1_body_shape\images\00408.png
97.2,66.1,95.3,150.2,Hourglass,data/model1_body_shape\images\00170.png
95.6,73.3,94.5,162.7,Hourglass,data/model1_body_shape\images\00540.png
96.6,97.7,100.3,152.3,Apple,data/model1_body_shape\images\02210.png
98.4,96.2,94.5,165.4,Apple,data/model1_body_shape\images\02304.png
100.2,97.3,100.9,154.5,Apple,data/model1_body_shape\images\02567.png
90.1,69.6,89.5,149.0,Hourglass,data/model1_body_shape\images\00613.png
99.6,97.0,97.9,159.6,Apple,data/model1_body_shape\images\02101.png
97.4,74.3,108.1,163.3,Pear,data/model1_body_shape\images\01808.png
92.7,78.6,89.9,165.7,Rectangle,data/model1_body_shape\images\03438.png
99.0,63.6,116.5,161.3,Pear,data/model1_body_shape\images\01161.png
109.9,88.8,98.5,173.0,InvertedTriangle,data/model1_body_shape\images\04225.png
104.4,89.0,102.6,157.9,Rectangle,data/model1_body_shape\images\03119.png
97.1,84.4,91.7,152.1,Rectangle,data/model1_body_shape\images\03652.png
79.9,62.2,96.5,160.3,Pear,data/model1_body_shape\images\01610.png
96.0,84.8,107.1,162.0,Pear,data/model1_body_shape\images\01932.png
89.9,74.1,86.9,163.7,Rectangle,data/model1_body_shape\images\03027.png
102.2,59.0,106.6,163.1,Hourglass,data/model1_body_shape\images\00564.png
81.3,69.9,83.5,164.4,Rectangle,data/model1_body_shape\images\03571.png
94.8,75.8,78.4,167.1,InvertedTriangle,data/model1_body_shape\images\04247.png
110.7,115.0,113.6,151.0,Apple,data/model1_body_shape\images\02388.png
97.2,89.2,107.7,169.9,Pear,data/model1_body_shape\images\01471.png
105.8,111.8,110.3,169.2,Apple,data/model1_body_shape\images\02630.png
91.0,89.0,102.9,162.9,Pear,data/model1_body_shape\images\01835.png
108.5,98.5,95.9,167.5,InvertedTriangle,data/model1_body_shape\images\04928.png
97.6,80.9,94.5,176.9,Rectangle,data/model1_body_shape\images\03475.png
86.0,77.5,103.9,173.3,Pear,data/model1_body_shape\images\01533.png
99.9,69.5,87.0,161.8,InvertedTriangle,data/model1_body_shape\images\04327.png
99.2,93.2,93.8,157.5,Apple,data/model1_body_shape\images\02484.png
108.4,70.6,93.7,164.7,InvertedTriangle,data/model1_body_shape\images\04207.png
99.5,74.0,109.1,159.0,Pear,data/model1_body_shape\images\01172.png
101.4,63.4,119.1,161.2,Pear,data/model1_body_shape\images\01427.png
83.3,60.9,88.6,164.6,Hourglass,data/model1_body_shape\images\00325.png
102.5,87.2,116.3,159.3,Pear,data/model1_body_shape\images\01051.png
87.8,78.0,89.9,163.5,Rectangle,data/model1_body_shape\images\03319.png
92.4,85.0,81.4,152.5,InvertedTriangle,data/model1_body_shape\images\04721.png
88.0,77.3,93.9,154.6,Rectangle,data/model1_body_shape\images\03864.png
97.4,104.6,102.2,169.1,Apple,data/model1_body_shape\images\02603.png
88.4,63.3,104.7,162.1,Pear,data/model1_body_shape\images\01738.png
92.0,69.7,107.5,167.1,Pear,data/model1_body_shape\images\01196.png
94.0,66.5,88.4,167.4,Hourglass,data/model1_body_shape\images\00620.png
101.4,84.7,113.1,150.9,Pear,data/model1_body_shape\images\01374.png
108.1,103.2,103.6,150.5,Apple,data/model1_body_shape\images\02879.png
81.0,78.2,92.5,164.7,Pear,data/model1_body_shape\images\01189.png
93.9,58.1,93.5,163.8,Hourglass,data/model1_body_shape\images\00328.png
100.5,68.8,97.8,167.9,Hourglass,data/model1_body_shape\images\00648.png
105.1,66.1,106.6,168.0,Hourglass,data/model1_body_shape\images\00897.png
100.4,86.0,101.7,153.8,Rectangle,data/model1_body_shape\images\03882.png
97.1,69.8,112.3,167.1,Pear,data/model1_body_shape\images\01123.png
83.1,63.1,95.9,156.0,Pear,data/model1_body_shape\images\01891.png
101.1,93.6,90.1,160.3,InvertedTriangle,data/model1_body_shape\images\04643.png
109.2,101.6,93.7,167.0,InvertedTriangle,data/model1_body_shape\images\04791.png
94.3,78.8,83.6,154.3,InvertedTriangle,data/model1_body_shape\images\04529.png
107.4,98.8,93.3,159.7,InvertedTriangle,data/model1_body_shape\images\04234.png
85.0,64.4,94.2,165.0,Pear,data/model1_body_shape\images\01593.png
81.1,64.8,76.5,152.5,Rectangle,data/model1_body_shape\images\03312.png
98.3,99.8,95.8,176.6,Apple,data/model1_body_shape\images\02547.png
93.8,75.5,105.6,151.9,Pear,data/model1_body_shape\images\01545.png
103.0,81.0,88.5,164.5,InvertedTriangle,data/model1_body_shape\images\04336.png
82.6,70.9,96.3,156.9,Pear,data/model1_body_shape\images\01023.png
82.9,74.4,100.0,148.4,Pear,data/model1_body_shape\images\01971.png
105.9,65.6,92.6,158.6,InvertedTriangle,data/model1_body_shape\images\04988.png
86.6,75.7,102.4,156.6,Pear,data/model1_body_shape\images\01714.png
101.4,81.0,114.1,156.4,Pear,data/model1_body_shape\images\01717.png
87.4,70.1,102.3,168.2,Pear,data/model1_body_shape\images\01477.png
87.5,63.9,83.7,153.7,Hourglass,data/model1_body_shape\images\00809.png
93.3,97.0,93.5,153.0,Apple,data/model1_body_shape\images\02850.png
96.6,72.8,92.7,148.9,Hourglass,data/model1_body_shape\images\00978.png
97.3,74.9,83.0,156.6,InvertedTriangle,data/model1_body_shape\images\04687.png
109.9,77.4,92.3,170.3,InvertedTriangle,data/model1_body_shape\images\04895.png
103.3,74.9,115.7,164.7,Pear,data/model1_body_shape\images\01684.png
102.2,69.8,89.5,159.5,InvertedTriangle,data/model1_body_shape\images\04660.png
99.6,81.7,109.9,167.5,Pear,data/model1_body_shape\images\01514.png
90.0,84.2,89.3,150.4,Apple,data/model1_body_shape\images\02404.png
107.5,105.6,102.6,164.3,Apple,data/model1_body_shape\images\02021.png
103.7,69.1,88.1,165.6,InvertedTriangle,data/model1_body_shape\images\04553.png
82.2,67.8,100.1,174.0,Pear,data/model1_body_shape\images\01767.png
87.8,59.5,85.7,178.7,Hourglass,data/model1_body_shape\images\00174.png
78.2,68.4,93.5,172.2,Pear,data/model1_body_shape\images\01554.png
99.7,79.3,89.7,155.4,InvertedTriangle,data/model1_body_shape\images\04215.png
93.2,73.3,109.4,156.3,Pear,data/model1_body_shape\images\01482.png
102.4,94.3,84.6,171.2,InvertedTriangle,data/model1_body_shape\images\04461.png
103.3,66.3,102.0,184.3,Hourglass,data/model1_body_shape\images\00217.png
102.0,92.9,96.9,158.2,Rectangle,data/model1_body_shape\images\03914.png
102.0,91.1,107.0,165.0,Rectangle,data/model1_body_shape\images\03720.png
97.3,62.2,95.5,163.3,Hourglass,data/model1_body_shape\images\00690.png
102.5,97.5,103.7,165.2,Apple,data/model1_body_shape\images\02577.png
111.3,115.5,113.0,172.6,Apple,data/model1_body_shape\images\02233.png
104.5,103.9,108.3,175.2,Apple,data/model1_body_shape\images\02238.png
76.8,67.4,93.3,159.5,Pear,data/model1_body_shape\images\01106.png
96.0,88.1,110.4,156.3,Pear,data/model1_body_shape\images\01789.png
105.9,93.0,106.7,156.2,Rectangle,data/model1_body_shape\images\03188.png
96.4,102.8,101.0,158.9,Apple,data/model1_body_shape\images\02436.png
98.3,68.3,93.4,150.1,Hourglass,data/model1_body_shape\images\00611.png
89.3,80.0,88.9,163.0,Rectangle,data/model1_body_shape\images\03660.png
88.4,77.1,91.1,164.7,Rectangle,data/model1_body_shape\images\03711.png
83.6,58.5,82.4,162.9,Hourglass,data/model1_body_shape\images\00576.png
109.9,110.0,114.3,167.3,Apple,data/model1_body_shape\images\02063.png
96.1,67.8,81.7,156.8,InvertedTriangle,data/model1_body_shape\images\04435.png
94.5,92.2,107.3,157.7,Pear,data/model1_body_shape\images\01180.png
101.0,75.2,99.8,166.5,Hourglass,data/model1_body_shape\images\00888.png
90.2,83.4,93.1,170.5,Rectangle,data/model1_body_shape\images\03128.png
107.6,95.4,119.0,158.8,Pear,data/model1_body_shape\images\01732.png
111.6,109.2,108.7,171.7,Apple,data/model1_body_shape\images\02663.png
93.9,58.5,93.7,157.9,Hourglass,data/model1_body_shape\images\00817.png
101.7,88.0,95.8,157.8,Rectangle,data/model1_body_shape\images\03277.png
100.8,80.5,112.8,163.2,Pear,data/model1_body_shape\images\01859.png
94.3,68.0,88.5,163.8,Hourglass,data/model1_body_shape\images\00208.png
100.0,59.7,95.5,159.3,Hourglass,data/model1_body_shape\images\00293.png
94.9,89.1,108.5,150.1,Pear,data/model1_body_shape\images\01119.png
108.6,108.4,111.5,170.2,Apple,data/model1_body_shape\images\02213.png
108.4,91.5,119.8,169.1,Pear,data/model1_body_shape\images\01609.png
101.2,75.5,113.2,145.0,Pear,data/model1_body_shape\images\01264.png
83.9,59.4,81.8,160.4,Hourglass,data/model1_body_shape\images\00990.png
106.4,81.2,90.7,163.9,InvertedTriangle,data/model1_body_shape\images\04197.png
99.3,72.7,110.2,167.6,Pear,data/model1_body_shape\images\01616.png
93.0,63.6,91.6,162.7,Hourglass,data/model1_body_shape\images\00353.png
89.1,67.9,74.7,161.7,InvertedTriangle,data/model1_body_shape\images\04557.png
100.9,105.0,105.6,151.2,Apple,data/model1_body_shape\images\02022.png
87.8,78.9,88.4,169.3,Rectangle,data/model1_body_shape\images\03690.png
101.2,101.9,107.0,152.3,Apple,data/model1_body_shape\images\02555.png
93.8,79.0,95.7,155.5,Rectangle,data/model1_body_shape\images\03048.png
99.0,86.2,113.9,148.8,Pear,data/model1_body_shape\images\01228.png
97.9,63.3,92.1,172.1,Hourglass,data/model1_body_shape\images\00259.png
107.2,64.4,116.2,158.0,Pear,data/model1_body_shape\images\01519.png
105.3,91.7,118.1,158.3,Pear,data/model1_body_shape\images\01777.png
108.3,67.2,94.4,154.8,InvertedTriangle,data/model1_body_shape\images\04739.png
84.7,76.7,95.8,160.5,Pear,data/model1_body_shape\images\01770.png
110.7,77.7,100.1,158.0,InvertedTriangle,data/model1_body_shape\images\04353.png
84.9,64.2,85.0,153.5,Hourglass,data/model1_body_shape\images\00052.png
89.9,75.1,86.8,159.3,Rectangle,data/model1_body_shape\images\03473.png
91.4,67.4,76.2,165.2,InvertedTriangle,data/model1_body_shape\images\04683.png
107.2,87.2,95.8,157.3,InvertedTriangle,data/model1_body_shape\images\04411.png
101.9,102.5,105.7,153.8,Apple,data/model1_body_shape\images\02409.png
87.6,86.2,93.5,172.5,Apple,data/model1_body_shape\images\02787.png
104.5,103.0,101.9,162.8,Apple,data/model1_body_shape\images\02344.png
89.8,72.4,99.0,160.9,Pear,data/model1_body_shape\images\01033.png
98.1,82.2,109.2,162.7,Pear,data/model1_body_shape\images\01097.png
96.0,74.0,93.2,180.9,Hourglass,data/model1_body_shape\images\00543.png
76.2,70.4,94.0,167.2,Pear,data/model1_body_shape\images\01046.png
78.6,75.9,92.1,167.3,Pear,data/model1_body_shape\images\01894.png
92.3,88.3,75.2,158.4,InvertedTriangle,data/model1_body_shape\images\04376.png
96.0,59.7,97.8,163.3,Hourglass,data/model1_body_shape\images\00030.png
98.2,68.0,92.9,166.4,Hourglass,data/model1_body_shape\images\00725.png
100.4,78.8,85.6,164.2,InvertedTriangle,data/model1_body_shape\images\04961.png
110.1,65.8,95.8,157.8,InvertedTriangle,data/model1_body_shape\images\04718.png
94.0,82.6,90.1,156.7,Rectangle,data/model1_body_shape\images\03903.png
101.4,68.9,111.0,157.2,Pear,data/model1_body_shape\images\01426.png
100.9,102.7,106.0,159.0,Apple,data/model1_body_shape\images\02497.png
90.4,60.0,91.3,154.9,Hourglass,data/model1_body_shape\images\00436.png
98.4,94.9,101.3,170.6,Apple,data/model1_body_shape\images\02470.png
83.3,59.2,86.1,158.0,Hourglass,data/model1_body_shape\images\00912.png
103.0,65.7,86.5,160.2,InvertedTriangle,data/model1_body_shape\images\04222.png
105.1,84.4,94.4,160.4,InvertedTriangle,data/model1_body_shape\images\04352.png
97.7,79.5,86.0,165.4,InvertedTriangle,data/model1_body_shape\images\04512.png
106.6,88.6,97.5,163.7,InvertedTriangle,data/model1_body_shape\images\04443.png
86.2,92.9,89.1,181.1,Apple,data/model1_body_shape\images\02287.png
110.2,87.5,100.0,160.6,InvertedTriangle,data/model1_body_shape\images\04597.png
80.0,63.7,97.3,162.7,Pear,data/model1_body_shape\images\01238.png
86.2,61.7,80.9,153.2,Hourglass,data/model1_body_shape\images\00903.png
99.0,87.2,96.4,157.5,Rectangle,data/model1_body_shape\images\03620.png
86.8,71.2,83.6,153.2,Rectangle,data/model1_body_shape\images\03231.png
96.5,98.9,91.2,159.8,Apple,data/model1_body_shape\images\02859.png
88.8,66.1,92.3,158.3,Hourglass,data/model1_body_shape\images\00507.png
102.0,85.5,96.4,158.8,Rectangle,data/model1_body_shape\images\03221.png
92.0,59.1,86.0,154.8,Hourglass,data/model1_body_shape\images\00183.png
102.4,88.6,112.2,174.3,Pear,data/model1_body_shape\images\01564.png
105.8,99.0,100.1,164.2,Apple,data/model1_body_shape\images\02704.png
95.3,63.9,93.2,161.7,Hourglass,data/model1_body_shape\images\00321.png
105.1,91.7,100.6,164.5,Rectangle,data/model1_body_shape\images\03563.png
80.5,75.0,93.2,159.2,Pear,data/model1_body_shape\images\01538.png
98.1,94.7,107.2,165.8,Pear,data/model1_body_shape\images\01837.png
106.1,106.8,101.8,164.8,Apple,data/model1_body_shape\images\02380.png
87.4,72.2,102.4,165.3,Pear,data/model1_body_shape\images\01912.png
80.9,69.8,97.8,160.0,Pear,data/model1_body_shape\images\01840.png
89.5,95.4,93.5,158.0,Apple,data/model1_body_shape\images\02115.png
98.4,80.8,86.5,162.3,InvertedTriangle,data/model1_body_shape\images\04437.png
95.4,91.5,106.3,160.9,Pear,data/model1_body_shape\images\01146.png
104.9,100.3,100.9,167.2,Apple,data/model1_body_shape\images\02486.png
92.4,72.7,98.4,173.1,Hourglass,data/model1_body_shape\images\00044.png
101.8,107.5,105.1,153.0,Apple,data/model1_body_shape\images\02154.png
101.7,96.6,113.7,145.0,Pear,data/model1_body_shape\images\01526.png
93.6,86.9,84.5,156.6,InvertedTriangle,data/model1_body_shape\images\04855.png
81.6,65.1,93.8,160.8,Pear,data/model1_body_shape\images\01378.png
87.5,67.4,102.7,158.1,Pear,data/model1_body_shape\images\01765.png
100.8,92.4,105.3,157.2,Rectangle,data/model1_body_shape\images\03012.png
100.8,77.6,97.3,169.9,Hourglass,data/model1_body_shape\images\00413.png
105.7,65.1,91.7,165.1,InvertedTriangle,data/model1_body_shape\images\04284.png
102.1,93.7,117.0,155.7,Pear,data/model1_body_shape\images\01407.png
84.4,80.1,101.9,169.5,Pear,data/model1_body_shape\images\01658.png
84.4,58.6,80.4,165.8,Hourglass,data/model1_body_shape\images\00801.png
102.9,85.7,117.1,157.3,Pear,data/model1_body_shape\images\01288.png
105.4,105.2,106.1,156.7,Apple,data/model1_body_shape\images\02182.png
93.4,88.9,93.3,165.1,Apple,data/model1_body_shape\images\02588.png
98.3,99.6,94.2,166.6,Apple,data/model1_body_shape\images\02615.png
101.0,93.7,98.8,161.8,Apple,data/model1_body_shape\images\02318.png
99.3,79.1,99.4,167.8,Hourglass,data/model1_body_shape\images\00256.png
107.5,93.2,96.7,161.8,InvertedTriangle,data/model1_body_shape\images\04541.png
91.9,72.1,107.9,172.6,Pear,data/model1_body_shape\images\01729.png
87.4,62.0,98.2,164.6,Pear,data/model1_body_shape\images\01151.png
89.9,78.7,80.0,148.4,InvertedTriangle,data/model1_body_shape\images\04144.png
90.4,69.8,95.1,147.4,Hourglass,data/model1_body_shape\images\00647.png
94.0,95.6,96.7,176.5,Apple,data/model1_body_shape\images\02908.png
107.6,76.2,117.4,158.5,Pear,data/model1_body_shape\images\01702.png
100.1,75.6,114.1,163.3,Pear,data/model1_body_shape\images\01881.png
95.6,88.1,101.3,158.0,Rectangle,data/model1_body_shape\images\03768.png
108.6,73.7,119.8,176.8,Pear,data/model1_body_shape\images\01315.png
91.9,86.6,94.0,173.3,Apple,data/model1_body_shape\images\02269.png
84.2,62.1,97.2,165.9,Pear,data/model1_body_shape\images\01966.png
93.6,88.8,91.0,160.6,Apple,data/model1_body_shape\images\02465.png
104.3,91.3,102.7,158.5,Rectangle,data/model1_body_shape\images\03855.png
80.2,64.5,97.7,161.8,Pear,data/model1_body_shape\images\01350.png
85.8,77.8,87.2,164.9,Rectangle,data/model1_body_shape\images\03296.png
99.0,59.8,95.1,158.3,Hourglass,data/model1_body_shape\images\00112.png
105.6,97.5,108.2,163.3,Rectangle,data/model1_body_shape\images\03133.png
98.8,71.9,104.3,162.3,Hourglass,data/model1_body_shape\images\00263.png
100.3,85.7,111.9,162.1,Pear,data/model1_body_shape\images\01393.png
108.9,78.1,118.6,161.4,Pear,data/model1_body_shape\images\01878.png
98.6,96.5,110.4,168.2,Pear,data/model1_body_shape\images\01186.png
103.4,87.6,99.7,160.4,Rectangle,data/model1_body_shape\images\03071.png
88.9,58.3,94.0,163.7,Hourglass,data/model1_body_shape\images\00056.png
98.4,75.1,115.1,162.3,Pear,data/model1_body_shape\images\01309.png
83.5,58.9,84.6,149.6,Hourglass,data/model1_body_shape\images\00695.png
101.6,97.5,105.1,162.5,Apple,data/model1_body_shape\images\02952.png
95.1,90.3,107.4,151.8,Pear,data/model1_body_shape\images\01726.png
111.1,104.3,112.2,165.2,Apple,data/model1_body_shape\images\02091.png
80.9,66.7,75.3,150.5,Rectangle,data/model1_body_shape\images\03869.png
104.2,69.1,109.4,151.1,Hourglass,data/model1_body_shape\images\00319.png
110.3,95.4,94.8,168.7,InvertedTriangle,data/model1_body_shape\images\04320.png
87.4,67.6,90.1,154.8,Hourglass,data/model1_body_shape\images\00682.png
95.3,79.1,90.8,166.9,Rectangle,data/model1_body_shape\images\03841.png
91.6,82.5,92.9,160.5,Rectangle,data/model1_body_shape\images\03213.png
91.9,95.7,91.3,168.0,Apple,data/model1_body_shape\images\02002.png
95.9,89.8,86.0,157.3,InvertedTriangle,data/model1_body_shape\images\04782.png
98.4,70.7,81.1,162.2,InvertedTriangle,data/model1_body_shape\images\04150.png
84.3,60.2,80.1,155.1,Hourglass,data/model1_body_shape\images\00286.png
97.8,76.0,112.8,160.8,Pear,data/model1_body_shape\images\01888.png
96.4,97.6,99.3,174.6,Apple,data/model1_body_shape\images\02337.png
98.7,98.0,102.2,167.3,Apple,data/model1_body_shape\images\02520.png
109.5,113.3,115.4,169.0,Apple,data/model1_body_shape\images\02277.png
96.4,100.1,101.8,158.7,Apple,data/model1_body_shape\images\02127.png
82.4,72.7,79.3,165.5,Rectangle,data/model1_body_shape\images\03499.png
100.9,95.9,85.1,163.6,InvertedTriangle,data/model1_body_shape\images\04211.png
100.2,107.1,103.3,154.8,Apple,data/model1_body_shape\images\02083.png
86.4,64.5,86.0,162.3,Hourglass,data/model1_body_shape\images\00736.png
105.8,84.2,90.9,159.0,InvertedTriangle,data/model1_body_shape\images\04801.png
89.3,58.3,93.8,164.6,Hourglass,data/model1_body_shape\images\00336.png
108.4,102.8,107.0,165.0,Apple,data/model1_body_shape\images\02596.png
101.3,103.9,95.4,147.9,Apple,data/model1_body_shape\images\02771.png
97.5,86.9,97.1,171.7,Rectangle,data/model1_body_shape\images\03704.png
110.1,87.2,94.5,164.0,InvertedTriangle,data/model1_body_shape\images\04404.png
97.4,75.2,114.1,173.4,Pear,data/model1_body_shape\images\01071.png
111.9,116.6,115.2,162.5,Apple,data/model1_body_shape\images\02290.png
92.6,62.2,102.1,166.1,Pear,data/model1_body_shape\images\01672.png
109.4,78.7,92.5,162.6,InvertedTriangle,data/model1_body_shape\images\04083.png
95.9,75.3,80.6,165.0,InvertedTriangle,data/model1_body_shape\images\04250.png
90.0,65.8,76.9,160.1,InvertedTriangle,data/model1_body_shape\images\04113.png
110.4,70.6,97.6,153.6,InvertedTriangle,data/model1_body_shape\images\04408.png
98.6,82.1,92.9,156.9,Rectangle,data/model1_body_shape\images\03366.png
101.8,83.6,119.0,161.9,Pear,data/model1_body_shape\images\01488.png
84.8,62.3,89.4,160.1,Hourglass,data/model1_body_shape\images\00498.png
94.4,74.0,84.9,169.0,InvertedTriangle,data/model1_body_shape\images\04382.png
89.5,82.0,93.4,161.6,Rectangle,data/model1_body_shape\images\03479.png
99.2,94.7,100.2,155.3,Apple,data/model1_body_shape\images\02581.png
92.2,76.6,88.1,170.4,Rectangle,data/model1_body_shape\images\03123.png
86.3,82.8,83.0,162.5,Apple,data/model1_body_shape\images\02921.png
92.7,87.7,82.4,164.4,InvertedTriangle,data/model1_body_shape\images\04377.png
105.7,103.5,105.2,161.1,Apple,data/model1_body_shape\images\02644.png
98.5,68.7,83.6,156.8,InvertedTriangle,data/model1_body_shape\images\04286.png
99.3,85.5,83.8,154.1,InvertedTriangle,data/model1_body_shape\images\04040.png
86.6,87.5,92.3,156.4,Apple,data/model1_body_shape\images\02034.png
97.4,74.9,114.3,153.4,Pear,data/model1_body_shape\images\01022.png
98.7,97.4,94.4,171.0,Apple,data/model1_body_shape\images\02282.png
109.3,73.5,95.2,157.7,InvertedTriangle,data/model1_body_shape\images\04886.png
91.0,86.1,80.3,160.9,InvertedTriangle,data/model1_body_shape\images\04219.png
98.9,86.9,100.3,163.9,Rectangle,data/model1_body_shape\images\03063.png
101.6,88.3,91.3,167.6,InvertedTriangle,data/model1_body_shape\images\04365.png
102.5,71.0,98.3,160.9,Hourglass,data/model1_body_shape\images\00665.png
105.8,96.9,111.1,160.8,Rectangle,data/model1_body_shape\images\03932.png
102.5,97.0,104.1,168.4,Apple,data/model1_body_shape\images\02638.png
83.9,66.9,83.8,168.3,Rectangle,data/model1_body_shape\images\03176.png
90.6,78.9,80.3,160.0,InvertedTriangle,data/model1_body_shape\images\04265.png
103.8,90.3,105.3,147.2,Rectangle,data/model1_body_shape\images\03121.png
96.4,71.9,110.4,164.5,Pear,data/model1_body_shape\images\01017.png
86.7,62.9,83.9,160.5,Hourglass,data/model1_body_shape\images\00557.png
108.6,112.2,106.0,155.8,Apple,data/model1_body_shape\images\02399.png
98.7,66.0,113.7,154.6,Pear,data/model1_body_shape\images\01207.png
89.3,96.4,93.1,157.8,Apple,data/model1_body_shape\images\02005.png
100.6,105.0,106.4,165.2,Apple,data/model1_body_shape\images\02656.png
96.9,97.8,93.6,163.0,Apple,data/model1_body_shape\images\02135.png
98.3,65.3,108.0,166.6,Pear,data/model1_body_shape\images\01510.png
86.2,78.5,103.0,145.0,Pear,data/model1_body_shape\images\01736.png
83.2,62.2,81.3,177.7,Hourglass,data/model1_body_shape\images\00245.png
88.0,79.5,104.7,155.7,Pear,data/model1_body_shape\images\01163.png
86.9,76.4,82.1,149.1,Rectangle,data/model1_body_shape\images\03362.png
96.6,76.7,96.0,166.7,Hourglass,data/model1_body_shape\images\00266.png
111.0,114.0,110.9,145.2,Apple,data/model1_body_shape\images\02366.png
90.0,87.9,106.7,173.2,Pear,data/model1_body_shape\images\01114.png
92.9,61.3,89.9,154.3,Hourglass,data/model1_body_shape\images\00063.png
93.1,95.9,92.9,160.9,Apple,data/model1_body_shape\images\02592.png
105.2,103.6,106.3,162.4,Apple,data/model1_body_shape\images\02788.png
95.4,93.6,94.0,152.9,Apple,data/model1_body_shape\images\02757.png
102.7,87.3,102.8,170.4,Rectangle,data/model1_body_shape\images\03011.png
89.3,78.6,89.5,165.9,Rectangle,data/model1_body_shape\images\03076.png
111.7,108.4,107.3,165.0,Apple,data/model1_body_shape\images\02998.png
91.1,91.6,93.4,172.0,Apple,data/model1_body_shape\images\02815.png
98.5,101.9,101.1,166.1,Apple,data/model1_body_shape\images\02259.png
108.1,94.6,91.0,157.4,InvertedTriangle,data/model1_body_shape\images\04958.png
103.1,94.9,106.3,154.8,Rectangle,data/model1_body_shape\images\03204.png
84.7,68.9,96.5,162.6,Pear,data/model1_body_shape\images\01237.png
85.4,59.9,88.8,159.2,Hourglass,data/model1_body_shape\images\00103.png
89.7,85.0,87.8,158.3,Apple,data/model1_body_shape\images\02643.png
91.8,68.2,88.5,169.9,Hourglass,data/model1_body_shape\images\00272.png
105.5,68.7,100.1,165.0,Hourglass,data/model1_body_shape\images\00508.png
108.5,110.4,107.2,157.2,Apple,data/model1_body_shape\images\02226.png
102.0,72.9,85.9,152.2,InvertedTriangle,data/model1_body_shape\images\04933.png
108.1,112.8,113.7,175.6,Apple,data/model1_body_shape\images\02441.png
94.0,58.0,95.0,146.6,Hourglass,data/model1_body_shape\images\00865.png
90.2,76.2,91.5,150.5,Rectangle,data/model1_body_shape\images\03326.png
98.3,66.1,95.2,176.4,Hourglass,data/model1_body_shape\images\00908.png
102.1,105.7,100.4,166.9,Apple,data/model1_body_shape\images\02114.png
101.5,86.9,103.1,170.1,Rectangle,data/model1_body_shape\images\03896.png
91.8,88.3,101.9,167.1,Pear,data/model1_body_shape\images\01627.png
94.7,94.7,91.3,165.5,Apple,data/model1_body_shape\images\02873.png
85.3,77.4,100.0,163.3,Pear,data/model1_body_shape\images\01522.png
92.6,58.6,97.3,166.3,Hourglass,data/model1_body_shape\images\00835.png
85.7,58.9,80.4,166.9,Hourglass,data/model1_body_shape\images\00358.png
89.0,65.6,88.9,145.2,Hourglass,data/model1_body_shape\images\00138.png
82.6,58.7,77.2,148.6,Hourglass,data/model1_body_shape\images\00299.png
93.9,79.8,104.9,160.1,Pear,data/model1_body_shape\images\01556.png
94.1,69.3,105.5,162.2,Pear,data/model1_body_shape\images\01003.png
101.6,78.5,100.9,157.6,Hourglass,data/model1_body_shape\images\00382.png
97.7,74.9,99.5,166.7,Hourglass,data/model1_body_shape\images\00941.png
100.0,83.4,87.5,148.4,InvertedTriangle,data/model1_body_shape\images\04446.png
89.5,68.5,75.3,170.5,InvertedTriangle,data/model1_body_shape\images\04854.png
105.1,79.1,108.9,151.2,Hourglass,data/model1_body_shape\images\00761.png
90.8,75.4,101.8,158.6,Pear,data/model1_body_shape\images\01705.png
99.1,69.8,110.8,166.5,Pear,data/model1_body_shape\images\01873.png
87.2,93.1,93.0,150.6,Apple,data/model1_body_shape\images\02550.png
108.9,111.3,111.1,162.0,Apple,data/model1_body_shape\images\02086.png
101.5,96.3,102.1,161.3,Apple,data/model1_body_shape\images\02197.png
102.1,72.6,104.1,160.9,Hourglass,data/model1_body_shape\images\00898.png
100.9,91.5,98.4,163.3,Rectangle,data/model1_body_shape\images\03999.png
97.3,82.5,93.0,173.2,Rectangle,data/model1_body_shape\images\03615.png
81.4,65.2,94.3,162.5,Pear,data/model1_body_shape\images\01402.png
90.5,73.9,90.7,174.1,Rectangle,data/model1_body_shape\images\03873.png
81.8,68.9,84.4,157.7,Rectangle,data/model1_body_shape\images\03785.png
105.0,95.6,93.2,154.7,InvertedTriangle,data/model1_body_shape\images\04386.png
104.6,107.8,106.0,159.5,Apple,data/model1_body_shape\images\02955.png
83.8,74.2,93.9,146.1,Pear,data/model1_body_shape\images\01512.png
102.8,88.5,113.0,165.9,Pear,data/model1_body_shape\images\01188.png
106.9,104.6,112.0,155.1,Apple,data/model1_body_shape\images\02989.png
90.5,94.1,89.1,174.3,Apple,data/model1_body_shape\images\02080.png
111.8,78.9,99.7,164.5,InvertedTriangle,data/model1_body_shape\images\04983.png
85.4,74.9,89.9,158.8,Rectangle,data/model1_body_shape\images\03437.png
85.0,64.7,85.1,162.6,Hourglass,data/model1_body_shape\images\00108.png
110.4,96.0,95.9,155.3,InvertedTriangle,data/model1_body_shape\images\04698.png
97.8,97.4,100.2,152.8,Apple,data/model1_body_shape\images\02827.png
111.6,70.4,102.5,154.1,InvertedTriangle,data/model1_body_shape\images\04747.png
105.2,85.2,106.3,160.0,Hourglass,data/model1_body_shape\images\00058.png
91.2,62.1,92.9,159.4,Hourglass,data/model1_body_shape\images\00076.png
96.2,69.9,91.9,156.5,Hourglass,data/model1_body_shape\images\00796.png
96.2,68.8,93.0,164.0,Hourglass,data/model1_body_shape\images\00368.png
94.1,78.8,78.8,164.1,InvertedTriangle,data/model1_body_shape\images\04905.png
96.5,71.8,102.3,176.1,Hourglass,data/model1_body_shape\images\00785.png
110.5,110.8,114.8,167.9,Apple,data/model1_body_shape\images\02088.png
89.5,89.3,91.7,165.3,Apple,data/model1_body_shape\images\02314.png
104.5,93.5,99.7,153.8,Rectangle,data/model1_body_shape\images\03384.png
104.6,93.9,109.2,165.6,Rectangle,data/model1_body_shape\images\03605.png
89.3,79.6,74.6,164.3,InvertedTriangle,data/model1_body_shape\images\04111.png
96.1,93.8,109.7,159.3,Pear,data/model1_body_shape\images\01902.png
88.3,63.1,101.9,159.7,Pear,data/model1_body_shape\images\01703.png
95.7,71.9,96.5,160.0,Hourglass,data/model1_body_shape\images\00121.png
101.8,62.4,112.0,159.9,Pear,data/model1_body_shape\images\01844.png
101.5,101.6,98.8,156.3,Apple,data/model1_body_shape\images\02369.png
103.4,94.9,106.5,155.4,Rectangle,data/model1_body_shape\images\03728.png
96.7,64.3,94.2,158.2,Hourglass,data/model1_body_shape\images\00910.png
99.7,79.8,104.3,161.6,Hourglass,data/model1_body_shape\images\00124.png
106.6,104.6,105.8,171.7,Apple,data/model1_body_shape\images\02572.png
103.8,84.2,114.2,154.7,Pear,data/model1_body_shape\images\01586.png
78.8,69.6,96.1,175.2,Pear,data/model1_body_shape\images\01257.png
91.4,75.4,87.3,153.7,Rectangle,data/model1_body_shape\images\03441.png
94.5,81.7,92.9,174.9,Rectangle,data/model1_body_shape\images\03480.png
100.8,65.5,89.4,161.6,InvertedTriangle,data/model1_body_shape\images\04108.png
92.5,65.2,109.3,153.8,Pear,data/model1_body_shape\images\01178.png
101.7,95.4,107.4,150.1,Rectangle,data/model1_body_shape\images\03463.png
104.5,100.5,110.2,171.7,Rectangle,data/model1_body_shape\images\03469.png
100.8,90.0,104.7,160.8,Rectangle,data/model1_body_shape\images\03467.png
106.6,102.0,106.0,155.0,Apple,data/model1_body_shape\images\02103.png
90.3,60.4,89.9,156.3,Hourglass,data/model1_body_shape\images\00442.png
93.8,86.1,88.7,162.9,Apple,data/model1_body_shape\images\02227.png
104.4,98.3,90.8,152.8,InvertedTriangle,data/model1_body_shape\images\04416.png
103.8,74.1,104.6,159.2,Hourglass,data/model1_body_shape\images\00925.png
105.5,84.4,91.4,155.7,InvertedTriangle,data/model1_body_shape\images\04020.png
95.9,93.1,98.1,172.2,Apple,data/model1_body_shape\images\02145.png
109.8,93.5,92.6,151.9,InvertedTriangle,data/model1_body_shape\images\04770.png
95.6,62.5,108.4,165.9,Pear,data/model1_body_shape\images\01411.png
104.9,93.5,104.0,154.7,Rectangle,data/model1_body_shape\images\03466.png
107.0,105.3,103.4,154.9,Apple,data/model1_body_shape\images\02072.png
77.2,64.5,93.9,163.7,Pear,data/model1_body_shape\images\01509.png
105.8,95.4,119.5,157.4,Pear,data/model1_body_shape\images\01227.png
103.9,83.5,86.4,158.1,InvertedTriangle,data/model1_body_shape\images\04072.png
90.5,87.5,86.7,161.3,Apple,data/model1_body_shape\images\02585.png
90.0,69.8,72.3,154.7,InvertedTriangle,data/model1_body_shape\images\04450.png
106.7,104.5,100.8,164.1,Apple,data/model1_body_shape\images\02951.png
100.1,93.4,105.7,159.7,Rectangle,data/model1_body_shape\images\03885.png
101.8,73.4,107.0,166.2,Hourglass,data/model1_body_shape\images\00324.png
101.6,87.0,96.9,161.4,Rectangle,data/model1_body_shape\images\03977.png
98.1,81.1,96.3,170.3,Rectangle,data/model1_body_shape\images\03576.png
95.6,95.0,95.6,157.8,Apple,data/model1_body_shape\images\02211.png
80.1,71.0,86.1,170.3,Rectangle,data/model1_body_shape\images\03298.png
80.3,70.5,80.5,172.8,Rectangle,data/model1_body_shape\images\03035.png
86.3,84.2,95.5,162.2,Pear,data/model1_body_shape\images\01498.png
90.2,84.2,104.1,173.4,Pear,data/model1_body_shape\images\01502.png
106.1,95.7,118.7,155.0,Pear,data/model1_body_shape\images\01006.png
97.7,83.8,86.0,164.9,InvertedTriangle,data/model1_body_shape\images\04179.png
99.5,92.6,103.4,162.8,Rectangle,data/model1_body_shape\images\03013.png
94.1,87.2,97.5,161.2,Rectangle,data/model1_body_shape\images\03516.png
90.0,87.0,100.2,179.8,Pear,data/model1_body_shape\images\01467.png
84.0,76.5,96.3,161.0,Pear,data/model1_body_shape\images\01225.png
100.7,86.1,97.6,161.3,Rectangle,data/model1_body_shape\images\03167.png
86.7,87.0,89.0,162.0,Apple,data/model1_body_shape\images\02267.png
91.1,76.3,90.6,164.0,Rectangle,data/model1_body_shape\images\03808.png
100.7,72.6,114.2,164.2,Pear,data/model1_body_shape\images\01216.png
100.8,94.8,106.8,157.7,Rectangle,data/model1_body_shape\images\03976.png
98.6,90.2,82.7,163.2,InvertedTriangle,data/model1_body_shape\images\04584.png
100.9,64.1,105.8,165.8,Hourglass,data/model1_body_shape\images\00420.png
94.6,78.8,91.4,161.7,Rectangle,data/model1_body_shape\images\03422.png
100.7,67.8,97.0,164.6,Hourglass,data/model1_body_shape\images\00006.png
86.0,61.3,91.8,175.8,Hourglass,data/model1_body_shape\images\00932.png
87.2,84.5,97.3,158.7,Pear,data/model1_body_shape\images\01691.png
105.8,61.3,100.6,155.4,Hourglass,data/model1_body_shape\images\00439.png
86.1,69.3,100.6,169.1,Pear,data/model1_body_shape\images\01313.png
88.5,60.2,88.0,164.6,Hourglass,data/model1_body_shape\images\00678.png
79.3,71.2,94.5,171.6,Pear,data/model1_body_shape\images\01943.png
101.8,86.3,88.2,174.3,InvertedTriangle,data/model1_body_shape\images\04610.png
103.2,99.0,108.8,170.0,Rectangle,data/model1_body_shape\images\03303.png
94.2,91.4,90.0,168.2,Apple,data/model1_body_shape\images\02268.png
95.0,80.6,78.2,163.9,InvertedTriangle,data/model1_body_shape\images\04633.png
103.4,68.6,90.4,161.9,InvertedTriangle,data/model1_body_shape\images\04080.png
96.8,96.7,99.0,163.8,Apple,data/model1_body_shape\images\02518.png
106.6,107.2,103.3,168.9,Apple,data/model1_body_shape\images\02439.png
111.8,93.2,102.1,158.9,InvertedTriangle,data/model1_body_shape\images\04037.png
94.7,79.7,111.7,169.9,Pear,data/model1_body_shape\images\01893.png
108.6,67.8,90.8,162.5,InvertedTriangle,data/model1_body_shape\images\04244.png
89.3,68.6,73.7,157.9,InvertedTriangle,data/model1_body_shape\images\04829.png
107.7,114.8,111.1,162.5,Apple,data/model1_body_shape\images\02640.png
96.5,65.4,102.3,155.6,Hourglass,data/model1_body_shape\images\00194.png
86.2,76.5,98.7,152.2,Pear,data/model1_body_shape\images\01474.png
91.6,85.8,79.3,161.2,InvertedTriangle,data/model1_body_shape\images\04616.png
91.8,78.6,102.2,170.4,Pear,data/model1_body_shape\images\01211.png
109.6,107.1,109.6,162.8,Apple,data/model1_body_shape\images\02438.png
102.5,93.8,116.9,154.0,Pear,data/model1_body_shape\images\01657.png
108.3,113.8,111.5,165.3,Apple,data/model1_body_shape\images\02700.png
105.1,93.1,110.1,162.7,Rectangle,data/model1_body_shape\images\03082.png
94.1,91.8,93.0,145.8,Apple,data/model1_body_shape\images\02705.png
105.9,85.7,96.5,158.1,InvertedTriangle,data/model1_body_shape\images\04226.png
111.0,104.0,109.4,153.9,Apple,data/model1_body_shape\images\02842.png
101.6,103.9,96.2,157.3,Apple,data/model1_body_shape\images\02302.png
97.0,85.9,112.9,164.8,Pear,data/model1_body_shape\images\01130.png
96.4,70.4,105.8,164.7,Pear,data/model1_body_shape\images\01461.png
92.1,73.1,93.6,172.0,Hourglass,data/model1_body_shape\images\00276.png
98.3,98.4,96.8,164.6,Apple,data/model1_body_shape\images\02222.png
102.4,105.1,106.5,169.1,Apple,data/model1_body_shape\images\02331.png
90.7,66.0,74.7,165.3,InvertedTriangle,data/model1_body_shape\images\04322.png
90.0,75.3,104.9,158.4,Pear,data/model1_body_shape\images\01302.png
99.5,96.6,104.5,165.1,Apple,data/model1_body_shape\images\02517.png
103.1,62.9,100.5,152.6,Hourglass,data/model1_body_shape\images\00222.png
102.6,105.2,108.1,170.1,Apple,data/model1_body_shape\images\02036.png
86.1,69.7,95.4,166.5,Pear,data/model1_body_shape\images\01924.png
103.6,60.2,109.5,163.0,Hourglass,data/model1_body_shape\images\00573.png
100.4,70.2,117.6,166.2,Pear,data/model1_body_shape\images\01236.png
91.7,80.7,87.9,161.1,Rectangle,data/model1_body_shape\images\03544.png
102.9,99.8,102.0,159.3,Apple,data/model1_body_shape\images\02133.png
93.9,82.4,108.7,161.3,Pear,data/model1_body_shape\images\01334.png
99.0,100.7,100.2,158.1,Apple,data/model1_body_shape\images\02457.png
100.0,60.5,97.4,151.6,Hourglass,data/model1_body_shape\images\00418.png
89.9,68.8,73.2,171.7,InvertedTriangle,data/model1_body_shape\images\04914.png
97.8,84.1,115.6,165.6,Pear,data/model1_body_shape\images\01104.png
97.5,66.0,95.6,166.4,Hourglass,data/model1_body_shape\images\00257.png
85.3,62.2,87.1,162.8,Hourglass,data/model1_body_shape\images\00295.png
92.5,90.3,96.2,166.0,Apple,data/model1_body_shape\images\02361.png
87.7,68.8,90.8,171.2,Hourglass,data/model1_body_shape\images\00386.png
80.6,74.8,83.9,165.3,Rectangle,data/model1_body_shape\images\03308.png
105.8,90.1,90.6,158.9,InvertedTriangle,data/model1_body_shape\images\04013.png
108.9,102.6,105.1,145.0,Apple,data/model1_body_shape\images\02231.png
87.6,90.5,89.6,165.6,Apple,data/model1_body_shape\images\02554.png
106.8,101.3,95.8,156.5,InvertedTriangle,data/model1_body_shape\images\04335.png
82.7,70.1,81.1,161.5,Rectangle,data/model1_body_shape\images\03515.png
80.3,72.7,94.7,170.2,Pear,data/model1_body_shape\images\01839.png
96.2,79.0,83.0,158.1,InvertedTriangle,data/model1_body_shape\images\04384.png
82.1,65.7,99.8,157.5,Pear,data/model1_body_shape\images\01563.png
110.6,107.6,108.8,156.9,Apple,data/model1_body_shape\images\02015.png
95.2,86.9,107.8,164.8,Pear,data/model1_body_shape\images\01400.png
96.9,58.4,96.4,152.4,Hourglass,data/model1_body_shape\images\00712.png
86.5,85.0,87.8,147.9,Apple,data/model1_body_shape\images\02420.png
87.9,93.7,91.6,170.8,Apple,data/model1_body_shape\images\02619.png
91.8,67.7,86.9,159.2,Hourglass,data/model1_body_shape\images\00209.png
107.7,100.9,98.4,164.6,InvertedTriangle,data/model1_body_shape\images\04944.png
80.4,76.4,95.4,175.4,Pear,data/model1_body_shape\images\01289.png
83.8,60.9,83.1,153.5,Hourglass,data/model1_body_shape\images\00449.png
97.0,66.3,83.9,171.5,InvertedTriangle,data/model1_body_shape\images\04091.png
98.3,98.2,100.4,164.9,Apple,data/model1_body_shape\images\02569.png
96.6,66.3,110.0,163.5,Pear,data/model1_body_shape\images\01820.png
90.2,62.6,95.6,165.2,Hourglass,data/model1_body_shape\images\00958.png
79.5,66.7,97.4,175.8,Pear,data/model1_body_shape\images\01793.png
101.9,80.1,88.8,162.2,InvertedTriangle,data/model1_body_shape\images\04786.png
87.0,60.2,90.9,168.8,Hourglass,data/model1_body_shape\images\00654.png
89.0,90.1,94.7,157.7,Apple,data/model1_body_shape\images\02407.png
100.7,86.1,100.9,166.3,Rectangle,data/model1_body_shape\images\03852.png
107.2,92.9,118.1,150.2,Pear,data/model1_body_shape\images\01995.png
93.4,68.9,105.4,160.6,Pear,data/model1_body_shape\images\01760.png
105.5,105.2,102.5,160.6,Apple,data/model1_body_shape\images\02354.png
106.9,108.9,111.6,150.0,Apple,data/model1_body_shape\images\02741.png
99.9,99.5,104.9,152.1,Apple,data/model1_body_shape\images\02617.png
104.7,64.2,103.5,149.6,Hourglass,data/model1_body_shape\images\00411.png
105.8,95.8,120.0,175.8,Pear,data/model1_body_shape\images\01774.png
102.2,87.7,99.0,160.3,Rectangle,data/model1_body_shape\images\03978.png
108.9,116.7,112.8,174.6,Apple,data/model1_body_shape\images\02186.png
107.1,107.2,111.3,160.7,Apple,data/model1_body_shape\images\02379.png
93.9,82.2,95.5,162.2,Rectangle,data/model1_body_shape\images\03963.png
106.0,80.6,92.5,167.2,InvertedTriangle,data/model1_body_shape\images\04311.png
106.3,98.1,92.2,152.9,InvertedTriangle,data/model1_body_shape\images\04774.png
86.5,77.0,90.3,149.4,Rectangle,data/model1_body_shape\images\03702.png
89.2,77.9,88.4,152.6,Rectangle,data/model1_body_shape\images\03972.png
110.6,70.7,97.3,172.5,InvertedTriangle,data/model1_body_shape\images\04765.png
101.6,88.0,99.7,154.9,Rectangle,data/model1_body_shape\images\03558.png
104.3,83.1,93.9,161.1,InvertedTriangle,data/model1_body_shape\images\04110.png
104.3,89.4,106.1,161.8,Rectangle,data/model1_body_shape\images\03497.png
97.5,87.2,96.0,167.3,Rectangle,data/model1_body_shape\images\03765.png
104.7,75.5,99.3,160.9,Hourglass,data/model1_body_shape\images\00430.png
110.2,94.5,98.9,164.9,InvertedTriangle,data/model1_body_shape\images\04484.png
106.2,102.4,106.3,149.0,Apple,data/model1_body_shape\images\02321.png
96.2,82.1,106.2,159.8,Pear,data/model1_body_shape\images\01366.png
95.9,62.0,107.8,145.3,Pear,data/model1_body_shape\images\01992.png
92.1,88.2,94.9,165.2,Apple,data/model1_body_shape\images\02851.png
99.0,69.9,109.9,164.7,Pear,data/model1_body_shape\images\01176.png
102.8,93.6,104.8,163.4,Rectangle,data/model1_body_shape\images\03528.png
81.7,63.0,93.0,154.9,Pear,data/model1_body_shape\images\01476.png
91.8,81.9,86.0,158.1,Rectangle,data/model1_body_shape\images\03740.png
110.5,104.4,106.6,168.2,Apple,data/model1_body_shape\images\02045.png
84.2,58.2,88.9,157.1,Hourglass,data/model1_body_shape\images\00102.png
110.8,76.3,101.2,155.2,InvertedTriangle,data/model1_body_shape\images\04331.png
97.4,101.2,102.5,154.0,Apple,data/model1_body_shape\images\02992.png
86.2,68.5,103.7,164.4,Pear,data/model1_body_shape\images\01263.png
88.4,81.3,82.4,162.7,Apple,data/model1_body_shape\images\02881.png
92.7,80.7,93.6,153.1,Rectangle,data/model1_body_shape\images\03138.png
83.5,70.0,85.4,165.0,Rectangle,data/model1_body_shape\images\03622.png
98.9,92.9,102.3,159.6,Rectangle,data/model1_body_shape\images\03203.png
93.5,67.8,79.1,163.7,InvertedTriangle,data/model1_body_shape\images\04278.png
97.0,92.6,101.8,154.4,Rectangle,data/model1_body_shape\images\03299.png
96.8,76.3,84.7,168.3,InvertedTriangle,data/model1_body_shape\images\04993.png
88.2,81.0,92.8,153.0,Rectangle,data/model1_body_shape\images\03633.png
102.7,84.6,117.5,171.0,Pear,data/model1_body_shape\images\01643.png
89.2,75.0,77.2,156.6,InvertedTriangle,data/model1_body_shape\images\04505.png
100.6,78.5,99.8,168.6,Hourglass,data/model1_body_shape\images\00000.png
103.9,73.3,119.3,167.3,Pear,data/model1_body_shape\images\01580.png
104.0,79.2,93.2,169.3,InvertedTriangle,data/model1_body_shape\images\04422.png
100.1,87.0,83.2,158.3,InvertedTriangle,data/model1_body_shape\images\04116.png
85.1,77.6,95.1,164.2,Pear,data/model1_body_shape\images\01356.png
91.7,67.3,74.6,147.7,InvertedTriangle,data/model1_body_shape\images\04201.png
103.2,83.6,89.0,167.9,InvertedTriangle,data/model1_body_shape\images\04574.png
101.4,88.5,96.6,165.4,Rectangle,data/model1_body_shape\images\03733.png
95.9,98.2,98.0,166.6,Apple,data/model1_body_shape\images\02025.png
97.4,96.2,102.6,168.7,Apple,data/model1_body_shape\images\02218.png
102.0,63.0,104.2,167.4,Hourglass,data/model1_body_shape\images\00396.png
93.0,88.8,79.1,174.6,InvertedTriangle,data/model1_body_shape\images\04941.png
99.2,64.3,108.9,155.0,Pear,data/model1_body_shape\images\01064.png
85.4,74.9,87.2,163.5,Rectangle,data/model1_body_shape\images\03080.png
103.5,107.1,106.8,163.4,Apple,data/model1_body_shape\images\02153.png
89.7,68.7,86.7,152.9,Hourglass,data/model1_body_shape\images\00818.png
93.8,64.2,106.9,158.2,Pear,data/model1_body_shape\images\01812.png
109.1,111.8,113.8,161.9,Apple,data/model1_body_shape\images\02552.png
100.3,85.6,117.6,179.1,Pear,data/model1_body_shape\images\01552.png
109.6,68.3,91.9,145.0,InvertedTriangle,data/model1_body_shape\images\04047.png
93.8,75.0,93.6,162.6,Hourglass,data/model1_body_shape\images\00816.png
91.9,66.2,104.0,169.1,Pear,data/model1_body_shape\images\01572.png
92.6,82.3,78.2,163.4,InvertedTriangle,data/model1_body_shape\images\04552.png
87.4,78.6,104.6,169.3,Pear,data/model1_body_shape\images\01800.png
110.7,79.1,98.4,165.1,InvertedTriangle,data/model1_body_shape\images\04287.png
83.7,63.8,83.5,153.9,Hourglass,data/model1_body_shape\images\00381.png
98.9,98.0,102.0,161.1,Apple,data/model1_body_shape\images\02874.png
101.7,77.2,92.6,164.8,InvertedTriangle,data/model1_body_shape\images\04347.png
102.0,70.9,84.0,158.5,InvertedTriangle,data/model1_body_shape\images\04626.png
102.3,90.8,96.6,160.1,Rectangle,data/model1_body_shape\images\03503.png
91.9,87.7,92.6,172.2,Apple,data/model1_body_shape\images\02311.png
77.5,74.4,95.2,157.0,Pear,data/model1_body_shape\images\01780.png
91.8,95.7,87.2,160.8,Apple,data/model1_body_shape\images\02726.png
99.9,96.5,99.3,166.6,Apple,data/model1_body_shape\images\02437.png
106.4,108.4,108.4,157.6,Apple,data/model1_body_shape\images\02333.png
100.0,75.9,102.1,165.5,Hourglass,data/model1_body_shape\images\00864.png
89.1,77.3,86.1,153.3,Rectangle,data/model1_body_shape\images\03638.png
95.1,82.9,99.2,175.9,Rectangle,data/model1_body_shape\images\03164.png
104.8,83.2,107.8,161.1,Hourglass,data/model1_body_shape\images\00554.png
91.3,69.7,100.6,165.5,Pear,data/model1_body_shape\images\01159.png
98.9,96.9,111.5,174.9,Pear,data/model1_body_shape\images\01213.png
104.6,95.5,99.0,156.7,Rectangle,data/model1_body_shape\images\03760.png
106.0,100.1,88.8,168.5,InvertedTriangle,data/model1_body_shape\images\04213.png
84.9,59.4,88.9,159.3,Hourglass,data/model1_body_shape\images\00048.png
108.3,108.8,105.1,158.4,Apple,data/model1_body_shape\images\02367.png
83.3,65.2,88.8,158.3,Hourglass,data/model1_body_shape\images\00700.png
87.8,61.4,82.8,163.3,Hourglass,data/model1_body_shape\images\00652.png
100.9,91.7,100.0,164.8,Rectangle,data/model1_body_shape\images\03933.png
97.4,72.8,83.2,166.8,InvertedTriangle,data/model1_body_shape\images\04409.png
88.3,74.3,88.1,153.8,Rectangle,data/model1_body_shape\images\03311.png
84.2,59.4,82.1,159.7,Hourglass,data/model1_body_shape\images\00748.png
99.6,85.0,108.8,150.0,Pear,data/model1_body_shape\images\01455.png
92.8,86.2,79.8,172.9,InvertedTriangle,data/model1_body_shape\images\04195.png
91.8,95.2,90.2,164.9,Apple,data/model1_body_shape\images\02389.png
93.0,78.7,88.3,161.9,Rectangle,data/model1_body_shape\images\03494.png
96.6,71.2,92.2,154.3,Hourglass,data/model1_body_shape\images\00866.png
87.5,66.1,93.3,176.2,Hourglass,data/model1_body_shape\images\00752.png
96.5,64.0,111.6,162.5,Pear,data/model1_body_shape\images\01644.png
90.7,60.0,88.5,164.7,Hourglass,data/model1_body_shape\images\00092.png
109.8,66.5,95.4,164.3,InvertedTriangle,data/model1_body_shape\images\04824.png
86.7,76.3,86.5,160.0,Rectangle,data/model1_body_shape\images\03101.png
103.9,101.4,106.7,154.4,Apple,data/model1_body_shape\images\02432.png
98.3,101.1,93.1,146.1,Apple,data/model1_body_shape\images\02629.png
94.7,79.5,104.8,165.4,Pear,data/model1_body_shape\images\01490.png
104.8,107.0,106.6,163.3,Apple,data/model1_body_shape\images\02895.png
105.6,101.8,107.7,154.5,Apple,data/model1_body_shape\images\02177.png
82.3,59.4,88.1,158.2,Hourglass,data/model1_body_shape\images\00729.png
106.8,75.1,91.3,157.8,InvertedTriangle,data/model1_body_shape\images\04759.png
94.7,92.1,94.2,162.6,Apple,data/model1_body_shape\images\02471.png
98.0,100.8,95.5,166.9,Apple,data/model1_body_shape\images\02242.png
83.1,76.9,98.2,171.6,Pear,data/model1_body_shape\images\01936.png
99.6,88.3,109.5,162.5,Pear,data/model1_body_shape\images\01745.png
104.1,76.0,92.4,167.8,InvertedTriangle,data/model1_body_shape\images\04746.png
89.7,81.9,79.0,165.6,InvertedTriangle,data/model1_body_shape\images\04373.png
96.8,88.5,99.7,169.4,Rectangle,data/model1_body_shape\images\03491.png
91.0,76.5,105.9,174.4,Pear,data/model1_body_shape\images\01110.png
101.7,87.1,100.6,154.6,Rectangle,data/model1_body_shape\images\03337.png
104.8,67.5,91.7,165.3,InvertedTriangle,data/model1_body_shape\images\04032.png
110.0,91.7,97.5,164.5,InvertedTriangle,data/model1_body_shape\images\04471.png
104.2,82.6,89.8,162.3,InvertedTriangle,data/model1_body_shape\images\04157.png
102.0,69.7,97.9,158.5,Hourglass,data/model1_body_shape\images\00346.png
81.2,63.4,94.1,159.5,Pear,data/model1_body_shape\images\01185.png
92.8,67.6,81.6,165.7,InvertedTriangle,data/model1_body_shape\images\04006.png
99.1,77.1,115.7,152.2,Pear,data/model1_body_shape\images\01515.png
106.2,98.6,90.3,169.7,InvertedTriangle,data/model1_body_shape\images\04669.png
94.0,64.8,94.9,169.7,Hourglass,data/model1_body_shape\images\00578.png
105.2,88.8,118.0,161.1,Pear,data/model1_body_shape\images\01964.png
94.9,74.2,95.0,145.0,Hourglass,data/model1_body_shape\images\00075.png
82.6,66.4,96.0,158.6,Pear,data/model1_body_shape\images\01429.png
88.3,78.1,92.9,169.2,Rectangle,data/model1_body_shape\images\03712.png
93.5,83.4,82.5,163.5,InvertedTriangle,data/model1_body_shape\images\04430.png
112.0,113.8,114.7,154.4,Apple,data/model1_body_shape\images\02751.png
89.4,83.4,77.4,151.8,InvertedTriangle,data/model1_body_shape\images\04952.png
100.3,87.9,116.6,159.1,Pear,data/model1_body_shape\images\01846.png
100.5,73.3,98.3,151.1,Hourglass,data/model1_body_shape\images\00131.png
104.9,70.5,105.1,168.7,Hourglass,data/model1_body_shape\images\00178.png
96.5,98.9,95.9,154.0,Apple,data/model1_body_shape\images\02899.png
103.3,94.5,89.0,168.6,InvertedTriangle,data/model1_body_shape\images\04466.png
88.3,81.6,74.5,161.3,InvertedTriangle,data/model1_body_shape\images\04194.png
88.8,97.1,94.2,165.3,Apple,data/model1_body_shape\images\02522.png
102.3,100.0,113.0,165.0,Pear,data/model1_body_shape\images\01842.png
110.8,115.3,115.5,166.0,Apple,data/model1_body_shape\images\02098.png
101.2,85.4,97.8,164.4,Rectangle,data/model1_body_shape\images\03949.png
103.6,96.2,99.2,162.0,Apple,data/model1_body_shape\images\02373.png
89.7,71.1,92.1,150.7,Hourglass,data/model1_body_shape\images\00604.png
100.9,102.6,95.7,174.4,Apple,data/model1_body_shape\images\02627.png
103.8,65.4,106.2,171.1,Hourglass,data/model1_body_shape\images\00025.png
99.9,79.6,99.3,164.0,Hourglass,data/model1_body_shape\images\00658.png
91.4,79.1,81.2,158.0,InvertedTriangle,data/model1_body_shape\images\04977.png
82.4,65.6,78.4,167.4,Rectangle,data/model1_body_shape\images\03317.png
80.1,67.5,80.6,160.3,Rectangle,data/model1_body_shape\images\03868.png
99.8,73.6,100.9,157.0,Hourglass,data/model1_body_shape\images\00173.png
92.9,78.9,105.2,164.7,Pear,data/model1_body_shape\images\01611.png
103.7,67.2,108.7,166.2,Hourglass,data/model1_body_shape\images\00437.png
94.9,76.2,100.5,157.4,Hourglass,data/model1_body_shape\images\00331.png
91.4,80.7,95.9,162.0,Rectangle,data/model1_body_shape\images\03100.png
94.7,79.0,108.3,162.1,Pear,data/model1_body_shape\images\01454.png
102.9,69.5,104.5,165.0,Hourglass,data/model1_body_shape\images\00342.png
82.5,67.6,84.2,171.3,Rectangle,data/model1_body_shape\images\03209.png
93.2,89.1,82.7,151.8,InvertedTriangle,data/model1_body_shape\images\04576.png
90.1,80.8,100.5,157.0,Pear,data/model1_body_shape\images\01088.png
82.4,61.7,81.7,154.6,Hourglass,data/model1_body_shape\images\00479.png
87.0,67.7,87.7,166.0,Hourglass,data/model1_body_shape\images\00727.png
105.0,94.1,108.7,167.1,Rectangle,data/model1_body_shape\images\03783.png
88.3,64.8,86.4,181.2,Hourglass,data/model1_body_shape\images\00976.png
83.1,70.4,86.2,167.7,Rectangle,data/model1_body_shape\images\03784.png
95.4,97.1,91.1,158.2,Apple,data/model1_body_shape\images\02977.png
76.9,70.8,94.5,155.2,Pear,data/model1_body_shape\images\01928.png
95.4,70.3,106.8,171.2,Pear,data/model1_body_shape\images\01468.png
93.5,69.4,109.6,161.7,Pear,data/model1_body_shape\images\01224.png
108.4,103.6,106.0,146.9,Apple,data/model1_body_shape\images\02856.png
83.5,67.1,92.9,148.9,Pear,data/model1_body_shape\images\01952.png
109.4,102.6,97.0,154.8,InvertedTriangle,data/model1_body_shape\images\04830.png
92.4,87.6,80.2,164.3,InvertedTriangle,data/model1_body_shape\images\04500.png
107.8,98.7,117.3,161.2,Pear,data/model1_body_shape\images\01892.png
90.7,81.0,103.4,162.1,Pear,data/model1_body_shape\images\01299.png
104.3,102.1,105.5,166.4,Apple,data/model1_body_shape\images\02990.png
111.2,68.6,94.0,178.3,InvertedTriangle,data/model1_body_shape\images\04599.png
91.5,61.5,90.2,155.7,Hourglass,data/model1_body_shape\images\00660.png
90.4,82.7,76.3,169.1,InvertedTriangle,data/model1_body_shape\images\04577.png
99.5,78.3,84.4,162.5,InvertedTriangle,data/model1_body_shape\images\04073.png
99.6,99.3,102.8,160.7,Apple,data/model1_body_shape\images\02784.png
103.5,69.9,91.9,166.0,InvertedTriangle,data/model1_body_shape\images\04937.png
90.2,83.6,94.8,164.0,Rectangle,data/model1_body_shape\images\03827.png
102.1,105.1,100.6,158.2,Apple,data/model1_body_shape\images\02714.png
105.7,80.7,94.0,158.3,InvertedTriangle,data/model1_body_shape\images\04657.png
89.7,64.7,90.3,162.7,Hourglass,data/model1_body_shape\images\00267.png
99.8,94.8,86.3,155.5,InvertedTriangle,data/model1_body_shape\images\04442.png
96.7,73.9,81.3,167.5,InvertedTriangle,data/model1_body_shape\images\04959.png
96.6,87.6,96.9,152.2,Rectangle,data/model1_body_shape\images\03372.png
97.6,87.1,93.6,157.4,Rectangle,data/model1_body_shape\images\03595.png
101.6,83.9,92.3,163.7,InvertedTriangle,data/model1_body_shape\images\04316.png
82.9,72.8,80.6,172.0,Rectangle,data/model1_body_shape\images\03722.png
93.6,82.1,90.5,149.6,Rectangle,data/model1_body_shape\images\03406.png
105.5,89.4,117.0,148.8,Pear,data/model1_body_shape\images\01278.png
99.7,73.5,83.4,159.9,InvertedTriangle,data/model1_body_shape\images\04640.png
92.5,84.6,95.9,163.4,Rectangle,data/model1_body_shape\images\03917.png
111.2,109.9,106.9,169.2,Apple,data/model1_body_shape\images\02678.png
94.9,84.9,108.4,163.0,Pear,data/model1_body_shape\images\01621.png
109.2,69.4,96.6,145.7,InvertedTriangle,data/model1_body_shape\images\04103.png
101.2,96.4,96.7,156.3,Apple,data/model1_body_shape\images\02857.png
96.5,70.2,111.7,164.5,Pear,data/model1_body_shape\images\01896.png
92.5,75.7,91.5,167.0,Rectangle,data/model1_body_shape\images\03924.png
96.7,85.2,101.0,163.1,Rectangle,data/model1_body_shape\images\03014.png
97.1,87.6,83.8,166.3,InvertedTriangle,data/model1_body_shape\images\04438.png
84.8,58.2,79.0,163.6,Hourglass,data/model1_body_shape\images\00067.png
110.0,114.0,111.3,173.5,Apple,data/model1_body_shape\images\02042.png
109.4,116.2,113.1,157.0,Apple,data/model1_body_shape\images\02580.png
100.8,91.5,95.9,164.3,Rectangle,data/model1_body_shape\images\03782.png
102.9,92.3,99.1,174.2,Rectangle,data/model1_body_shape\images\03790.png
83.7,65.2,88.9,165.8,Hourglass,data/model1_body_shape\images\00820.png
80.5,62.9,97.3,157.3,Pear,data/model1_body_shape\images\01226.png
104.3,98.0,104.3,169.4,Apple,data/model1_body_shape\images\02991.png
100.7,88.2,101.3,163.8,Rectangle,data/model1_body_shape\images\03132.png
96.9,97.8,94.7,169.9,Apple,data/model1_body_shape\images\02743.png
100.2,77.3,82.8,158.5,InvertedTriangle,data/model1_body_shape\images\04457.png
93.1,86.5,76.3,166.6,InvertedTriangle,data/model1_body_shape\images\04269.png
100.2,90.3,104.1,175.8,Rectangle,data/model1_body_shape\images\03349.png
88.1,85.5,98.1,173.2,Pear,data/model1_body_shape\images\01143.png
101.5,78.7,98.7,163.0,Hourglass,data/model1_body_shape\images\00397.png
98.0,99.2,99.8,155.1,Apple,data/model1_body_shape\images\02906.png
93.3,65.7,76.7,160.7,InvertedTriangle,data/model1_body_shape\images\04301.png
95.4,95.5,94.8,163.0,Apple,data/model1_body_shape\images\02759.png
84.2,63.4,97.0,154.4,Pear,data/model1_body_shape\images\01398.png
92.3,63.7,105.3,163.5,Pear,data/model1_body_shape\images\01659.png
84.2,60.4,88.7,164.8,Hourglass,data/model1_body_shape\images\00979.png
86.3,79.8,97.4,160.2,Pear,data/model1_body_shape\images\01298.png
96.5,81.0,94.3,171.0,Rectangle,data/model1_body_shape\images\03555.png
99.6,71.9,96.1,160.7,Hourglass,data/model1_body_shape\images\00082.png
106.9,102.4,91.2,163.3,InvertedTriangle,data/model1_body_shape\images\04507.png
106.5,108.8,104.3,171.6,Apple,data/model1_body_shape\images\02458.png
96.8,90.2,100.7,163.5,Rectangle,data/model1_body_shape\images\03739.png
96.2,84.3,99.0,148.6,Rectangle,data/model1_body_shape\images\03781.png
106.4,110.1,102.3,150.2,Apple,data/model1_body_shape\images\02288.png
90.4,64.8,92.1,170.3,Hourglass,data/model1_body_shape\images\00423.png
110.3,87.4,101.0,161.9,InvertedTriangle,data/model1_body_shape\images\04339.png
81.8,78.2,99.4,153.2,Pear,data/model1_body_shape\images\01904.png
98.8,65.8,82.4,165.7,InvertedTriangle,data/model1_body_shape\images\04538.png
86.0,74.3,81.6,162.7,Rectangle,data/model1_body_shape\images\03352.png
103.9,90.0,103.4,156.2,Rectangle,data/model1_body_shape\images\03102.png
86.4,65.5,101.8,154.8,Pear,data/model1_body_shape\images\01565.png
102.1,85.9,100.2,166.1,Rectangle,data/model1_body_shape\images\03355.png
98.4,79.2,99.0,166.5,Hourglass,data/model1_body_shape\images\00839.png
85.4,61.6,84.6,160.3,Hourglass,data/model1_body_shape\images\00500.png
90.8,63.0,91.3,164.7,Hourglass,data/model1_body_shape\images\00141.png
94.4,75.8,109.4,160.2,Pear,data/model1_body_shape\images\01377.png
82.9,70.7,77.4,165.6,Rectangle,data/model1_body_shape\images\03697.png
111.7,107.6,106.4,168.8,Apple,data/model1_body_shape\images\02144.png
102.8,96.2,117.6,157.5,Pear,data/model1_body_shape\images\01138.png
103.0,103.0,99.1,169.6,Apple,data/model1_body_shape\images\02927.png
96.4,79.6,109.0,165.5,Pear,data/model1_body_shape\images\01787.png
94.3,87.1,98.3,152.7,Rectangle,data/model1_body_shape\images\03484.png
104.3,66.9,109.7,156.0,Hourglass,data/model1_body_shape\images\00550.png
101.5,92.9,87.4,165.1,InvertedTriangle,data/model1_body_shape\images\04906.png
93.3,88.7,90.5,170.9,Apple,data/model1_body_shape\images\02019.png
82.7,61.7,85.4,158.7,Hourglass,data/model1_body_shape\images\00948.png
87.3,90.6,90.9,160.6,Apple,data/model1_body_shape\images\02600.png
101.4,79.4,99.1,149.3,Hourglass,data/model1_body_shape\images\00532.png
90.6,76.6,107.0,160.7,Pear,data/model1_body_shape\images\01829.png
102.2,103.0,103.0,165.1,Apple,data/model1_body_shape\images\02917.png
98.2,70.0,82.6,166.0,InvertedTriangle,data/model1_body_shape\images\04418.png
80.7,67.8,81.4,174.1,Rectangle,data/model1_body_shape\images\03871.png
82.6,75.3,98.3,160.3,Pear,data/model1_body_shape\images\01602.png
96.9,75.9,99.2,160.5,Hourglass,data/model1_body_shape\images\00639.png
89.7,85.1,79.8,167.7,InvertedTriangle,data/model1_body_shape\images\04832.png
86.6,63.1,82.3,158.3,Hourglass,data/model1_body_shape\images\00967.png
97.8,67.0,83.9,164.7,InvertedTriangle,data/model1_body_shape\images\04237.png
111.3,105.1,110.8,157.9,Apple,data/model1_body_shape\images\02697.png
93.1,82.9,106.1,161.0,Pear,data/model1_body_shape\images\01683.png
99.0,67.0,89.4,170.7,InvertedTriangle,data/model1_body_shape\images\04470.png
93.3,94.5,96.3,155.6,Apple,data/model1_body_shape\images\02342.png
105.5,80.5,104.4,170.9,Hourglass,data/model1_body_shape\images\00155.png
111.9,105.5,108.5,160.6,Apple,data/model1_body_shape\images\02487.png
96.8,80.5,84.1,163.7,InvertedTriangle,data/model1_body_shape\images\04641.png
81.8,71.2,97.6,158.9,Pear,data/model1_body_shape\images\01089.png
96.6,96.6,92.3,168.5,Apple,data/model1_body_shape\images\02655.png
99.7,80.8,88.1,165.5,InvertedTriangle,data/model1_body_shape\images\04240.png
82.8,63.6,84.7,161.3,Hourglass,data/model1_body_shape\images\00288.png
94.3,71.3,93.7,154.3,Hourglass,data/model1_body_shape\images\00930.png
104.0,96.7,98.0,168.4,Apple,data/model1_body_shape\images\02535.png
90.3,75.6,73.8,145.0,InvertedTriangle,data/model1_body_shape\images\04028.png
87.3,72.5,85.7,158.2,Rectangle,data/model1_body_shape\images\03371.png
100.6,70.9,84.3,154.0,InvertedTriangle,data/model1_body_shape\images\04621.png
86.4,72.0,88.9,151.6,Rectangle,data/model1_body_shape\images\03291.png
88.6,59.4,82.8,156.0,Hourglass,data/model1_body_shape\images\00942.png
95.0,84.3,99.4,168.6,Rectangle,data/model1_body_shape\images\03859.png
92.3,71.9,82.8,165.9,InvertedTriangle,data/model1_body_shape\images\04662.png
83.2,70.0,94.2,165.8,Pear,data/model1_body_shape\images\01698.png
106.2,84.7,92.3,168.4,InvertedTriangle,data/model1_body_shape\images\04708.png
86.2,77.5,90.9,172.0,Rectangle,data/model1_body_shape\images\03200.png
104.0,90.2,92.8,172.6,InvertedTriangle,data/model1_body_shape\images\04601.png
103.1,92.6,91.6,156.1,InvertedTriangle,data/model1_body_shape\images\04608.png
94.5,59.1,90.9,170.7,Hourglass,data/model1_body_shape\images\00985.png
105.2,90.1,103.8,159.9,Rectangle,data/model1_body_shape\images\03318.png
101.0,101.4,96.3,165.8,Apple,data/model1_body_shape\images\02867.png
112.0,65.9,99.6,166.3,InvertedTriangle,data/model1_body_shape\images\04056.png
106.7,69.4,92.3,162.6,InvertedTriangle,data/model1_body_shape\images\04777.png
96.2,77.2,102.1,173.6,Hourglass,data/model1_body_shape\images\00981.png
94.6,94.3,94.3,165.9,Apple,data/model1_body_shape\images\02492.png
101.2,85.5,97.7,164.3,Rectangle,data/model1_body_shape\images\03792.png
89.5,77.0,84.6,157.1,Rectangle,data/model1_body_shape\images\03548.png
95.6,95.1,100.3,174.3,Apple,data/model1_body_shape\images\02942.png
82.3,67.8,79.5,165.6,Rectangle,data/model1_body_shape\images\03527.png
89.1,76.9,85.0,153.3,Rectangle,data/model1_body_shape\images\03845.png
84.8,75.3,95.6,159.6,Pear,data/model1_body_shape\images\01457.png
80.9,67.3,93.9,160.2,Pear,data/model1_body_shape\images\01395.png
97.0,76.4,94.9,163.4,Hourglass,data/model1_body_shape\images\00264.png
107.1,73.1,95.5,167.3,InvertedTriangle,data/model1_body_shape\images\04095.png
103.0,63.0,100.7,164.2,Hourglass,data/model1_body_shape\images\00929.png
105.2,68.7,88.8,162.2,InvertedTriangle,data/model1_body_shape\images\04871.png
99.2,96.2,98.6,169.6,Apple,data/model1_body_shape\images\02692.png
100.0,63.1,103.5,162.9,Hourglass,data/model1_body_shape\images\00246.png
95.9,82.8,97.8,164.8,Rectangle,data/model1_body_shape\images\03589.png
85.1,72.1,97.1,150.6,Pear,data/model1_body_shape\images\01758.png
94.0,77.1,79.9,160.2,InvertedTriangle,data/model1_body_shape\images\04865.png
108.4,104.4,104.1,164.9,Apple,data/model1_body_shape\images\02810.png
92.4,71.1,96.2,152.6,Hourglass,data/model1_body_shape\images\00923.png
90.9,90.6,86.2,163.9,Apple,data/model1_body_shape\images\02880.png
90.0,68.0,86.9,165.8,Hourglass,data/model1_body_shape\images\00268.png
82.8,62.8,81.5,157.9,Hourglass,data/model1_body_shape\images\00669.png
93.5,75.4,76.3,162.0,InvertedTriangle,data/model1_body_shape\images\04475.png
82.7,72.3,96.5,161.1,Pear,data/model1_body_shape\images\01910.png
101.9,104.5,106.8,150.6,Apple,data/model1_body_shape\images\02985.png
81.6,79.5,93.1,166.8,Pear,data/model1_body_shape\images\01152.png
100.9,92.1,87.0,150.7,InvertedTriangle,data/model1_body_shape\images\04817.png
93.2,84.1,92.3,160.1,Rectangle,data/model1_body_shape\images\03455.png
90.2,80.3,72.9,167.0,InvertedTriangle,data/model1_body_shape\images\04241.png
90.0,72.3,73.9,148.2,InvertedTriangle,data/model1_body_shape\images\04549.png
107.6,102.4,103.2,163.4,Apple,data/model1_body_shape\images\02172.png
93.4,72.2,80.9,159.7,InvertedTriangle,data/model1_body_shape\images\04515.png
80.7,62.9,97.5,165.2,Pear,data/model1_body_shape\images\01915.png
99.6,72.0,103.5,156.8,Hourglass,data/model1_body_shape\images\00612.png
97.0,91.7,92.9,159.3,Apple,data/model1_body_shape\images\02406.png
108.3,80.0,91.1,155.3,InvertedTriangle,data/model1_body_shape\images\04205.png
97.4,69.2,106.8,163.0,Pear,data/model1_body_shape\images\01898.png
85.8,83.5,100.7,166.6,Pear,data/model1_body_shape\images\01649.png
106.3,108.3,106.9,166.4,Apple,data/model1_body_shape\images\02607.png
85.0,60.8,80.1,159.4,Hourglass,data/model1_body_shape\images\00258.png
100.9,74.6,95.6,167.5,Hourglass,data/model1_body_shape\images\00847.png
110.5,104.2,100.0,172.4,InvertedTriangle,data/model1_body_shape\images\04251.png
91.6,79.2,100.9,162.2,Pear,data/model1_body_shape\images\01233.png
93.6,70.1,105.8,146.9,Pear,data/model1_body_shape\images\01127.png
86.3,63.6,100.3,165.1,Pear,data/model1_body_shape\images\01967.png
90.3,69.0,90.7,162.6,Hourglass,data/model1_body_shape\images\00558.png
92.8,80.8,93.5,161.1,Rectangle,data/model1_body_shape\images\03905.png
82.4,64.1,87.5,162.2,Hourglass,data/model1_body_shape\images\00484.png
105.0,75.5,117.7,168.6,Pear,data/model1_body_shape\images\01320.png
105.5,93.7,104.1,159.5,Rectangle,data/model1_body_shape\images\03404.png
85.7,65.2,87.9,159.2,Hourglass,data/model1_body_shape\images\00007.png
90.9,81.1,89.6,159.8,Rectangle,data/model1_body_shape\images\03279.png
85.8,73.1,81.9,156.8,Rectangle,data/model1_body_shape\images\03189.png
90.6,69.2,102.6,169.1,Pear,data/model1_body_shape\images\01450.png
87.0,78.7,90.6,160.0,Rectangle,data/model1_body_shape\images\03980.png
88.7,69.7,103.3,158.1,Pear,data/model1_body_shape\images\01814.png
90.0,63.4,88.0,169.0,Hourglass,data/model1_body_shape\images\00773.png
97.7,77.2,108.1,154.1,Pear,data/model1_body_shape\images\01011.png
90.1,93.4,90.3,170.1,Apple,data/model1_body_shape\images\02818.png
99.6,90.4,97.0,157.5,Rectangle,data/model1_body_shape\images\03275.png
104.6,86.0,118.9,170.8,Pear,data/model1_body_shape\images\01991.png
84.8,80.6,101.3,145.0,Pear,data/model1_body_shape\images\01277.png
81.6,71.3,96.6,163.1,Pear,data/model1_body_shape\images\01783.png
93.2,85.9,97.4,162.6,Rectangle,data/model1_body_shape\images\03105.png
103.8,72.4,101.4,169.7,Hourglass,data/model1_body_shape\images\00446.png
102.4,72.6,106.8,151.2,Hourglass,data/model1_body_shape\images\00880.png
95.4,86.4,86.0,155.6,InvertedTriangle,data/model1_body_shape\images\04459.png
85.0,59.7,81.2,163.6,Hourglass,data/model1_body_shape\images\00781.png
89.5,65.2,102.3,162.8,Pear,data/model1_body_shape\images\01749.png
82.5,71.9,82.0,159.7,Rectangle,data/model1_body_shape\images\03388.png
109.3,83.4,96.0,157.1,InvertedTriangle,data/model1_body_shape\images\04881.png
94.1,61.3,98.9,168.8,Hourglass,data/model1_body_shape\images\00883.png
110.7,118.7,116.7,169.3,Apple,data/model1_body_shape\images\02944.png
80.4,75.1,96.4,173.7,Pear,data/model1_body_shape\images\01091.png
98.5,65.9,84.3,170.8,InvertedTriangle,data/model1_body_shape\images\04783.png
102.3,69.4,107.0,162.7,Hourglass,data/model1_body_shape\images\00531.png
100.1,65.0,89.2,170.9,InvertedTriangle,data/model1_body_shape\images\04022.png
102.9,80.1,91.8,152.4,InvertedTriangle,data/model1_body_shape\images\04421.png
100.9,86.2,87.6,168.2,InvertedTriangle,data/model1_body_shape\images\04098.png
82.7,69.4,96.9,164.5,Pear,data/model1_body_shape\images\01727.png
84.4,61.0,81.7,145.4,Hourglass,data/model1_body_shape\images\00610.png
83.0,58.8,77.1,154.7,Hourglass,data/model1_body_shape\images\00570.png
93.6,90.8,90.6,163.1,Apple,data/model1_body_shape\images\02671.png
98.8,92.1,103.9,168.9,Rectangle,data/model1_body_shape\images\03718.png
82.9,64.8,83.3,178.2,Hourglass,data/model1_body_shape\images\00343.png
99.9,85.7,101.5,151.3,Rectangle,data/model1_body_shape\images\03000.png
87.3,77.5,86.3,163.1,Rectangle,data/model1_body_shape\images\03139.png
99.9,69.4,100.2,158.8,Hourglass,data/model1_body_shape\images\00434.png
105.6,81.5,118.2,160.5,Pear,data/model1_body_shape\images\01903.png
97.8,85.3,91.8,153.4,Rectangle,data/model1_body_shape\images\03804.png
103.0,93.5,87.5,157.8,InvertedTriangle,data/model1_body_shape\images\04776.png
90.3,91.1,91.1,168.9,Apple,data/model1_body_shape\images\02069.png
105.3,70.0,115.5,158.3,Pear,data/model1_body_shape\images\01537.png
105.3,107.1,100.8,168.3,Apple,data/model1_body_shape\images\02252.png
106.8,107.2,108.8,163.2,Apple,data/model1_body_shape\images\02346.png
81.9,66.7,94.4,172.7,Pear,data/model1_body_shape\images\01517.png
97.9,69.5,98.1,168.9,Hourglass,data/model1_body_shape\images\00965.png
97.8,75.5,81.8,161.0,InvertedTriangle,data/model1_body_shape\images\04406.png
89.9,58.2,84.9,153.9,Hourglass,data/model1_body_shape\images\00528.png
93.4,69.8,99.4,159.0,Hourglass,data/model1_body_shape\images\00176.png
86.2,73.9,85.9,171.3,Rectangle,data/model1_body_shape\images\03482.png
106.5,115.3,112.3,168.3,Apple,data/model1_body_shape\images\02543.png
103.4,75.5,93.4,164.4,InvertedTriangle,data/model1_body_shape\images\04935.png
89.8,63.9,90.1,169.6,Hourglass,data/model1_body_shape\images\00572.png
104.3,102.4,108.5,155.4,Apple,data/model1_body_shape\images\02299.png
95.5,86.2,101.2,165.5,Rectangle,data/model1_body_shape\images\03508.png
102.5,102.2,107.2,170.0,Apple,data/model1_body_shape\images\02459.png
95.6,83.7,100.2,167.8,Rectangle,data/model1_body_shape\images\03609.png
97.8,81.3,81.8,156.2,InvertedTriangle,data/model1_body_shape\images\04554.png
94.3,88.6,90.4,160.9,Apple,data/model1_body_shape\images\02208.png
92.5,79.5,79.1,166.6,InvertedTriangle,data/model1_body_shape\images\04720.png
88.5,89.8,90.5,151.6,Apple,data/model1_body_shape\images\02755.png
90.7,63.0,86.8,165.5,Hourglass,data/model1_body_shape\images\00383.png
89.7,62.7,83.8,163.5,Hourglass,data/model1_body_shape\images\00852.png
90.9,84.8,102.3,166.0,Pear,data/model1_body_shape\images\01880.png
83.4,62.8,87.3,159.2,Hourglass,data/model1_body_shape\images\00370.png
104.5,99.2,99.3,171.4,Apple,data/model1_body_shape\images\02378.png
101.5,75.3,86.8,160.6,InvertedTriangle,data/model1_body_shape\images\04323.png
94.8,66.6,106.8,151.7,Pear,data/model1_body_shape\images\01105.png
96.1,86.5,96.4,174.0,Rectangle,data/model1_body_shape\images\03413.png
101.4,88.9,95.4,158.2,Rectangle,data/model1_body_shape\images\03946.png
95.5,67.9,111.5,151.6,Pear,data/model1_body_shape\images\01336.png
96.4,98.9,98.1,162.4,Apple,data/model1_body_shape\images\02189.png
101.8,97.3,88.2,150.5,InvertedTriangle,data/model1_body_shape\images\04594.png
107.7,107.3,104.1,156.3,Apple,data/model1_body_shape\images\02319.png
104.2,80.0,88.2,163.2,InvertedTriangle,data/model1_body_shape\images\04705.png
91.2,82.9,94.3,163.5,Rectangle,data/model1_body_shape\images\03710.png
105.0,89.3,90.4,161.2,InvertedTriangle,data/model1_body_shape\images\04848.png
83.1,72.4,96.2,163.3,Pear,data/model1_body_shape\images\01171.png
101.9,71.0,90.1,165.7,InvertedTriangle,data/model1_body_shape\images\04325.png
103.8,103.9,105.9,165.0,Apple,data/model1_body_shape\images\02694.png
105.7,73.5,117.4,160.7,Pear,data/model1_body_shape\images\01422.png
101.2,102.5,100.7,158.5,Apple,data/model1_body_shape\images\02341.png
99.8,106.2,103.7,149.9,Apple,data/model1_body_shape\images\02651.png
102.0,96.3,92.1,163.8,InvertedTriangle,data/model1_body_shape\images\04155.png
78.7,69.8,95.3,157.8,Pear,data/model1_body_shape\images\01464.png
92.4,59.8,87.7,159.1,Hourglass,data/model1_body_shape\images\00874.png
96.4,83.7,94.9,151.9,Rectangle,data/model1_body_shape\images\03339.png
101.5,88.9,85.7,168.6,InvertedTriangle,data/model1_body_shape\images\04340.png
102.2,67.8,113.4,167.8,Pear,data/model1_body_shape\images\01251.png
108.8,104.1,103.1,160.9,Apple,data/model1_body_shape\images\02348.png
88.4,63.7,84.1,168.0,Hourglass,data/model1_body_shape\images\00840.png
97.0,67.8,83.9,178.5,InvertedTriangle,data/model1_body_shape\images\04568.png
83.7,60.2,86.4,170.2,Hourglass,data/model1_body_shape\images\00581.png
97.9,58.4,102.0,169.0,Hourglass,data/model1_body_shape\images\00204.png
104.6,72.9,115.8,159.7,Pear,data/model1_body_shape\images\01641.png
95.8,97.3,96.7,174.2,Apple,data/model1_body_shape\images\02014.png
87.0,59.8,84.8,167.1,Hourglass,data/model1_body_shape\images\00905.png
88.0,62.5,88.3,167.7,Hourglass,data/model1_body_shape\images\00631.png
100.5,91.2,95.2,165.8,Rectangle,data/model1_body_shape\images\03364.png
84.6,76.3,96.0,158.2,Pear,data/model1_body_shape\images\01974.png
98.1,74.2,95.0,173.3,Hourglass,data/model1_body_shape\images\00162.png
81.4,64.5,79.3,153.6,Rectangle,data/model1_body_shape\images\03172.png
96.0,81.3,98.0,152.6,Rectangle,data/model1_body_shape\images\03612.png
92.7,66.6,77.2,160.4,InvertedTriangle,data/model1_body_shape\images\04675.png
91.2,70.2,94.5,155.1,Hourglass,data/model1_body_shape\images\00617.png
98.0,80.8,83.8,152.9,InvertedTriangle,data/model1_body_shape\images\04068.png
92.4,72.2,105.2,148.0,Pear,data/model1_body_shape\images\01431.png
86.5,62.9,84.3,166.7,Hourglass,data/model1_body_shape\images\00547.png
91.3,79.8,89.5,147.3,Rectangle,data/model1_body_shape\images\03334.png
96.4,89.2,87.3,158.1,InvertedTriangle,data/model1_body_shape\images\04546.png
99.6,76.0,84.7,148.5,InvertedTriangle,data/model1_body_shape\images\04223.png
101.5,98.2,104.2,166.6,Apple,data/model1_body_shape\images\02387.png
108.6,76.1,90.9,165.7,InvertedTriangle,data/model1_body_shape\images\04243.png
89.5,75.9,90.9,165.2,Rectangle,data/model1_body_shape\images\03995.png
99.0,71.1,86.9,146.6,InvertedTriangle,data/model1_body_shape\images\04065.png
90.6,81.6,104.4,154.1,Pear,data/model1_body_shape\images\01861.png
102.1,62.1,97.0,161.5,Hourglass,data/model1_body_shape\images\00640.png
97.2,93.2,102.3,165.5,Rectangle,data/model1_body_shape\images\03902.png
84.4,66.4,86.3,162.9,Hourglass,data/model1_body_shape\images\00637.png
97.0,82.0,84.7,164.5,InvertedTriangle,data/model1_body_shape\images\04262.png
87.1,78.0,84.7,162.8,Rectangle,data/model1_body_shape\images\03910.png
99.3,98.8,95.6,163.0,Apple,data/model1_body_shape\images\02986.png
88.9,95.7,92.4,171.2,Apple,data/model1_body_shape\images\02096.png
109.8,74.2,97.8,160.0,InvertedTriangle,data/model1_body_shape\images\04611.png
84.9,74.9,85.9,161.7,Rectangle,data/model1_body_shape\images\03075.png
99.0,82.3,99.2,157.5,Rectangle,data/model1_body_shape\images\03674.png
92.7,93.5,94.9,156.6,Apple,data/model1_body_shape\images\02841.png
102.0,78.8,104.7,170.3,Hourglass,data/model1_body_shape\images\00921.png
97.9,74.2,93.3,163.6,Hourglass,data/model1_body_shape\images\00546.png
91.9,81.5,89.4,166.8,Rectangle,data/model1_body_shape\images\03666.png
85.9,76.3,103.8,154.8,Pear,data/model1_body_shape\images\01900.png
102.3,101.6,103.1,163.0,Apple,data/model1_body_shape\images\02028.png
87.7,93.8,90.8,168.2,Apple,data/model1_body_shape\images\02301.png
90.8,88.4,108.8,160.4,Pear,data/model1_body_shape\images\01885.png
90.6,73.4,99.7,162.9,Pear,data/model1_body_shape\images\01642.png
93.2,81.3,89.3,157.1,Rectangle,data/model1_body_shape\images\03509.png
110.8,93.6,95.0,157.9,InvertedTriangle,data/model1_body_shape\images\04809.png
90.0,90.0,95.7,158.3,Apple,data/model1_body_shape\images\02097.png
109.2,65.1,92.2,163.4,InvertedTriangle,data/model1_body_shape\images\04357.png
82.9,66.7,77.2,154.9,Rectangle,data/model1_body_shape\images\03788.png
102.3,89.1,85.8,153.9,InvertedTriangle,data/model1_body_shape\images\04494.png
102.1,67.3,86.0,151.1,InvertedTriangle,data/model1_body_shape\images\04967.png
85.9,62.2,86.0,163.1,Hourglass,data/model1_body_shape\images\00836.png
86.8,59.0,89.9,159.5,Hourglass,data/model1_body_shape\images\00601.png
93.3,87.8,88.8,163.0,Apple,data/model1_body_shape\images\02184.png
92.0,76.7,86.9,148.6,Rectangle,data/model1_body_shape\images\03865.png
98.5,101.7,101.2,170.3,Apple,data/model1_body_shape\images\02481.png
102.0,85.6,88.3,162.3,InvertedTriangle,data/model1_body_shape\images\04307.png
94.9,82.4,111.8,162.1,Pear,data/model1_body_shape\images\01582.png
94.3,69.0,82.6,166.5,InvertedTriangle,data/model1_body_shape\images\04266.png
92.7,84.8,91.0,157.3,Apple,data/model1_body_shape\images\02533.png
93.1,86.7,88.9,154.1,Apple,data/model1_body_shape\images\02725.png
105.9,88.0,115.0,170.5,Pear,data/model1_body_shape\images\01070.png
98.4,68.6,116.0,158.9,Pear,data/model1_body_shape\images\01775.png
109.4,90.4,92.5,148.5,InvertedTriangle,data/model1_body_shape\images\04808.png
83.5,76.0,95.5,162.0,Pear,data/model1_body_shape\images\01283.png
94.2,88.0,97.5,151.8,Rectangle,data/model1_body_shape\images\03050.png
104.6,77.8,88.0,165.5,InvertedTriangle,data/model1_body_shape\images\04753.png
95.8,72.2,107.0,160.7,Pear,data/model1_body_shape\images\01836.png
108.9,77.5,93.2,163.5,InvertedTriangle,data/model1_body_shape\images\04242.png
94.6,87.4,106.5,159.8,Pear,data/model1_body_shape\images\01019.png
93.0,75.5,78.4,156.4,InvertedTriangle,data/model1_body_shape\images\04133.png
76.4,69.2,93.2,166.2,Pear,data/model1_body_shape\images\01326.png
103.7,62.2,104.3,168.1,Hourglass,data/model1_body_shape\images\00475.png
100.2,71.2,82.7,162.4,InvertedTriangle,data/model1_body_shape\images\04271.png
102.8,78.4,118.8,154.3,Pear,data/model1_body_shape\images\01651.png
90.7,81.7,87.2,159.0,Rectangle,data/model1_body_shape\images\03998.png
91.3,87.0,75.1,174.9,InvertedTriangle,data/model1_body_shape\images\04467.png
105.5,103.2,99.7,159.6,Apple,data/model1_body_shape\images\02610.png
89.3,81.4,86.6,172.6,Apple,data/model1_body_shape\images\02476.png
89.4,85.3,89.6,156.6,Apple,data/model1_body_shape\images\02583.png
101.9,75.1,115.6,152.7,Pear,data/model1_body_shape\images\01373.png
88.7,62.8,83.9,174.8,Hourglass,data/model1_body_shape\images\00739.png
82.7,71.9,80.0,156.1,Rectangle,data/model1_body_shape\images\03618.png
108.1,102.1,102.2,166.6,Apple,data/model1_body_shape\images\02440.png
100.2,77.6,98.9,163.0,Hourglass,data/model1_body_shape\images\00867.png
106.5,69.7,119.4,155.2,Pear,data/model1_body_shape\images\01140.png
87.3,60.4,83.6,167.3,Hourglass,data/model1_body_shape\images\00997.png
104.0,69.6,113.8,165.5,Pear,data/model1_body_shape\images\01337.png
105.3,86.3,108.7,156.4,Hourglass,data/model1_body_shape\images\00541.png
83.5,78.2,100.6,149.6,Pear,data/model1_body_shape\images\01099.png
104.3,88.6,114.8,161.6,Pear,data/model1_body_shape\images\01132.png
112.0,101.9,100.0,146.5,InvertedTriangle,data/model1_body_shape\images\04064.png
110.2,107.6,109.9,153.5,Apple,data/model1_body_shape\images\02715.png
100.5,101.9,106.1,160.8,Apple,data/model1_body_shape\images\02258.png
94.0,86.6,77.8,170.2,InvertedTriangle,data/model1_body_shape\images\04750.png
93.2,58.3,96.6,170.4,Hourglass,data/model1_body_shape\images\00059.png
94.8,90.2,90.5,175.3,Apple,data/model1_body_shape\images\02883.png
100.4,82.2,111.6,150.2,Pear,data/model1_body_shape\images\01938.png
86.6,91.5,90.4,157.8,Apple,data/model1_body_shape\images\02576.png
99.7,68.0,87.8,168.9,InvertedTriangle,data/model1_body_shape\images\04936.png
102.7,95.9,118.6,163.5,Pear,data/model1_body_shape\images\01078.png
98.9,83.0,97.2,179.4,Rectangle,data/model1_body_shape\images\03249.png
99.4,91.3,104.9,159.2,Rectangle,data/model1_body_shape\images\03127.png
90.2,94.6,94.8,153.3,Apple,data/model1_body_shape\images\02488.png
89.8,59.2,84.1,166.2,Hourglass,data/model1_body_shape\images\00940.png
76.4,70.6,93.5,156.5,Pear,data/model1_body_shape\images\01080.png
87.5,66.8,85.4,154.0,Hourglass,data/model1_body_shape\images\00187.png
103.6,110.5,109.1,177.3,Apple,data/model1_body_shape\images\02634.png
110.2,108.4,114.1,154.1,Apple,data/model1_body_shape\images\02085.png
98.4,96.2,101.9,152.1,Apple,data/model1_body_shape\images\02249.png
88.1,76.9,78.5,154.0,InvertedTriangle,data/model1_body_shape\images\04890.png
108.7,103.5,105.2,155.5,Apple,data/model1_body_shape\images\02023.png
94.1,80.0,95.4,158.2,Rectangle,data/model1_body_shape\images\03539.png
104.9,79.8,90.5,155.7,InvertedTriangle,data/model1_body_shape\images\04048.png
85.5,73.2,80.7,164.4,Rectangle,data/model1_body_shape\images\03606.png
103.0,84.6,107.9,154.2,Hourglass,data/model1_body_shape\images\00226.png
99.6,88.7,83.4,157.4,InvertedTriangle,data/model1_body_shape\images\04847.png
80.8,65.4,97.6,170.0,Pear,data/model1_body_shape\images\01929.png
88.3,80.6,92.3,168.0,Rectangle,data/model1_body_shape\images\03055.png
98.1,86.9,85.7,161.6,InvertedTriangle,data/model1_body_shape\images\04489.png
80.5,75.2,97.7,160.9,Pear,data/model1_body_shape\images\01404.png
90.1,90.6,95.6,173.5,Apple,data/model1_body_shape\images\02179.png
83.1,62.9,87.6,164.7,Hourglass,data/model1_body_shape\images\00697.png
101.7,86.7,113.6,151.5,Pear,data/model1_body_shape\images\01124.png
103.4,94.3,98.7,167.2,Rectangle,data/model1_body_shape\images\03361.png
90.8,79.1,75.1,176.1,InvertedTriangle,data/model1_body_shape\images\04135.png
97.8,79.0,107.0,166.9,Pear,data/model1_body_shape\images\01778.png
111.6,106.4,110.8,169.9,Apple,data/model1_body_shape\images\02858.png
80.3,69.9,95.6,158.9,Pear,data/model1_body_shape\images\01037.png
104.1,92.1,86.6,174.3,InvertedTriangle,data/model1_body_shape\images\04456.png
103.2,97.3,103.7,154.9,Apple,data/model1_body_shape\images\02256.png
83.1,59.9,81.9,158.0,Hourglass,data/model1_body_shape\images\00313.png
98.1,96.3,95.6,163.4,Apple,data/model1_body_shape\images\02281.png
94.3,89.4,107.0,151.1,Pear,data/model1_body_shape\images\01416.png
104.7,98.6,119.6,169.2,Pear,data/model1_body_shape\images\01036.png
100.3,96.4,96.8,172.4,Apple,data/model1_body_shape\images\02159.png
98.4,66.1,84.8,171.4,InvertedTriangle,data/model1_body_shape\images\04163.png
86.7,80.1,100.5,154.8,Pear,data/model1_body_shape\images\01754.png
104.8,92.1,102.3,157.6,Rectangle,data/model1_body_shape\images\03112.png
86.9,84.7,83.9,163.3,Apple,data/model1_body_shape\images\02813.png
92.8,97.5,98.7,151.7,Apple,data/model1_body_shape\images\02698.png
101.8,89.9,99.2,159.5,Rectangle,data/model1_body_shape\images\03207.png
98.1,84.7,85.8,161.4,InvertedTriangle,data/model1_body_shape\images\04350.png
87.9,75.8,92.1,159.6,Rectangle,data/model1_body_shape\images\03431.png
94.6,70.8,105.6,161.3,Pear,data/model1_body_shape\images\01506.png
100.6,77.6,117.3,163.9,Pear,data/model1_body_shape\images\01923.png
85.2,64.2,87.6,157.6,Hourglass,data/model1_body_shape\images\00448.png
107.4,81.0,97.1,169.8,InvertedTriangle,data/model1_body_shape\images\04128.png
92.3,95.7,89.0,179.2,Apple,data/model1_body_shape\images\02528.png
93.4,74.7,80.2,170.4,InvertedTriangle,data/model1_body_shape\images\04969.png
105.2,106.7,100.9,161.1,Apple,data/model1_body_shape\images\02789.png
90.3,60.1,85.4,169.0,Hourglass,data/model1_body_shape\images\00361.png
101.6,98.5,97.2,161.0,Apple,data/model1_body_shape\images\02183.png
106.1,77.3,116.5,156.3,Pear,data/model1_body_shape\images\01134.png
90.1,76.3,84.5,150.7,Rectangle,data/model1_body_shape\images\03880.png
89.3,87.8,92.7,163.4,Apple,data/model1_body_shape\images\02155.png
76.6,67.4,94.2,167.2,Pear,data/model1_body_shape\images\01830.png
82.7,62.4,99.4,172.2,Pear,data/model1_body_shape\images\01053.png
85.9,59.5,85.9,165.1,Hourglass,data/model1_body_shape\images\00022.png
106.8,101.1,106.5,160.5,Apple,data/model1_body_shape\images\02066.png
95.8,77.2,112.0,170.8,Pear,data/model1_body_shape\images\01653.png
97.1,90.4,98.4,161.9,Apple,data/model1_body_shape\images\02587.png
95.5,83.7,96.1,175.1,Rectangle,data/model1_body_shape\images\03210.png
110.1,90.7,95.4,160.1,InvertedTriangle,data/model1_body_shape\images\04302.png
92.2,84.5,75.8,147.0,InvertedTriangle,data/model1_body_shape\images\04036.png
104.3,109.2,108.1,163.4,Apple,data/model1_body_shape\images\02325.png
94.0,73.3,97.1,148.3,Hourglass,data/model1_body_shape\images\00460.png
94.0,72.5,112.0,160.2,Pear,data/model1_body_shape\images\01067.png
95.6,67.1,96.4,164.1,Hourglass,data/model1_body_shape\images\00087.png
77.0,71.7,94.2,168.8,Pear,data/model1_body_shape\images\01430.png
88.7,90.2,85.0,156.6,Apple,data/model1_body_shape\images\02647.png
93.1,58.8,92.2,165.6,Hourglass,data/model1_body_shape\images\00282.png
96.0,77.8,101.9,165.4,Hourglass,data/model1_body_shape\images\00462.png
93.3,73.2,96.1,162.2,Hourglass,data/model1_body_shape\images\00212.png
94.1,91.7,97.7,150.0,Apple,data/model1_body_shape\images\02499.png
93.8,71.8,107.0,170.0,Pear,data/model1_body_shape\images\01368.png
91.9,61.8,91.3,168.9,Hourglass,data/model1_body_shape\images\00234.png
104.7,107.9,101.7,156.2,Apple,data/model1_body_shape\images\02770.png
87.9,61.5,88.6,170.5,Hourglass,data/model1_body_shape\images\00597.png
99.4,90.4,86.6,167.9,InvertedTriangle,data/model1_body_shape\images\04420.png
95.3,96.6,96.5,153.7,Apple,data/model1_body_shape\images\02250.png
89.7,81.9,77.2,166.4,InvertedTriangle,data/model1_body_shape\images\04031.png
93.6,87.6,93.6,154.3,Apple,data/model1_body_shape\images\02283.png
93.2,65.7,94.6,159.3,Hourglass,data/model1_body_shape\images\00662.png
89.2,69.1,74.2,152.8,InvertedTriangle,data/model1_body_shape\images\04963.png
102.3,97.2,101.3,150.8,Apple,data/model1_body_shape\images\02285.png
103.7,65.4,89.2,150.7,InvertedTriangle,data/model1_body_shape\images\04716.png
94.8,85.6,95.5,153.6,Rectangle,data/model1_body_shape\images\03193.png
90.2,90.2,90.2,156.6,Apple,data/model1_body_shape\images\02503.png
91.8,70.1,74.2,161.2,InvertedTriangle,data/model1_body_shape\images\04043.png
97.3,73.2,100.2,170.9,Hourglass,data/model1_body_shape\images\00779.png
95.1,79.6,83.9,164.9,InvertedTriangle,data/model1_body_shape\images\04019.png
83.0,71.4,83.7,160.6,Rectangle,data/model1_body_shape\images\03426.png
100.8,84.5,90.6,177.1,InvertedTriangle,data/model1_body_shape\images\04306.png
83.1,72.3,77.4,173.1,Rectangle,data/model1_body_shape\images\03196.png
108.6,84.9,93.4,183.8,InvertedTriangle,data/model1_body_shape\images\04835.png
84.4,58.4,82.2,170.3,Hourglass,data/model1_body_shape\images\00685.png
98.7,82.7,98.2,167.4,Rectangle,data/model1_body_shape\images\03169.png
89.6,77.4,90.9,161.6,Rectangle,data/model1_body_shape\images\03926.png
99.2,92.1,102.7,158.4,Rectangle,data/model1_body_shape\images\03434.png
100.2,99.8,102.9,158.6,Apple,data/model1_body_shape\images\02171.png
83.3,66.3,82.6,156.7,Rectangle,data/model1_body_shape\images\03689.png
80.3,69.9,95.2,170.1,Pear,data/model1_body_shape\images\01850.png
96.8,69.3,95.8,159.8,Hourglass,data/model1_body_shape\images\00487.png
99.9,96.1,113.6,166.9,Pear,data/model1_body_shape\images\01688.png
93.3,91.4,99.0,163.0,Apple,data/model1_body_shape\images\02230.png
80.7,70.5,86.2,163.2,Rectangle,data/model1_body_shape\images\03264.png
96.4,100.8,100.4,160.8,Apple,data/model1_body_shape\images\02320.png
83.4,60.3,88.4,153.9,Hourglass,data/model1_body_shape\images\00782.png
85.0,62.4,81.8,162.4,Hourglass,data/model1_body_shape\images\00521.png
101.4,73.4,106.6,157.8,Hourglass,data/model1_body_shape\images\00522.png
86.9,91.7,89.6,164.3,Apple,data/model1_body_shape\images\02837.png
99.6,92.8,87.5,171.5,InvertedTriangle,data/model1_body_shape\images\04539.png
88.0,94.5,90.9,165.7,Apple,data/model1_body_shape\images\02398.png
96.2,91.1,91.7,159.4,Apple,data/model1_body_shape\images\02207.png
103.3,92.5,102.6,150.2,Rectangle,data/model1_body_shape\images\03477.png
92.6,81.7,98.0,145.0,Rectangle,data/model1_body_shape\images\03552.png
110.7,97.7,97.1,171.9,InvertedTriangle,data/model1_body_shape\images\04087.png
97.3,100.8,92.8,156.0,Apple,data/model1_body_shape\images\02822.png
94.6,72.7,105.8,167.9,Pear,data/model1_body_shape\images\01511.png
105.4,80.2,119.9,181.6,Pear,data/model1_body_shape\images\01882.png
92.1,63.5,92.9,165.3,Hourglass,data/model1_body_shape\images\00651.png
94.6,78.0,85.1,162.0,InvertedTriangle,data/model1_body_shape\images\04930.png
85.9,70.2,85.6,156.9,Rectangle,data/model1_body_shape\images\03089.png
105.6,84.2,105.2,157.8,Hourglass,data/model1_body_shape\images\00369.png
101.6,68.3,92.2,172.7,InvertedTriangle,data/model1_body_shape\images\04997.png
92.3,68.3,93.6,164.2,Hourglass,data/model1_body_shape\images\00118.png
93.3,81.7,87.7,166.8,Rectangle,data/model1_body_shape\images\03320.png
98.4,84.6,101.1,175.2,Rectangle,data/model1_body_shape\images\03034.png
101.9,95.6,99.2,168.7,Apple,data/model1_body_shape\images\02216.png
102.9,95.1,108.9,167.3,Rectangle,data/model1_body_shape\images\03542.png
75.7,62.5,93.1,155.1,Pear,data/model1_body_shape\images\01613.png
95.0,85.5,100.2,162.8,Rectangle,data/model1_body_shape\images\03151.png
92.0,72.7,94.7,167.1,Hourglass,data/model1_body_shape\images\00962.png
110.5,108.4,111.0,158.0,Apple,data/model1_body_shape\images\02510.png
104.5,92.0,106.9,159.0,Rectangle,data/model1_body_shape\images\03831.png
87.7,88.1,92.5,152.1,Apple,data/model1_body_shape\images\02823.png
98.9,68.3,81.3,169.7,InvertedTriangle,data/model1_body_shape\images\04343.png
92.9,79.4,87.8,155.1,Rectangle,data/model1_body_shape\images\03032.png
90.6,89.7,85.5,160.0,Apple,data/model1_body_shape\images\02415.png
96.1,89.9,79.5,159.7,InvertedTriangle,data/model1_body_shape\images\04654.png
111.9,65.9,100.6,165.1,InvertedTriangle,data/model1_body_shape\images\04236.png
100.3,101.8,94.6,158.1,Apple,data/model1_body_shape\images\02185.png
82.9,72.8,81.9,161.1,Rectangle,data/model1_body_shape\images\03669.png
103.4,99.5,104.6,156.6,Apple,data/model1_body_shape\images\02037.png
108.3,89.3,99.2,158.4,InvertedTriangle,data/model1_body_shape\images\04362.png
98.2,63.3,95.4,165.4,Hourglass,data/model1_body_shape\images\00772.png
106.0,69.3,115.4,169.7,Pear,data/model1_body_shape\images\01284.png
91.0,72.1,74.7,167.0,InvertedTriangle,data/model1_body_shape\images\04603.png
107.7,89.3,91.7,166.0,InvertedTriangle,data/model1_body_shape\images\04794.png
78.4,74.3,95.5,156.6,Pear,data/model1_body_shape\images\01414.png
82.1,77.8,94.0,149.7,Pear,data/model1_body_shape\images\01234.png
98.9,100.2,96.9,153.7,Apple,data/model1_body_shape\images\02699.png
97.4,73.8,93.8,157.9,Hourglass,data/model1_body_shape\images\00435.png
102.2,72.4,111.4,161.0,Pear,data/model1_body_shape\images\01674.png
104.5,60.7,100.7,150.6,Hourglass,data/model1_body_shape\images\00365.png
105.5,102.6,100.7,149.3,Apple,data/model1_body_shape\images\02649.png
90.9,68.5,89.8,161.0,Hourglass,data/model1_body_shape\images\00231.png
101.7,77.9,90.5,164.6,InvertedTriangle,data/model1_body_shape\images\04267.png
100.3,80.7,90.9,163.1,InvertedTriangle,data/model1_body_shape\images\04041.png
93.2,88.9,75.5,175.0,InvertedTriangle,data/model1_body_shape\images\04399.png
87.9,67.0,90.7,169.9,Hourglass,data/model1_body_shape\images\00407.png
94.9,97.0,95.5,166.0,Apple,data/model1_body_shape\images\02090.png
88.1,59.1,89.2,164.2,Hourglass,data/model1_body_shape\images\00086.png
101.5,64.4,101.7,161.8,Hourglass,data/model1_body_shape\images\00844.png
80.9,65.5,94.0,163.3,Pear,data/model1_body_shape\images\01031.png
109.0,106.9,106.6,162.4,Apple,data/model1_body_shape\images\02855.png
96.6,79.0,87.0,153.6,InvertedTriangle,data/model1_body_shape\images\04109.png
102.9,81.6,87.8,155.4,InvertedTriangle,data/model1_body_shape\images\04396.png
84.2,73.5,83.4,162.9,Rectangle,data/model1_body_shape\images\03893.png
90.6,87.5,92.0,161.3,Apple,data/model1_body_shape\images\02658.png
101.7,72.4,104.0,161.9,Hourglass,data/model1_body_shape\images\00855.png
90.8,62.8,88.7,154.6,Hourglass,data/model1_body_shape\images\00078.png
107.7,112.5,112.9,145.0,Apple,data/model1_body_shape\images\02247.png
88.4,70.2,74.9,167.3,InvertedTriangle,data/model1_body_shape\images\04570.png
99.4,83.5,96.0,154.1,Rectangle,data/model1_body_shape\images\03656.png
107.6,85.5,97.6,164.5,InvertedTriangle,data/model1_body_shape\images\04151.png
105.2,90.6,103.9,164.6,Rectangle,data/model1_body_shape\images\03378.png
96.4,103.3,102.2,153.8,Apple,data/model1_body_shape\images\02279.png
107.7,100.5,106.5,169.1,Apple,data/model1_body_shape\images\02598.png
106.2,66.4,94.3,158.0,InvertedTriangle,data/model1_body_shape\images\04159.png
97.3,82.1,94.7,156.3,Rectangle,data/model1_body_shape\images\03870.png
82.4,73.3,84.8,164.3,Rectangle,data/model1_body_shape\images\03428.png
88.1,91.7,83.3,162.9,Apple,data/model1_body_shape\images\02176.png
84.3,64.3,83.2,164.0,Hourglass,data/model1_body_shape\images\00424.png
105.9,84.6,110.4,167.9,Hourglass,data/model1_body_shape\images\00392.png
102.2,83.6,86.2,158.5,InvertedTriangle,data/model1_body_shape\images\04726.png
99.9,83.7,94.9,165.2,Rectangle,data/model1_body_shape\images\03693.png
97.8,58.1,92.2,167.8,Hourglass,data/model1_body_shape\images\00104.png
105.3,94.4,107.6,170.6,Rectangle,data/model1_body_shape\images\03994.png
89.6,69.4,77.7,162.6,InvertedTriangle,data/model1_body_shape\images\04412.png
94.9,70.1,108.3,157.1,Pear,data/model1_body_shape\images\01948.png
98.4,86.5,109.0,166.1,Pear,data/model1_body_shape\images\01459.png
104.6,93.1,105.1,164.8,Rectangle,data/model1_body_shape\images\03257.png
108.1,113.4,110.9,153.3,Apple,data/model1_body_shape\images\02803.png
87.7,82.1,89.9,167.8,Apple,data/model1_body_shape\images\02706.png
108.5,66.8,94.1,160.1,InvertedTriangle,data/model1_body_shape\images\04789.png
85.6,62.1,96.5,158.6,Pear,data/model1_body_shape\images\01587.png
100.1,91.1,100.6,165.6,Rectangle,data/model1_body_shape\images\03659.png
81.4,74.3,97.5,156.7,Pear,data/model1_body_shape\images\01731.png
110.5,81.7,96.8,171.4,InvertedTriangle,data/model1_body_shape\images\04764.png
88.9,80.9,79.4,172.7,InvertedTriangle,data/model1_body_shape\images\04224.png
86.0,77.0,90.8,170.0,Rectangle,data/model1_body_shape\images\03681.png
87.2,74.2,98.0,163.0,Pear,data/model1_body_shape\images\01791.png
110.9,112.5,115.7,169.7,Apple,data/model1_body_shape\images\02355.png
95.9,72.1,110.2,161.7,Pear,data/model1_body_shape\images\01940.png
87.3,63.0,86.7,168.8,Hourglass,data/model1_body_shape\images\00702.png
90.8,87.0,92.5,164.2,Apple,data/model1_body_shape\images\02442.png
111.0,88.4,94.9,157.8,InvertedTriangle,data/model1_body_shape\images\04375.png
88.8,67.2,86.9,163.5,Hourglass,data/model1_body_shape\images\00496.png
94.7,63.7,98.7,168.0,Hourglass,data/model1_body_shape\images\00464.png
106.3,70.7,93.0,162.4,InvertedTriangle,data/model1_body_shape\images\04071.png
107.4,101.7,96.2,155.5,InvertedTriangle,data/model1_body_shape\images\04333.png
87.6,66.7,85.5,158.3,Hourglass,data/model1_body_shape\images\00172.png
98.4,89.0,87.2,174.4,InvertedTriangle,data/model1_body_shape\images\04943.png
95.4,76.7,84.2,155.4,InvertedTriangle,data/model1_body_shape\images\04796.png
95.3,90.9,94.2,162.5,Apple,data/model1_body_shape\images\02540.png
85.4,75.0,83.0,157.2,Rectangle,data/model1_body_shape\images\03262.png
106.9,86.1,93.4,153.5,InvertedTriangle,data/model1_body_shape\images\04680.png
91.2,93.0,90.6,161.2,Apple,data/model1_body_shape\images\02260.png
99.0,101.3,104.5,168.5,Apple,data/model1_body_shape\images\02112.png
105.2,70.1,106.3,156.8,Hourglass,data/model1_body_shape\images\00900.png
91.8,81.1,102.3,174.7,Pear,data/model1_body_shape\images\01446.png
83.4,72.2,79.8,162.1,Rectangle,data/model1_body_shape\images\03573.png
96.6,75.0,100.1,168.3,Hourglass,data/model1_body_shape\images\00741.png
106.5,107.6,112.0,166.8,Apple,data/model1_body_shape\images\02293.png
95.0,97.4,91.7,145.7,Apple,data/model1_body_shape\images\02452.png
110.3,109.3,111.1,156.7,Apple,data/model1_body_shape\images\02622.png
110.1,80.6,96.7,158.3,InvertedTriangle,data/model1_body_shape\images\04078.png
86.3,81.7,99.8,160.7,Pear,data/model1_body_shape\images\01206.png
85.5,65.5,83.6,161.3,Hourglass,data/model1_body_shape\images\00509.png
99.5,97.5,103.2,161.8,Apple,data/model1_body_shape\images\02620.png
95.4,94.0,91.4,180.3,Apple,data/model1_body_shape\images\02802.png
81.5,71.3,77.4,168.5,Rectangle,data/model1_body_shape\images\03313.png
76.9,64.2,93.0,169.1,Pear,data/model1_body_shape\images\01549.png
110.8,98.6,99.1,151.3,InvertedTriangle,data/model1_body_shape\images\04563.png
106.1,101.8,100.4,162.3,Apple,data/model1_body_shape\images\02202.png
86.5,88.6,91.9,152.5,Apple,data/model1_body_shape\images\02566.png
87.8,78.6,84.9,172.0,Rectangle,data/model1_body_shape\images\03892.png
87.5,97.0,93.0,155.2,Apple,data/model1_body_shape\images\02044.png
91.4,60.1,88.5,167.2,Hourglass,data/model1_body_shape\images\00767.png
89.2,83.9,73.9,177.1,InvertedTriangle,data/model1_body_shape\images\04872.png
105.4,90.3,105.9,161.9,Rectangle,data/model1_body_shape\images\03738.png
98.3,62.2,98.5,164.7,Hourglass,data/model1_body_shape\images\00421.png
92.4,63.9,93.9,163.6,Hourglass,data/model1_body_shape\images\00123.png
91.5,85.1,78.0,159.5,InvertedTriangle,data/model1_body_shape\images\04162.png
97.1,98.2,100.8,150.0,Apple,data/model1_body_shape\images\02628.png
83.1,58.0,77.9,172.6,Hourglass,data/model1_body_shape\images\00819.png
90.1,71.4,104.5,166.7,Pear,data/model1_body_shape\images\01403.png
85.6,81.0,96.4,164.3,Pear,data/model1_body_shape\images\01382.png
98.8,96.6,99.5,160.1,Apple,data/model1_body_shape\images\02148.png
90.7,82.6,105.9,158.8,Pear,data/model1_body_shape\images\01575.png
78.2,65.1,95.0,166.3,Pear,data/model1_body_shape\images\01638.png
87.6,73.4,102.2,157.2,Pear,data/model1_body_shape\images\01795.png
104.9,68.2,92.1,170.2,InvertedTriangle,data/model1_body_shape\images\04815.png
105.1,69.3,102.3,150.9,Hourglass,data/model1_body_shape\images\00399.png
107.9,109.2,113.1,160.2,Apple,data/model1_body_shape\images\02310.png
104.2,72.5,105.7,170.0,Hourglass,data/model1_body_shape\images\00882.png
100.1,73.4,84.3,145.8,InvertedTriangle,data/model1_body_shape\images\04973.png
98.3,93.7,101.7,150.4,Apple,data/model1_body_shape\images\02897.png
83.1,68.7,99.6,157.4,Pear,data/model1_body_shape\images\01352.png
92.6,89.0,88.2,153.3,Apple,data/model1_body_shape\images\02742.png
94.2,72.7,81.0,166.6,InvertedTriangle,data/model1_body_shape\images\04550.png
95.4,92.7,91.1,156.5,Apple,data/model1_body_shape\images\02130.png
91.5,59.7,89.3,154.8,Hourglass,data/model1_body_shape\images\00982.png
82.0,62.0,81.2,149.0,Hourglass,data/model1_body_shape\images\00456.png
93.7,67.8,83.6,162.0,InvertedTriangle,data/model1_body_shape\images\04119.png
104.7,64.8,115.3,160.1,Pear,data/model1_body_shape\images\01079.png
99.8,66.6,109.2,153.0,Pear,data/model1_body_shape\images\01950.png
91.6,81.7,82.2,165.9,InvertedTriangle,data/model1_body_shape\images\04314.png
88.2,58.9,83.9,154.4,Hourglass,data/model1_body_shape\images\00689.png
92.2,84.6,87.6,160.3,Apple,data/model1_body_shape\images\02429.png
92.7,60.4,90.7,170.0,Hourglass,data/model1_body_shape\images\00641.png
101.9,102.6,99.4,159.7,Apple,data/model1_body_shape\images\02392.png
97.1,83.4,107.2,165.5,Pear,data/model1_body_shape\images\01953.png
94.5,95.8,100.0,159.2,Apple,data/model1_body_shape\images\02748.png
109.6,102.8,96.2,156.8,InvertedTriangle,data/model1_body_shape\images\04313.png
93.2,81.0,88.6,165.2,Rectangle,data/model1_body_shape\images\03435.png
83.1,70.3,86.4,163.0,Rectangle,data/model1_body_shape\images\03336.png
105.8,92.5,93.4,165.2,InvertedTriangle,data/model1_body_shape\images\04766.png
101.6,92.4,100.5,171.1,Rectangle,data/model1_body_shape\images\03370.png
105.2,91.0,116.9,158.7,Pear,data/model1_body_shape\images\01884.png
83.9,59.0,78.1,166.3,Hourglass,data/model1_body_shape\images\00389.png
103.9,106.0,102.9,156.1,Apple,data/model1_body_shape\images\02494.png
93.6,83.7,89.2,162.3,Rectangle,data/model1_body_shape\images\03878.png
94.1,82.4,97.7,166.7,Rectangle,data/model1_body_shape\images\03856.png
84.4,59.1,86.3,160.0,Hourglass,data/model1_body_shape\images\00845.png
85.4,59.6,85.7,164.2,Hourglass,data/model1_body_shape\images\00542.png
90.0,68.7,94.8,163.9,Hourglass,data/model1_body_shape\images\00091.png
84.3,71.1,88.0,146.5,Rectangle,data/model1_body_shape\images\03889.png
86.1,82.5,103.2,151.2,Pear,data/model1_body_shape\images\01979.png
110.9,107.8,109.8,172.8,Apple,data/model1_body_shape\images\02812.png
99.4,86.8,89.6,168.0,InvertedTriangle,data/model1_body_shape\images\04082.png
91.2,86.9,88.4,155.8,Apple,data/model1_body_shape\images\02902.png
93.9,85.9,93.6,160.1,Apple,data/model1_body_shape\images\02529.png
104.1,71.7,116.8,167.5,Pear,data/model1_body_shape\images\01676.png
102.0,68.7,116.4,164.4,Pear,data/model1_body_shape\images\01048.png
103.5,99.7,118.5,153.9,Pear,data/model1_body_shape\images\01960.png
88.6,90.3,90.8,160.3,Apple,data/model1_body_shape\images\02530.png
105.3,88.6,101.4,157.3,Rectangle,data/model1_body_shape\images\03992.png
103.3,72.1,106.6,175.2,Hourglass,data/model1_body_shape\images\00237.png
97.9,87.3,99.8,165.4,Rectangle,data/model1_body_shape\images\03097.png
93.5,77.4,92.0,175.0,Rectangle,data/model1_body_shape\images\03488.png
79.1,70.7,93.0,165.8,Pear,data/model1_body_shape\images\01133.png
88.1,76.7,103.0,152.7,Pear,data/model1_body_shape\images\01805.png
88.1,80.3,71.5,176.1,InvertedTriangle,data/model1_body_shape\images\04317.png
102.5,72.2,100.1,159.8,Hourglass,data/model1_body_shape\images\00163.png
92.9,80.4,93.7,163.3,Rectangle,data/model1_body_shape\images\03492.png
98.7,67.5,88.4,148.5,InvertedTriangle,data/model1_body_shape\images\04709.png
109.2,98.1,94.7,171.4,InvertedTriangle,data/model1_body_shape\images\04630.png
80.4,68.7,84.8,157.9,Rectangle,data/model1_body_shape\images\03453.png
102.5,97.4,107.6,167.4,Rectangle,data/model1_body_shape\images\03199.png
97.0,83.8,99.6,156.4,Rectangle,data/model1_body_shape\images\03634.png
103.4,97.4,109.3,165.7,Rectangle,data/model1_body_shape\images\03939.png
89.8,84.7,104.8,165.6,Pear,data/model1_body_shape\images\01811.png
95.3,79.9,89.5,158.5,Rectangle,data/model1_body_shape\images\03649.png
107.3,72.7,92.4,179.8,InvertedTriangle,data/model1_body_shape\images\04049.png
97.5,64.9,113.3,179.7,Pear,data/model1_body_shape\images\01428.png
83.8,70.9,81.4,154.4,Rectangle,data/model1_body_shape\images\03613.png
85.1,73.7,80.6,165.9,Rectangle,data/model1_body_shape\images\03131.png
84.6,67.8,80.4,177.6,Rectangle,data/model1_body_shape\images\03396.png
94.3,88.3,77.4,163.7,InvertedTriangle,data/model1_body_shape\images\04460.png
109.5,101.2,99.5,164.4,InvertedTriangle,data/model1_body_shape\images\04649.png
94.0,98.6,95.5,167.8,Apple,data/model1_body_shape\images\02820.png
78.7,76.7,94.8,151.4,Pear,data/model1_body_shape\images\01452.png
83.7,63.8,84.8,147.6,Hourglass,data/model1_body_shape\images\00593.png
95.3,72.7,93.8,167.9,Hourglass,data/model1_body_shape\images\00041.png
101.0,66.5,95.8,167.5,Hourglass,data/model1_body_shape\images\00560.png
104.1,88.6,100.1,173.4,Rectangle,data/model1_body_shape\images\03273.png
80.1,73.1,83.4,159.5,Rectangle,data/model1_body_shape\images\03244.png
86.5,66.6,92.4,145.0,Hourglass,data/model1_body_shape\images\00243.png
92.1,73.6,105.0,168.1,Pear,data/model1_body_shape\images\01339.png
103.4,96.8,99.5,169.0,Apple,data/model1_body_shape\images\02780.png
83.3,73.8,88.5,161.8,Rectangle,data/model1_body_shape\images\03187.png
102.5,91.4,100.9,154.8,Rectangle,data/model1_body_shape\images\03799.png
78.0,69.2,93.8,159.7,Pear,data/model1_body_shape\images\01442.png
85.1,58.9,82.4,166.3,Hourglass,data/model1_body_shape\images\00261.png
109.6,103.6,109.3,172.9,Apple,data/model1_body_shape\images\02764.png
103.6,73.3,114.1,154.7,Pear,data/model1_body_shape\images\01689.png
94.2,76.4,109.7,159.4,Pear,data/model1_body_shape\images\01725.png
110.1,77.8,92.3,167.9,InvertedTriangle,data/model1_body_shape\images\04792.png
89.9,67.0,92.3,163.9,Hourglass,data/model1_body_shape\images\00834.png
86.0,67.1,96.7,166.7,Pear,data/model1_body_shape\images\01866.png
109.0,110.7,108.8,159.6,Apple,data/model1_body_shape\images\02496.png
104.2,99.3,98.5,150.2,Apple,data/model1_body_shape\images\02010.png
90.3,66.9,85.4,163.9,Hourglass,data/model1_body_shape\images\00340.png
99.8,101.4,102.5,169.7,Apple,data/model1_body_shape\images\02988.png
89.7,75.1,105.2,168.9,Pear,data/model1_body_shape\images\01601.png
87.9,78.9,92.6,160.5,Rectangle,data/model1_body_shape\images\03875.png
89.9,85.6,77.8,156.0,InvertedTriangle,data/model1_body_shape\images\04694.png
100.6,75.5,104.4,169.2,Hourglass,data/model1_body_shape\images\00480.png
99.9,94.9,97.9,164.7,Apple,data/model1_body_shape\images\02825.png
107.2,78.3,94.5,166.4,InvertedTriangle,data/model1_body_shape\images\04329.png
98.0,89.1,99.4,171.9,Rectangle,data/model1_body_shape\images\03540.png
90.0,75.5,74.5,155.7,InvertedTriangle,data/model1_body_shape\images\04638.png
102.6,87.8,98.7,161.0,Rectangle,data/model1_body_shape\images\03046.png
102.4,92.8,105.5,159.9,Rectangle,data/model1_body_shape\images\03990.png
94.1,90.8,103.2,175.7,Pear,data/model1_body_shape\images\01766.png
108.3,88.2,91.0,166.4,InvertedTriangle,data/model1_body_shape\images\04473.png
106.1,109.1,100.6,170.7,Apple,data/model1_body_shape\images\02453.png
109.4,108.5,111.5,158.4,Apple,data/model1_body_shape\images\02877.png
88.6,77.3,94.0,164.9,Rectangle,data/model1_body_shape\images\03815.png
107.2,71.7,89.6,156.4,InvertedTriangle,data/model1_body_shape\images\04016.png
98.0,73.8,87.9,166.6,InvertedTriangle,data/model1_body_shape\images\04677.png
99.9,87.9,104.1,172.0,Rectangle,data/model1_body_shape\images\03679.png
91.6,70.5,106.2,159.9,Pear,data/model1_body_shape\images\01271.png
81.9,66.7,80.4,176.5,Rectangle,data/model1_body_shape\images\03077.png
95.3,77.6,77.4,157.5,InvertedTriangle,data/model1_body_shape\images\04501.png
82.1,75.4,86.2,158.2,Rectangle,data/model1_body_shape\images\03094.png
97.8,68.1,85.7,153.6,InvertedTriangle,data/model1_body_shape\images\04653.png
95.6,66.2,94.4,168.4,Hourglass,data/model1_body_shape\images\00347.png
80.1,68.4,84.3,161.9,Rectangle,data/model1_body_shape\images\03881.png
98.4,70.4,87.4,150.7,InvertedTriangle,data/model1_body_shape\images\04623.png
92.1,88.6,88.5,161.1,Apple,data/model1_body_shape\images\02562.png
95.9,67.5,80.6,160.6,InvertedTriangle,data/model1_body_shape\images\04590.png
94.0,66.7,111.1,173.8,Pear,data/model1_body_shape\images\01423.png
103.2,79.7,105.9,166.4,Hourglass,data/model1_body_shape\images\00656.png
96.8,92.2,91.1,181.3,Apple,data/model1_body_shape\images\02102.png
86.2,60.3,84.0,169.6,Hourglass,data/model1_body_shape\images\00632.png
100.6,95.9,101.4,156.4,Apple,data/model1_body_shape\images\02892.png
111.0,105.5,113.5,160.1,Apple,data/model1_body_shape\images\02493.png
106.5,108.4,100.9,159.7,Apple,data/model1_body_shape\images\02665.png
89.1,67.8,79.9,169.2,InvertedTriangle,data/model1_body_shape\images\04015.png
104.1,92.9,107.7,160.9,Rectangle,data/model1_body_shape\images\03662.png
88.6,75.1,91.8,155.7,Rectangle,data/model1_body_shape\images\03307.png
85.6,68.9,82.2,172.5,Rectangle,data/model1_body_shape\images\03096.png
81.2,66.8,83.8,165.8,Rectangle,data/model1_body_shape\images\03919.png
100.5,101.1,96.6,171.2,Apple,data/model1_body_shape\images\02500.png
106.1,67.8,115.3,158.6,Pear,data/model1_body_shape\images\01465.png
105.5,106.8,108.7,153.6,Apple,data/model1_body_shape\images\02833.png
95.9,70.9,98.3,169.8,Hourglass,data/model1_body_shape\images\00115.png
95.7,89.9,107.3,167.4,Pear,data/model1_body_shape\images\01821.png
80.0,73.9,96.4,170.1,Pear,data/model1_body_shape\images\01494.png
104.2,101.1,103.1,166.2,Apple,data/model1_body_shape\images\02401.png
87.7,62.2,98.8,168.1,Pear,data/model1_body_shape\images\01232.png
112.0,113.9,114.6,163.9,Apple,data/model1_body_shape\images\02661.png
100.3,67.8,89.5,151.8,InvertedTriangle,data/model1_body_shape\images\04100.png
110.5,86.5,93.1,161.4,InvertedTriangle,data/model1_body_shape\images\04573.png
86.2,72.3,98.0,155.2,Pear,data/model1_body_shape\images\01153.png
82.2,74.4,83.4,172.9,Rectangle,data/model1_body_shape\images\03848.png
97.2,60.3,92.5,163.6,Hourglass,data/model1_body_shape\images\00057.png
100.0,92.7,87.9,160.1,InvertedTriangle,data/model1_body_shape\images\04104.png
89.4,84.9,72.0,161.8,InvertedTriangle,data/model1_body_shape\images\04288.png
110.5,101.2,100.9,172.4,InvertedTriangle,data/model1_body_shape\images\04945.png
90.3,84.1,106.5,169.4,Pear,data/model1_body_shape\images\01735.png
111.4,105.2,110.1,161.1,Apple,data/model1_body_shape\images\02196.png
98.7,87.4,100.2,159.4,Rectangle,data/model1_body_shape\images\03553.png
88.9,93.5,91.4,156.4,Apple,data/model1_body_shape\images\02475.png
90.9,95.3,96.1,158.0,Apple,data/model1_body_shape\images\02564.png
86.1,69.8,83.6,160.8,Rectangle,data/model1_body_shape\images\03158.png
107.4,99.1,97.6,153.3,InvertedTriangle,data/model1_body_shape\images\04034.png
93.8,84.4,89.2,145.0,Rectangle,data/model1_body_shape\images\03655.png
91.1,69.7,90.3,172.4,Hourglass,data/model1_body_shape\images\00707.png
96.6,82.5,80.3,175.3,InvertedTriangle,data/model1_body_shape\images\04280.png
105.4,98.2,117.7,163.8,Pear,data/model1_body_shape\images\01093.png
107.3,76.8,95.6,156.1,InvertedTriangle,data/model1_body_shape\images\04839.png
94.8,70.9,108.8,171.5,Pear,data/model1_body_shape\images\01376.png
99.5,85.0,89.3,164.6,InvertedTriangle,data/model1_body_shape\images\04913.png
102.0,77.1,96.6,149.8,Hourglass,data/model1_body_shape\images\00072.png
83.8,78.9,100.1,159.5,Pear,data/model1_body_shape\images\01922.png
99.9,88.8,95.1,154.5,Rectangle,data/model1_body_shape\images\03173.png
97.2,88.8,111.0,160.7,Pear,data/model1_body_shape\images\01764.png
87.0,59.1,92.8,169.4,Hourglass,data/model1_body_shape\images\00743.png
108.3,84.3,92.5,156.5,InvertedTriangle,data/model1_body_shape\images\04318.png
88.1,82.5,104.6,165.6,Pear,data/model1_body_shape\images\01005.png
90.7,90.0,92.4,170.9,Apple,data/model1_body_shape\images\02668.png
86.4,72.7,97.1,173.3,Pear,data/model1_body_shape\images\01190.png
96.6,80.9,82.8,176.0,InvertedTriangle,data/model1_body_shape\images\04631.png
102.5,95.3,98.1,145.6,Apple,data/model1_body_shape\images\02601.png
96.3,83.5,106.1,164.6,Pear,data/model1_body_shape\images\01125.png
98.3,84.7,109.2,163.9,Pear,data/model1_body_shape\images\01241.png
95.6,75.9,79.8,171.7,InvertedTriangle,data/model1_body_shape\images\04606.png
96.6,73.0,81.2,177.9,InvertedTriangle,data/model1_body_shape\images\04130.png
101.5,91.8,97.1,150.5,Rectangle,data/model1_body_shape\images\03442.png
101.1,74.4,106.5,163.5,Hourglass,data/model1_body_shape\images\00998.png
83.4,72.5,86.3,159.8,Rectangle,data/model1_body_shape\images\03386.png
104.9,101.2,102.1,153.8,Apple,data/model1_body_shape\images\02684.png
93.0,72.1,106.2,163.0,Pear,data/model1_body_shape\images\01577.png
94.7,79.1,83.3,163.3,InvertedTriangle,data/model1_body_shape\images\04790.png
89.5,84.9,105.4,166.2,Pear,data/model1_body_shape\images\01826.png
98.1,88.3,92.7,156.6,Rectangle,data/model1_body_shape\images\03292.png
89.2,70.9,72.6,149.0,InvertedTriangle,data/model1_body_shape\images\04989.png
80.1,69.0,79.5,172.2,Rectangle,data/model1_body_shape\images\03536.png
95.9,70.6,99.2,161.4,Hourglass,data/model1_body_shape\images\00440.png
96.1,82.7,86.7,156.1,InvertedTriangle,data/model1_body_shape\images\04951.png
94.0,86.9,108.1,169.2,Pear,data/model1_body_shape\images\01100.png
91.4,66.6,81.6,145.0,InvertedTriangle,data/model1_body_shape\images\04010.png
92.2,83.2,96.5,160.6,Rectangle,data/model1_body_shape\images\03058.png
102.7,82.1,106.5,162.3,Hourglass,data/model1_body_shape\images\00649.png
104.0,94.8,117.4,154.3,Pear,data/model1_body_shape\images\01546.png
90.8,76.6,77.3,166.9,InvertedTriangle,data/model1_body_shape\images\04756.png
90.1,80.2,84.2,169.5,Rectangle,data/model1_body_shape\images\03560.png
96.7,86.1,92.9,170.3,Rectangle,data/model1_body_shape\images\03886.png
96.2,85.1,97.1,149.8,Rectangle,data/model1_body_shape\images\03741.png
94.2,66.0,94.3,171.6,Hourglass,data/model1_body_shape\images\00630.png
97.4,63.3,103.1,148.7,Hourglass,data/model1_body_shape\images\00672.png
106.4,84.3,115.8,154.4,Pear,data/model1_body_shape\images\01249.png
87.4,62.5,86.8,158.9,Hourglass,data/model1_body_shape\images\00482.png
108.5,68.1,119.3,162.1,Pear,data/model1_body_shape\images\01584.png
100.2,87.7,98.0,162.6,Rectangle,data/model1_body_shape\images\03074.png
104.9,86.8,93.3,163.8,InvertedTriangle,data/model1_body_shape\images\04627.png
105.2,96.8,108.4,182.0,Rectangle,data/model1_body_shape\images\03038.png
105.8,102.4,115.6,155.9,Pear,data/model1_body_shape\images\01462.png
83.4,78.5,87.9,168.1,Rectangle,data/model1_body_shape\images\03929.png
104.1,99.1,109.9,159.5,Rectangle,data/model1_body_shape\images\03621.png
103.8,107.9,109.0,167.4,Apple,data/model1_body_shape\images\02578.png
82.5,73.0,85.2,158.1,Rectangle,data/model1_body_shape\images\03801.png
96.4,62.0,100.9,155.7,Hourglass,data/model1_body_shape\images\00049.png
109.6,87.8,99.1,168.1,InvertedTriangle,data/model1_body_shape\images\04289.png
98.9,83.0,93.6,167.6,Rectangle,data/model1_body_shape\images\03344.png
100.9,63.5,95.0,161.8,Hourglass,data/model1_body_shape\images\00858.png
92.9,63.7,107.4,157.2,Pear,data/model1_body_shape\images\01072.png
92.1,71.7,90.7,163.6,Hourglass,data/model1_body_shape\images\00719.png
94.7,87.3,99.4,159.9,Rectangle,data/model1_body_shape\images\03717.png
89.1,92.3,87.6,156.0,Apple,data/model1_body_shape\images\02631.png
106.7,101.9,91.2,168.0,InvertedTriangle,data/model1_body_shape\images\04873.png
101.8,72.6,114.9,170.9,Pear,data/model1_body_shape\images\01660.png
107.6,82.0,117.0,164.9,Pear,data/model1_body_shape\images\01656.png
106.2,99.6,101.5,158.7,Apple,data/model1_body_shape\images\02425.png
94.0,89.0,99.0,154.3,Rectangle,data/model1_body_shape\images\03524.png
91.4,80.6,82.0,157.1,InvertedTriangle,data/model1_body_shape\images\04229.png
99.1,75.8,86.5,160.4,InvertedTriangle,data/model1_body_shape\images\04974.png
95.3,85.3,100.2,156.9,Rectangle,data/model1_body_shape\images\03309.png
101.0,92.9,86.4,160.6,InvertedTriangle,data/model1_body_shape\images\04476.png
88.3,77.6,89.1,162.9,Rectangle,data/model1_body_shape\images\03305.png
89.2,79.2,74.0,165.7,InvertedTriangle,data/model1_body_shape\images\04751.png
88.6,68.1,79.4,160.1,InvertedTriangle,data/model1_body_shape\images\04126.png
105.7,99.7,106.7,160.1,Apple,data/model1_body_shape\images\02606.png
97.8,75.0,113.1,160.6,Pear,data/model1_body_shape\images\01385.png
89.3,77.7,88.9,168.3,Rectangle,data/model1_body_shape\images\03835.png
99.4,87.2,110.7,158.4,Pear,data/model1_body_shape\images\01399.png
81.3,70.7,92.4,167.5,Pear,data/model1_body_shape\images\01195.png
104.1,84.0,116.3,162.9,Pear,data/model1_body_shape\images\01408.png
99.4,83.6,96.4,168.0,Rectangle,data/model1_body_shape\images\03824.png
99.6,81.1,114.0,162.3,Pear,data/model1_body_shape\images\01798.png
97.0,66.9,111.4,159.4,Pear,data/model1_body_shape\images\01475.png
91.4,87.3,75.7,165.2,InvertedTriangle,data/model1_body_shape\images\04965.png
93.7,74.5,93.6,155.1,Hourglass,data/model1_body_shape\images\00035.png
96.4,87.2,96.9,157.6,Rectangle,data/model1_body_shape\images\03541.png
92.4,95.7,90.6,162.0,Apple,data/model1_body_shape\images\02345.png
108.7,102.9,91.6,174.1,InvertedTriangle,data/model1_body_shape\images\04678.png
101.1,101.4,102.6,163.4,Apple,data/model1_body_shape\images\02359.png
106.4,109.9,108.8,178.0,Apple,data/model1_body_shape\images\02206.png
85.8,75.3,85.3,158.3,Rectangle,data/model1_body_shape\images\03767.png
98.0,62.1,110.4,154.7,Pear,data/model1_body_shape\images\01286.png
105.1,79.1,100.3,168.7,Hourglass,data/model1_body_shape\images\00349.png
87.8,87.4,83.2,167.5,Apple,data/model1_body_shape\images\02137.png
109.6,104.7,112.0,164.1,Apple,data/model1_body_shape\images\02691.png
88.5,78.2,74.6,156.3,InvertedTriangle,data/model1_body_shape\images\04560.png
85.4,74.9,91.0,151.7,Rectangle,data/model1_body_shape\images\03967.png
95.1,84.5,107.3,161.6,Pear,data/model1_body_shape\images\01681.png
106.6,67.8,93.7,167.8,InvertedTriangle,data/model1_body_shape\images\04834.png
95.6,78.5,111.0,163.6,Pear,data/model1_body_shape\images\01443.png
104.5,96.3,105.6,167.0,Rectangle,data/model1_body_shape\images\03243.png
92.6,71.5,108.7,172.4,Pear,data/model1_body_shape\images\01671.png
100.2,89.7,94.8,156.7,Rectangle,data/model1_body_shape\images\03836.png
94.6,76.7,106.8,154.7,Pear,data/model1_body_shape\images\01179.png
95.2,88.7,90.8,160.8,Apple,data/model1_body_shape\images\02798.png
104.8,63.4,118.2,171.6,Pear,data/model1_body_shape\images\01692.png
86.1,69.2,82.6,163.6,Rectangle,data/model1_body_shape\images\03956.png
90.3,67.6,92.3,156.9,Hourglass,data/model1_body_shape\images\00372.png
93.1,76.8,87.5,165.4,Rectangle,data/model1_body_shape\images\03610.png
103.4,66.6,116.0,160.6,Pear,data/model1_body_shape\images\01916.png
98.5,66.9,114.7,162.8,Pear,data/model1_body_shape\images\01357.png
101.6,72.4,111.8,164.4,Pear,data/model1_body_shape\images\01825.png
105.6,59.2,107.8,167.5,Hourglass,data/model1_body_shape\images\00786.png
102.4,63.9,101.8,162.2,Hourglass,data/model1_body_shape\images\00469.png
97.6,74.5,99.6,163.4,Hourglass,data/model1_body_shape\images\00140.png
88.2,60.1,88.1,163.6,Hourglass,data/model1_body_shape\images\00788.png
87.1,66.4,87.9,161.2,Hourglass,data/model1_body_shape\images\00323.png
100.7,70.3,106.3,160.9,Hourglass,data/model1_body_shape\images\00050.png
82.0,58.2,78.0,167.5,Hourglass,data/model1_body_shape\images\00714.png
100.1,73.7,84.1,154.8,InvertedTriangle,data/model1_body_shape\images\04889.png
87.3,79.6,84.7,160.1,Apple,data/model1_body_shape\images\02840.png
99.5,93.3,99.5,162.0,Apple,data/model1_body_shape\images\02446.png
99.0,74.3,87.2,164.4,InvertedTriangle,data/model1_body_shape\images\04813.png
93.1,85.8,77.1,162.1,InvertedTriangle,data/model1_body_shape\images\04419.png
103.7,78.8,91.9,170.3,InvertedTriangle,data/model1_body_shape\images\04596.png
81.5,70.7,80.4,169.2,Rectangle,data/model1_body_shape\images\03015.png
99.4,101.5,99.4,165.5,Apple,data/model1_body_shape\images\02666.png
105.6,69.5,104.5,163.7,Hourglass,data/model1_body_shape\images\00406.png
84.5,75.1,82.2,159.0,Rectangle,data/model1_body_shape\images\03724.png
94.5,82.4,112.1,157.6,Pear,data/model1_body_shape\images\01004.png
86.8,69.9,82.8,151.7,Rectangle,data/model1_body_shape\images\03787.png
89.0,62.3,92.7,165.6,Hourglass,data/model1_body_shape\images\00890.png
88.2,84.5,92.4,175.0,Apple,data/model1_body_shape\images\02411.png
95.8,102.8,100.7,158.2,Apple,data/model1_body_shape\images\02545.png
111.2,77.7,96.1,160.8,InvertedTriangle,data/model1_body_shape\images\04833.png
106.5,106.9,112.1,155.0,Apple,data/model1_body_shape\images\02390.png
80.8,66.1,80.0,166.9,Rectangle,data/model1_body_shape\images\03940.png
89.6,62.0,95.0,160.9,Hourglass,data/model1_body_shape\images\00042.png
90.5,88.9,91.9,156.7,Apple,data/model1_body_shape\images\02830.png
98.4,83.5,93.4,159.7,Rectangle,data/model1_body_shape\images\03965.png
82.0,60.3,78.6,164.6,Hourglass,data/model1_body_shape\images\00303.png
103.3,77.4,93.0,167.0,InvertedTriangle,data/model1_body_shape\images\04513.png
95.8,84.5,99.7,161.4,Rectangle,data/model1_body_shape\images\03747.png
101.6,66.7,104.6,157.2,Hourglass,data/model1_body_shape\images\00664.png
90.4,63.0,100.0,154.8,Pear,data/model1_body_shape\images\01177.png
108.6,105.1,111.4,159.2,Apple,data/model1_body_shape\images\02676.png
82.7,72.2,98.0,155.9,Pear,data/model1_body_shape\images\01947.png
99.4,93.0,96.1,164.4,Apple,data/model1_body_shape\images\02501.png
89.4,68.8,100.7,163.4,Pear,data/model1_body_shape\images\01473.png
103.7,93.5,101.4,156.9,Rectangle,data/model1_body_shape\images\03483.png
103.9,89.6,99.8,167.0,Rectangle,data/model1_body_shape\images\03520.png
97.9,99.1,92.8,156.8,Apple,data/model1_body_shape\images\02132.png
100.6,91.1,116.0,160.8,Pear,data/model1_body_shape\images\01026.png
91.9,67.5,85.9,158.5,Hourglass,data/model1_body_shape\images\00961.png
104.9,101.8,99.8,146.6,Apple,data/model1_body_shape\images\02889.png
95.2,88.1,100.5,163.7,Rectangle,data/model1_body_shape\images\03134.png
91.2,92.2,87.3,145.0,Apple,data/model1_body_shape\images\02009.png
93.2,102.2,99.1,154.2,Apple,data/model1_body_shape\images\02149.png
80.6,69.0,82.5,171.0,Rectangle,data/model1_body_shape\images\03323.png
87.4,86.3,81.8,170.0,Apple,data/model1_body_shape\images\02338.png
81.6,70.5,83.2,158.3,Rectangle,data/model1_body_shape\images\03888.png
86.1,62.8,90.8,169.1,Hourglass,data/model1_body_shape\images\00304.png
89.1,81.1,103.6,164.2,Pear,data/model1_body_shape\images\01440.png
98.6,67.3,115.5,175.8,Pear,data/model1_body_shape\images\01496.png
111.6,114.3,116.1,156.5,Apple,data/model1_body_shape\images\02652.png
108.5,115.5,114.2,178.6,Apple,data/model1_body_shape\images\02875.png
92.2,58.7,89.8,158.8,Hourglass,data/model1_body_shape\images\00916.png
103.0,78.4,86.8,149.8,InvertedTriangle,data/model1_body_shape\images\04182.png
89.0,82.3,92.3,166.2,Rectangle,data/model1_body_shape\images\03721.png
106.5,107.0,101.3,166.0,Apple,data/model1_body_shape\images\02772.png
83.1,66.6,99.8,151.5,Pear,data/model1_body_shape\images\01624.png
102.9,86.9,97.4,157.1,Rectangle,data/model1_body_shape\images\03837.png
96.8,59.2,94.3,153.9,Hourglass,data/model1_body_shape\images\00821.png
82.0,71.0,87.7,169.4,Rectangle,data/model1_body_shape\images\03964.png
79.5,70.2,96.9,164.7,Pear,data/model1_body_shape\images\01354.png
104.6,83.1,92.7,177.8,InvertedTriangle,data/model1_body_shape\images\04497.png
101.7,72.3,102.5,145.0,Hourglass,data/model1_body_shape\images\00850.png
96.0,66.0,109.9,163.4,Pear,data/model1_body_shape\images\01000.png
85.8,74.0,82.2,161.4,Rectangle,data/model1_body_shape\images\03377.png
102.5,59.4,99.3,165.5,Hourglass,data/model1_body_shape\images\00018.png
83.8,65.2,95.2,168.3,Pear,data/model1_body_shape\images\01637.png
89.8,65.3,102.6,166.4,Pear,data/model1_body_shape\images\01667.png
96.8,63.4,102.0,153.4,Hourglass,data/model1_body_shape\images\00493.png
92.5,85.3,110.1,168.9,Pear,data/model1_body_shape\images\01347.png
102.5,88.3,96.9,171.8,Rectangle,data/model1_body_shape\images\03727.png
106.3,87.9,91.5,172.7,InvertedTriangle,data/model1_body_shape\images\04825.png
106.0,98.2,109.3,160.4,Rectangle,data/model1_body_shape\images\03614.png
99.0,88.2,102.0,164.0,Rectangle,data/model1_body_shape\images\03481.png
85.9,66.8,89.5,166.9,Hourglass,data/model1_body_shape\images\00687.png
85.6,72.8,89.7,150.2,Rectangle,data/model1_body_shape\images\03731.png
105.6,89.4,116.9,164.0,Pear,data/model1_body_shape\images\01608.png
109.5,67.4,99.2,156.4,InvertedTriangle,data/model1_body_shape\images\04084.png
83.2,70.0,86.5,170.2,Rectangle,data/model1_body_shape\images\03402.png
84.5,75.3,97.1,167.2,Pear,data/model1_body_shape\images\01009.png
89.3,95.5,92.4,165.7,Apple,data/model1_body_shape\images\02408.png
81.1,70.0,92.5,156.9,Pear,data/model1_body_shape\images\01092.png
78.4,72.8,93.9,164.7,Pear,data/model1_body_shape\images\01327.png
91.4,80.5,108.6,160.4,Pear,data/model1_body_shape\images\01677.png
99.0,81.0,110.1,161.6,Pear,data/model1_body_shape\images\01999.png
92.7,67.1,108.2,157.5,Pear,data/model1_body_shape\images\01310.png
94.1,84.5,92.7,158.1,Rectangle,data/model1_body_shape\images\03258.png
98.7,62.1,111.0,169.0,Pear,data/model1_body_shape\images\01987.png
92.0,83.3,92.5,159.8,Rectangle,data/model1_body_shape\images\03648.png
83.0,60.1,85.4,161.2,Hourglass,data/model1_body_shape\images\00344.png
105.9,96.9,96.8,159.5,InvertedTriangle,data/model1_body_shape\images\04482.png
83.3,59.5,79.0,159.1,Hourglass,data/model1_body_shape\images\00986.png
94.6,80.4,82.7,152.7,InvertedTriangle,data/model1_body_shape\images\04544.png
84.3,75.2,84.5,157.6,Rectangle,data/model1_body_shape\images\03807.png
89.2,65.3,77.0,156.3,InvertedTriangle,data/model1_body_shape\images\04523.png
108.7,72.9,96.7,164.8,InvertedTriangle,data/model1_body_shape\images\04002.png
101.7,92.7,104.0,157.7,Rectangle,data/model1_body_shape\images\03091.png
94.5,78.0,91.4,157.1,Rectangle,data/model1_body_shape\images\03961.png
94.9,72.0,110.2,169.6,Pear,data/model1_body_shape\images\01142.png
104.0,105.2,105.6,154.8,Apple,data/model1_body_shape\images\02358.png
87.5,83.4,103.6,169.8,Pear,data/model1_body_shape\images\01198.png
96.2,74.1,99.6,154.9,Hourglass,data/model1_body_shape\images\00085.png
87.7,71.1,103.5,161.6,Pear,data/model1_body_shape\images\01518.png
89.2,61.0,83.6,167.2,Hourglass,data/model1_body_shape\images\00516.png
79.5,65.8,96.9,155.4,Pear,data/model1_body_shape\images\01381.png
111.0,118.3,116.5,167.0,Apple,data/model1_body_shape\images\02716.png
80.3,63.5,77.1,166.1,Rectangle,data/model1_body_shape\images\03084.png
87.1,79.7,97.0,157.5,Pear,data/model1_body_shape\images\01014.png
89.5,58.2,92.4,148.1,Hourglass,data/model1_body_shape\images\00128.png
84.3,67.1,101.1,174.5,Pear,data/model1_body_shape\images\01364.png
93.6,85.3,96.5,172.2,Rectangle,data/model1_body_shape\images\03623.png
102.7,93.8,85.8,169.0,InvertedTriangle,data/model1_body_shape\images\04970.png
84.1,60.6,78.6,164.5,Hourglass,data/model1_body_shape\images\00891.png
87.3,83.6,84.1,176.3,Apple,data/model1_body_shape\images\02793.png
107.8,96.0,96.9,145.0,InvertedTriangle,data/model1_body_shape\images\04238.png
82.7,64.4,97.8,158.0,Pear,data/model1_body_shape\images\01359.png
87.0,59.8,86.0,161.3,Hourglass,data/model1_body_shape\images\00307.png
80.0,70.9,95.4,170.1,Pear,data/model1_body_shape\images\01661.png
87.5,80.1,86.4,172.8,Apple,data/model1_body_shape\images\02431.png
99.7,88.4,94.8,153.4,Rectangle,data/model1_body_shape\images\03934.png
77.7,75.6,92.3,164.7,Pear,data/model1_body_shape\images\01317.png
101.6,72.5,89.3,163.9,InvertedTriangle,data/model1_body_shape\images\04303.png
88.4,90.3,94.3,163.5,Apple,data/model1_body_shape\images\02474.png
87.2,79.7,85.9,167.2,Apple,data/model1_body_shape\images\02542.png
87.0,81.3,104.2,162.5,Pear,data/model1_body_shape\images\01246.png
85.7,75.8,98.7,165.5,Pear,data/model1_body_shape\images\01208.png
82.6,60.5,88.3,174.3,Hourglass,data/model1_body_shape\images\00216.png
98.3,73.1,85.7,158.7,InvertedTriangle,data/model1_body_shape\images\04292.png
82.3,66.0,82.1,162.8,Rectangle,data/model1_body_shape\images\03062.png
100.6,75.0,115.9,153.6,Pear,data/model1_body_shape\images\01239.png
94.7,89.5,96.9,166.6,Apple,data/model1_body_shape\images\02289.png
94.5,92.8,97.4,174.9,Apple,data/model1_body_shape\images\02740.png
91.4,61.0,97.3,163.6,Hourglass,data/model1_body_shape\images\00275.png
93.3,63.4,93.5,157.9,Hourglass,data/model1_body_shape\images\00489.png
84.2,73.2,100.3,169.8,Pear,data/model1_body_shape\images\01035.png
101.6,98.9,112.8,156.3,Pear,data/model1_body_shape\images\01229.png
103.2,97.0,92.0,167.7,InvertedTriangle,data/model1_body_shape\images\04585.png
102.6,88.8,114.1,157.3,Pear,data/model1_body_shape\images\01008.png
89.6,81.3,75.1,145.0,InvertedTriangle,data/model1_body_shape\images\04689.png
109.5,101.8,98.3,160.4,InvertedTriangle,data/model1_body_shape\images\04026.png
89.6,84.8,95.1,167.6,Rectangle,data/model1_body_shape\images\03182.png
104.2,103.2,105.1,147.0,Apple,data/model1_body_shape\images\02532.png
98.5,86.4,87.6,162.9,InvertedTriangle,data/model1_body_shape\images\04169.png
93.5,86.1,106.3,166.2,Pear,data/model1_body_shape\images\01058.png
95.4,93.8,92.1,161.6,Apple,data/model1_body_shape\images\02166.png
99.8,78.2,90.1,153.7,InvertedTriangle,data/model1_body_shape\images\04578.png
84.3,66.1,87.0,170.7,Hourglass,data/model1_body_shape\images\00281.png
100.2,95.0,104.7,165.4,Rectangle,data/model1_body_shape\images\03565.png
93.0,83.0,107.5,157.3,Pear,data/model1_body_shape\images\01316.png
103.5,67.6,87.1,171.6,InvertedTriangle,data/model1_body_shape\images\04978.png
94.7,69.5,93.2,156.9,Hourglass,data/model1_body_shape\images\00968.png
102.7,92.0,106.0,162.9,Rectangle,data/model1_body_shape\images\03126.png
98.7,85.9,99.5,170.2,Rectangle,data/model1_body_shape\images\03920.png
83.4,68.5,84.3,156.5,Rectangle,data/model1_body_shape\images\03166.png
92.7,84.3,96.7,168.5,Rectangle,data/model1_body_shape\images\03519.png
94.5,61.9,95.2,167.7,Hourglass,data/model1_body_shape\images\00619.png
104.7,89.0,102.9,160.5,Rectangle,data/model1_body_shape\images\03346.png
107.4,82.9,119.4,175.2,Pear,data/model1_body_shape\images\01742.png
91.5,63.9,105.3,159.9,Pear,data/model1_body_shape\images\01390.png
91.4,78.1,77.9,160.8,InvertedTriangle,data/model1_body_shape\images\04050.png
78.5,71.3,93.4,166.3,Pear,data/model1_body_shape\images\01847.png
93.3,78.2,104.1,157.6,Pear,data/model1_body_shape\images\01579.png
89.0,65.4,104.2,157.5,Pear,data/model1_body_shape\images\01655.png
100.2,99.1,103.3,152.1,Apple,data/model1_body_shape\images\02352.png
97.2,95.6,94.4,158.7,Apple,data/model1_body_shape\images\02212.png
101.7,97.8,102.7,164.2,Apple,data/model1_body_shape\images\02020.png
91.8,71.4,76.6,167.6,InvertedTriangle,data/model1_body_shape\images\04972.png
89.4,79.9,100.3,166.6,Pear,data/model1_body_shape\images\01956.png
92.9,71.5,102.3,150.2,Pear,data/model1_body_shape\images\01307.png
86.2,90.0,83.1,151.7,Apple,data/model1_body_shape\images\02003.png
90.1,85.9,77.2,170.2,InvertedTriangle,data/model1_body_shape\images\04455.png
100.3,80.3,100.3,164.9,Hourglass,data/model1_body_shape\images\00575.png
107.8,73.5,93.7,158.6,InvertedTriangle,data/model1_body_shape\images\04089.png
94.9,71.4,80.4,150.5,InvertedTriangle,data/model1_body_shape\images\04319.png
89.7,68.2,72.4,177.2,InvertedTriangle,data/model1_body_shape\images\04436.png
86.1,64.4,101.2,170.3,Pear,data/model1_body_shape\images\01706.png
98.6,83.8,100.1,145.0,Rectangle,data/model1_body_shape\images\03742.png
87.0,79.3,90.6,155.1,Rectangle,data/model1_body_shape\images\03470.png
86.8,72.4,101.1,156.6,Pear,data/model1_body_shape\images\01280.png
91.8,64.8,92.5,149.0,Hourglass,data/model1_body_shape\images\00861.png
98.2,78.6,86.2,164.9,InvertedTriangle,data/model1_body_shape\images\04145.png
100.3,81.9,116.8,161.4,Pear,data/model1_body_shape\images\01801.png
97.2,78.6,111.3,152.3,Pear,data/model1_body_shape\images\01628.png
90.6,64.2,104.0,169.0,Pear,data/model1_body_shape\images\01993.png
109.2,105.5,109.8,165.8,Apple,data/model1_body_shape\images\02639.png
102.2,77.5,108.0,160.6,Hourglass,data/model1_body_shape\images\00269.png
96.1,65.6,99.4,161.3,Hourglass,data/model1_body_shape\images\00629.png
100.3,95.9,105.3,162.6,Rectangle,data/model1_body_shape\images\03081.png
99.7,100.2,99.2,148.2,Apple,data/model1_body_shape\images\02334.png
97.4,99.0,101.7,171.9,Apple,data/model1_body_shape\images\02966.png
88.2,66.5,87.3,150.8,Hourglass,data/model1_body_shape\images\00300.png
91.9,61.7,95.0,165.3,Hourglass,data/model1_body_shape\images\00459.png
90.6,79.8,106.7,166.6,Pear,data/model1_body_shape\images\01447.png
107.2,104.8,116.6,155.0,Pear,data/model1_body_shape\images\01472.png
96.2,92.9,90.8,162.8,Apple,data/model1_body_shape\images\02046.png
91.5,75.2,75.9,158.5,InvertedTriangle,data/model1_body_shape\images\04228.png
96.9,85.3,92.2,165.4,Rectangle,data/model1_body_shape\images\03764.png
110.1,108.8,106.1,165.4,Apple,data/model1_body_shape\images\02113.png
84.3,61.8,89.1,149.9,Hourglass,data/model1_body_shape\images\00027.png
93.6,79.6,94.0,165.9,Rectangle,data/model1_body_shape\images\03839.png
91.4,75.4,74.3,166.2,InvertedTriangle,data/model1_body_shape\images\04522.png
104.0,84.2,103.4,168.8,Hourglass,data/model1_body_shape\images\00837.png
85.2,68.8,85.7,163.1,Rectangle,data/model1_body_shape\images\03826.png
88.0,85.8,88.4,167.2,Apple,data/model1_body_shape\images\02008.png
109.5,78.3,97.1,165.6,InvertedTriangle,data/model1_body_shape\images\04907.png
93.0,70.7,91.7,162.2,Hourglass,data/model1_body_shape\images\00503.png
104.1,94.6,99.9,161.5,Rectangle,data/model1_body_shape\images\03206.png
88.0,77.5,76.5,157.9,InvertedTriangle,data/model1_body_shape\images\04304.png
89.4,62.9,84.9,154.5,Hourglass,data/model1_body_shape\images\00380.png
75.9,73.4,93.1,162.3,Pear,data/model1_body_shape\images\01851.png
79.9,71.7,94.7,163.6,Pear,data/model1_body_shape\images\01525.png
107.2,105.7,104.4,163.3,Apple,data/model1_body_shape\images\02365.png
101.1,69.9,91.1,159.4,InvertedTriangle,data/model1_body_shape\images\04147.png
97.0,91.2,100.2,164.5,Rectangle,data/model1_body_shape\images\03052.png
106.5,104.4,104.6,166.6,Apple,data/model1_body_shape\images\02884.png
103.9,105.9,107.9,176.7,Apple,data/model1_body_shape\images\02340.png
99.7,63.0,99.2,149.6,Hourglass,data/model1_body_shape\images\00374.png
83.2,74.5,85.1,149.1,Rectangle,data/model1_body_shape\images\03260.png
109.7,109.3,111.4,163.8,Apple,data/model1_body_shape\images\02381.png
106.5,98.9,97.1,160.4,InvertedTriangle,data/model1_body_shape\images\04309.png
85.1,63.1,83.3,156.5,Hourglass,data/model1_body_shape\images\00939.png
91.3,67.5,82.3,163.9,InvertedTriangle,data/model1_body_shape\images\04198.png
101.5,65.9,89.4,166.6,InvertedTriangle,data/model1_body_shape\images\04165.png
94.0,93.2,89.1,162.2,Apple,data/model1_body_shape\images\02799.png
89.1,83.6,87.2,169.5,Apple,data/model1_body_shape\images\02147.png
95.1,79.8,91.8,173.6,Rectangle,data/model1_body_shape\images\03817.png
111.5,76.4,94.0,156.1,InvertedTriangle,data/model1_body_shape\images\04540.png
105.4,76.6,92.6,157.0,InvertedTriangle,data/model1_body_shape\images\04216.png
107.5,104.3,102.8,172.6,Apple,data/model1_body_shape\images\02068.png
100.2,80.4,106.0,161.3,Hourglass,data/model1_body_shape\images\00529.png
104.2,70.7,92.2,154.8,InvertedTriangle,data/model1_body_shape\images\04604.png
94.4,65.3,95.6,157.8,Hourglass,data/model1_body_shape\images\00636.png
93.4,89.5,109.1,157.3,Pear,data/model1_body_shape\images\01269.png
92.4,71.8,95.7,161.3,Hourglass,data/model1_body_shape\images\00185.png
108.8,102.5,96.2,161.9,InvertedTriangle,data/model1_body_shape\images\04349.png
83.8,70.2,85.4,165.7,Rectangle,data/model1_body_shape\images\03179.png
94.6,85.2,92.6,162.3,Rectangle,data/model1_body_shape\images\03454.png
87.1,82.3,105.0,164.9,Pear,data/model1_body_shape\images\01797.png
95.2,99.1,90.1,155.1,Apple,data/model1_body_shape\images\02979.png
90.7,80.8,106.2,158.1,Pear,data/model1_body_shape\images\01441.png
80.9,68.8,78.6,171.1,Rectangle,data/model1_body_shape\images\03427.png
92.0,83.8,76.1,172.0,InvertedTriangle,data/model1_body_shape\images\04874.png
99.8,69.1,114.7,167.3,Pear,data/model1_body_shape\images\01535.png
91.1,86.0,95.8,164.5,Rectangle,data/model1_body_shape\images\03443.png
80.7,78.3,98.0,164.1,Pear,data/model1_body_shape\images\01273.png
100.9,93.3,98.6,167.9,Apple,data/model1_body_shape\images\02467.png
95.7,63.8,90.3,157.5,Hourglass,data/model1_body_shape\images\00607.png
99.3,92.5,103.6,157.6,Rectangle,data/model1_body_shape\images\03513.png
91.5,70.7,106.8,166.2,Pear,data/model1_body_shape\images\01712.png
96.1,99.5,100.3,166.4,Apple,data/model1_body_shape\images\02199.png
88.7,62.3,87.1,170.2,Hourglass,data/model1_body_shape\images\00955.png
102.8,95.5,102.1,164.0,Apple,data/model1_body_shape\images\02579.png
105.4,88.4,103.1,170.6,Rectangle,data/model1_body_shape\images\03897.png
100.5,84.8,90.2,167.1,InvertedTriangle,data/model1_body_shape\images\04425.png
82.1,71.1,88.0,157.7,Rectangle,data/model1_body_shape\images\03380.png
83.6,73.7,84.8,168.8,Rectangle,data/model1_body_shape\images\03685.png
101.4,66.1,96.5,150.7,Hourglass,data/model1_body_shape\images\00403.png
86.6,89.4,81.2,160.8,Apple,data/model1_body_shape\images\02071.png
111.7,93.7,94.6,159.3,InvertedTriangle,data/model1_body_shape\images\04755.png
97.6,88.2,106.7,160.4,Pear,data/model1_body_shape\images\01977.png
98.2,75.2,100.8,156.4,Hourglass,data/model1_body_shape\images\00158.png
94.7,92.0,106.3,167.3,Pear,data/model1_body_shape\images\01748.png
88.5,88.1,89.0,170.5,Apple,data/model1_body_shape\images\02909.png
81.5,71.0,76.3,170.7,Rectangle,data/model1_body_shape\images\03534.png
94.8,58.5,92.1,166.1,Hourglass,data/model1_body_shape\images\00902.png
103.6,77.4,109.2,145.0,Hourglass,data/model1_body_shape\images\00352.png
81.9,66.3,98.6,154.9,Pear,data/model1_body_shape\images\01230.png
101.7,88.5,84.5,156.6,InvertedTriangle,data/model1_body_shape\images\04670.png
87.3,90.1,84.9,163.6,Apple,data/model1_body_shape\images\02140.png
89.9,69.9,92.2,158.0,Hourglass,data/model1_body_shape\images\00444.png
100.5,69.2,90.7,170.8,InvertedTriangle,data/model1_body_shape\images\04948.png
104.2,70.6,107.4,156.5,Hourglass,data/model1_body_shape\images\00754.png
102.9,82.5,117.2,163.4,Pear,data/model1_body_shape\images\01737.png
94.6,92.7,97.9,166.5,Apple,data/model1_body_shape\images\02971.png
88.9,84.4,71.8,164.7,InvertedTriangle,data/model1_body_shape\images\04979.png
110.3,109.4,105.1,161.6,Apple,data/model1_body_shape\images\02920.png
84.8,59.1,86.2,171.3,Hourglass,data/model1_body_shape\images\00311.png
92.6,59.3,88.5,171.1,Hourglass,data/model1_body_shape\images\00548.png
110.4,95.8,94.3,170.4,InvertedTriangle,data/model1_body_shape\images\04052.png
106.1,87.1,95.1,169.3,InvertedTriangle,data/model1_body_shape\images\04761.png
86.1,82.9,97.5,159.0,Pear,data/model1_body_shape\images\01989.png
86.7,60.3,88.8,154.6,Hourglass,data/model1_body_shape\images\00306.png
98.7,99.2,94.3,159.9,Apple,data/model1_body_shape\images\02335.png
98.3,80.3,101.6,171.7,Hourglass,data/model1_body_shape\images\00694.png
109.0,103.1,110.1,160.8,Apple,data/model1_body_shape\images\02356.png
104.2,64.1,119.4,149.5,Pear,data/model1_body_shape\images\01927.png
98.2,72.5,98.5,156.0,Hourglass,data/model1_body_shape\images\00684.png
99.8,71.4,99.5,165.7,Hourglass,data/model1_body_shape\images\00749.png
107.9,99.5,96.6,160.2,InvertedTriangle,data/model1_body_shape\images\04008.png
102.1,73.2,116.1,163.4,Pear,data/model1_body_shape\images\01266.png
99.1,86.5,98.6,157.9,Rectangle,data/model1_body_shape\images\03285.png
91.1,80.9,88.9,166.1,Rectangle,data/model1_body_shape\images\03529.png
101.1,72.5,84.1,155.3,InvertedTriangle,data/model1_body_shape\images\04423.png
91.0,75.6,91.1,153.5,Rectangle,data/model1_body_shape\images\03984.png
84.6,70.0,82.2,158.5,Rectangle,data/model1_body_shape\images\03083.png
87.0,77.2,88.7,168.9,Rectangle,data/model1_body_shape\images\03061.png
90.1,74.5,84.3,159.6,Rectangle,data/model1_body_shape\images\03025.png
93.4,64.7,97.8,160.5,Hourglass,data/model1_body_shape\images\00970.png
100.9,75.5,102.9,159.8,Hourglass,data/model1_body_shape\images\00013.png
102.8,66.4,98.2,162.4,Hourglass,data/model1_body_shape\images\00873.png
98.7,66.4,93.6,152.5,Hourglass,data/model1_body_shape\images\00808.png
88.2,76.7,83.4,165.2,Rectangle,data/model1_body_shape\images\03198.png
102.6,65.3,102.0,145.0,Hourglass,data/model1_body_shape\images\00514.png
109.4,73.0,92.9,159.2,InvertedTriangle,data/model1_body_shape\images\04472.png
88.9,69.8,92.5,159.3,Hourglass,data/model1_body_shape\images\00409.png
96.0,82.5,95.1,161.6,Rectangle,data/model1_body_shape\images\03408.png
110.1,69.4,94.1,169.8,InvertedTriangle,data/model1_body_shape\images\04342.png
95.6,77.3,98.7,159.8,Hourglass,data/model1_body_shape\images\00207.png
95.0,83.6,94.0,160.9,Rectangle,data/model1_body_shape\images\03691.png
86.0,61.3,87.5,159.9,Hourglass,data/model1_body_shape\images\00458.png
89.8,80.8,84.5,160.9,Rectangle,data/model1_body_shape\images\03471.png
91.0,84.5,92.3,158.7,Apple,data/model1_body_shape\images\02430.png
97.5,86.5,94.8,161.4,Rectangle,data/model1_body_shape\images\03657.png
88.5,70.3,91.0,152.3,Hourglass,data/model1_body_shape\images\00110.png
94.9,65.3,77.9,159.9,InvertedTriangle,data/model1_body_shape\images\04589.png
92.6,75.3,77.2,166.8,InvertedTriangle,data/model1_body_shape\images\04044.png
101.0,92.0,117.4,145.0,Pear,data/model1_body_shape\images\01883.png
99.2,90.4,114.9,157.8,Pear,data/model1_body_shape\images\01713.png
94.8,81.2,91.5,160.8,Rectangle,data/model1_body_shape\images\03958.png
82.9,67.4,79.5,168.4,Rectangle,data/model1_body_shape\images\03399.png
88.1,58.8,90.5,166.2,Hourglass,data/model1_body_shape\images\00552.png
89.4,78.7,106.5,160.1,Pear,data/model1_body_shape\images\01439.png
92.2,88.6,91.6,171.4,Apple,data/model1_body_shape\images\02270.png
98.2,84.8,94.6,168.6,Rectangle,data/model1_body_shape\images\03144.png
106.8,110.2,108.4,170.8,Apple,data/model1_body_shape\images\02821.png
93.5,78.9,79.8,164.3,InvertedTriangle,data/model1_body_shape\images\04781.png
84.4,67.2,101.8,160.7,Pear,data/model1_body_shape\images\01925.png
98.6,62.4,92.9,169.1,Hourglass,data/model1_body_shape\images\00634.png
88.2,65.8,77.2,156.5,InvertedTriangle,data/model1_body_shape\images\04805.png
91.5,60.0,92.6,166.0,Hourglass,data/model1_body_shape\images\00316.png
104.4,65.7,93.0,154.3,InvertedTriangle,data/model1_body_shape\images\04217.png
109.0,89.0,94.7,161.7,InvertedTriangle,data/model1_body_shape\images\04699.png
80.5,74.4,97.7,160.1,Pear,data/model1_body_shape\images\01328.png
97.8,58.5,101.8,151.5,Hourglass,data/model1_body_shape\images\00427.png
111.3,82.5,95.9,160.2,InvertedTriangle,data/model1_body_shape\images\04374.png
96.5,62.9,100.2,145.7,Hourglass,data/model1_body_shape\images\00105.png
82.2,71.3,77.7,163.6,Rectangle,data/model1_body_shape\images\03041.png
93.6,73.0,96.8,161.4,Hourglass,data/model1_body_shape\images\00142.png
103.2,103.9,99.2,170.5,Apple,data/model1_body_shape\images\02169.png
92.4,81.9,95.6,168.6,Rectangle,data/model1_body_shape\images\03458.png
104.3,60.8,99.8,172.3,Hourglass,data/model1_body_shape\images\00089.png
110.9,106.5,109.1,169.0,Apple,data/model1_body_shape\images\02918.png
96.2,87.1,91.3,169.6,Rectangle,data/model1_body_shape\images\03237.png
94.7,96.5,99.8,161.3,Apple,data/model1_body_shape\images\02241.png
93.1,80.0,94.3,165.5,Rectangle,data/model1_body_shape\images\03174.png
102.4,86.7,101.7,167.6,Rectangle,data/model1_body_shape\images\03412.png
87.5,80.3,87.8,168.5,Apple,data/model1_body_shape\images\02163.png
103.8,96.5,100.6,175.7,Apple,data/model1_body_shape\images\02636.png
86.3,80.8,97.5,170.6,Pear,data/model1_body_shape\images\01949.png
104.1,80.1,115.8,160.6,Pear,data/model1_body_shape\images\01768.png
96.6,82.3,82.9,158.2,InvertedTriangle,data/model1_body_shape\images\04290.png
98.2,100.7,103.2,146.4,Apple,data/model1_body_shape\images\02272.png
84.3,64.3,90.0,159.8,Hourglass,data/model1_body_shape\images\00001.png
95.1,83.6,96.4,166.9,Rectangle,data/model1_body_shape\images\03282.png
88.1,69.2,72.9,156.6,InvertedTriangle,data/model1_body_shape\images\04957.png
81.8,72.5,92.5,156.8,Pear,data/model1_body_shape\images\01951.png
105.1,81.8,107.2,165.0,Hourglass,data/model1_body_shape\images\00935.png
92.7,77.0,75.5,160.0,InvertedTriangle,data/model1_body_shape\images\04296.png
90.9,96.7,96.4,165.8,Apple,data/model1_body_shape\images\02720.png
93.8,88.0,76.4,150.8,InvertedTriangle,data/model1_body_shape\images\04447.png
105.8,89.1,117.4,167.2,Pear,data/model1_body_shape\images\01109.png
96.2,87.7,101.9,167.4,Rectangle,data/model1_body_shape\images\03960.png
87.7,58.1,83.5,158.6,Hourglass,data/model1_body_shape\images\00591.png
106.7,68.9,119.3,167.7,Pear,data/model1_body_shape\images\01695.png
94.5,83.1,92.5,158.7,Rectangle,data/model1_body_shape\images\03450.png
92.4,85.9,87.5,157.7,Apple,data/model1_body_shape\images\02936.png
102.2,97.4,91.2,155.2,InvertedTriangle,data/model1_body_shape\images\04204.png
96.4,86.4,98.9,162.0,Rectangle,data/model1_body_shape\images\03411.png
100.5,72.0,113.4,156.8,Pear,data/model1_body_shape\images\01576.png
103.4,93.2,104.4,164.0,Rectangle,data/model1_body_shape\images\03954.png
94.4,71.5,97.3,164.8,Hourglass,data/model1_body_shape\images\00213.png
86.2,58.6,92.1,168.0,Hourglass,data/model1_body_shape\images\00778.png
105.2,64.6,115.1,161.1,Pear,data/model1_body_shape\images\01415.png
82.8,78.9,88.2,156.8,Rectangle,data/model1_body_shape\images\03759.png
110.1,110.3,110.3,147.5,Apple,data/model1_body_shape\images\02043.png
90.0,95.8,94.3,154.7,Apple,data/model1_body_shape\images\02848.png
110.6,97.3,98.2,173.2,InvertedTriangle,data/model1_body_shape\images\04537.png
96.7,87.6,101.9,150.4,Rectangle,data/model1_body_shape\images\03505.png
94.7,80.1,92.3,162.0,Rectangle,data/model1_body_shape\images\03813.png
91.5,75.5,106.9,166.7,Pear,data/model1_body_shape\images\01567.png
90.2,69.5,92.8,176.4,Hourglass,data/model1_body_shape\images\00165.png
101.1,84.4,87.4,165.9,InvertedTriangle,data/model1_body_shape\images\04714.png
95.6,67.2,79.2,173.3,InvertedTriangle,data/model1_body_shape\images\04272.png
100.7,76.3,83.1,165.1,InvertedTriangle,data/model1_body_shape\images\04926.png
103.5,92.6,114.9,155.4,Pear,data/model1_body_shape\images\01343.png
101.1,97.9,99.1,150.8,Apple,data/model1_body_shape\images\02013.png
86.0,59.4,80.1,165.2,Hourglass,data/model1_body_shape\images\00273.png
95.7,58.9,94.7,154.2,Hourglass,data/model1_body_shape\images\00071.png
105.4,91.1,102.3,160.7,Rectangle,data/model1_body_shape\images\03887.png
85.1,79.7,98.3,167.6,Pear,data/model1_body_shape\images\01087.png
90.3,62.2,91.0,164.8,Hourglass,data/model1_body_shape\images\00394.png
82.6,59.1,77.2,145.0,Hourglass,data/model1_body_shape\images\00583.png
87.1,75.7,103.2,157.3,Pear,data/model1_body_shape\images\01367.png
91.9,72.7,79.3,162.5,InvertedTriangle,data/model1_body_shape\images\04987.png
99.5,76.1,83.8,158.7,InvertedTriangle,data/model1_body_shape\images\04088.png
104.1,107.6,108.3,157.1,Apple,data/model1_body_shape\images\02548.png
104.0,86.7,117.9,166.2,Pear,data/model1_body_shape\images\01013.png
101.7,75.4,86.8,158.8,InvertedTriangle,data/model1_body_shape\images\04897.png
83.0,75.3,87.4,165.0,Rectangle,data/model1_body_shape\images\03003.png
99.4,69.2,88.0,163.2,InvertedTriangle,data/model1_body_shape\images\04788.png
93.8,80.6,84.6,162.3,InvertedTriangle,data/model1_body_shape\images\04407.png
100.7,85.3,97.1,157.2,Rectangle,data/model1_body_shape\images\03532.png
91.1,88.0,101.4,172.1,Pear,data/model1_body_shape\images\01763.png
99.8,72.5,117.0,148.9,Pear,data/model1_body_shape\images\01875.png
88.5,74.4,101.6,149.2,Pear,data/model1_body_shape\images\01259.png
108.9,84.6,97.1,158.2,InvertedTriangle,data/model1_body_shape\images\04530.png
86.8,84.4,84.8,172.2,Apple,data/model1_body_shape\images\02253.png
99.2,102.7,101.0,162.5,Apple,data/model1_body_shape\images\02781.png
80.8,70.2,79.7,165.8,Rectangle,data/model1_body_shape\images\03592.png
84.6,59.5,81.5,162.4,Hourglass,data/model1_body_shape\images\00526.png
105.4,95.6,93.6,171.5,InvertedTriangle,data/model1_body_shape\images\04263.png
90.5,82.9,87.1,153.1,Apple,data/model1_body_shape\images\02946.png
85.7,59.8,82.1,165.9,Hourglass,data/model1_body_shape\images\00377.png
93.1,86.4,102.9,167.2,Pear,data/model1_body_shape\images\01559.png
86.9,77.6,92.4,166.6,Rectangle,data/model1_body_shape\images\03820.png
99.4,93.3,117.2,172.4,Pear,data/model1_body_shape\images\01963.png
99.3,76.4,81.3,167.1,InvertedTriangle,data/model1_body_shape\images\04732.png
105.3,63.1,103.0,164.6,Hourglass,data/model1_body_shape\images\00348.png
94.1,93.6,92.7,165.6,Apple,data/model1_body_shape\images\02434.png
88.3,92.3,89.3,167.6,Apple,data/model1_body_shape\images\02246.png
93.8,78.9,79.0,166.1,InvertedTriangle,data/model1_body_shape\images\04166.png
95.0,72.0,109.6,157.9,Pear,data/model1_body_shape\images\01709.png
104.0,68.9,113.6,161.0,Pear,data/model1_body_shape\images\01050.png
96.5,69.1,92.1,155.7,Hourglass,data/model1_body_shape\images\00590.png
90.7,66.4,94.9,165.5,Hourglass,data/model1_body_shape\images\00519.png
94.3,82.5,78.2,162.3,InvertedTriangle,data/model1_body_shape\images\04752.png
110.7,73.5,101.3,157.1,InvertedTriangle,data/model1_body_shape\images\04308.png
101.6,106.4,102.8,173.9,Apple,data/model1_body_shape\images\02477.png
91.0,66.0,105.3,156.4,Pear,data/model1_body_shape\images\01083.png
86.9,73.7,87.8,166.1,Rectangle,data/model1_body_shape\images\03588.png
100.7,68.5,85.3,158.0,InvertedTriangle,data/model1_body_shape\images\04778.png
107.5,93.3,91.4,161.9,InvertedTriangle,data/model1_body_shape\images\04509.png
101.8,77.3,119.0,152.6,Pear,data/model1_body_shape\images\01294.png
104.9,88.4,115.2,154.0,Pear,data/model1_body_shape\images\01809.png
98.8,66.8,100.6,166.8,Hourglass,data/model1_body_shape\images\00791.png
84.3,61.8,80.1,161.7,Hourglass,data/model1_body_shape\images\00792.png
108.8,97.2,99.7,149.7,InvertedTriangle,data/model1_body_shape\images\04114.png
86.7,73.4,103.9,162.5,Pear,data/model1_body_shape\images\01855.png
94.8,83.0,84.8,170.0,InvertedTriangle,data/model1_body_shape\images\04757.png
102.7,98.6,113.5,153.6,Pear,data/model1_body_shape\images\01980.png
91.5,76.7,92.8,169.0,Rectangle,data/model1_body_shape\images\03233.png
100.4,87.7,100.4,167.2,Rectangle,data/model1_body_shape\images\03908.png
111.7,92.6,100.6,165.4,InvertedTriangle,data/model1_body_shape\images\04984.png
95.8,80.4,91.2,164.5,Rectangle,data/model1_body_shape\images\03328.png
87.4,82.9,101.6,161.3,Pear,data/model1_body_shape\images\01530.png
85.6,70.0,102.4,164.4,Pear,data/model1_body_shape\images\01410.png
109.1,77.7,91.9,168.6,InvertedTriangle,data/model1_body_shape\images\04294.png
104.9,82.6,93.9,158.5,InvertedTriangle,data/model1_body_shape\images\04648.png
96.7,69.5,91.9,167.1,Hourglass,data/model1_body_shape\images\00083.png
95.7,66.8,89.7,169.5,Hourglass,data/model1_body_shape\images\00868.png
100.5,100.5,97.2,153.2,Apple,data/model1_body_shape\images\02350.png
97.9,74.9,96.8,157.4,Hourglass,data/model1_body_shape\images\00020.png
86.5,71.5,88.1,160.3,Rectangle,data/model1_body_shape\images\03424.png
93.5,87.1,88.2,155.8,Apple,data/model1_body_shape\images\02795.png
104.5,88.7,92.1,169.8,InvertedTriangle,data/model1_body_shape\images\04572.png
79.5,74.5,95.7,158.4,Pear,data/model1_body_shape\images\01562.png
83.5,73.0,87.2,162.0,Rectangle,data/model1_body_shape\images\03093.png
84.0,69.1,82.2,163.3,Rectangle,data/model1_body_shape\images\03155.png
104.2,71.8,100.6,164.0,Hourglass,data/model1_body_shape\images\00973.png
87.5,64.9,97.9,169.8,Pear,data/model1_body_shape\images\01710.png
101.5,85.5,98.8,160.8,Rectangle,data/model1_body_shape\images\03201.png
94.0,73.7,79.6,158.0,InvertedTriangle,data/model1_body_shape\images\04371.png
91.0,76.4,78.1,162.4,InvertedTriangle,data/model1_body_shape\images\04819.png
87.0,67.4,97.2,158.9,Pear,data/model1_body_shape\images\01098.png
91.6,86.1,73.6,167.5,InvertedTriangle,data/model1_body_shape\images\04161.png
98.8,98.6,97.9,159.0,Apple,data/model1_body_shape\images\02844.png
92.7,63.6,90.6,172.1,Hourglass,data/model1_body_shape\images\00886.png
111.3,85.7,94.6,146.9,InvertedTriangle,data/model1_body_shape\images\04931.png
95.2,85.4,93.7,174.0,Rectangle,data/model1_body_shape\images\03678.png
109.7,95.5,92.4,157.3,InvertedTriangle,data/model1_body_shape\images\04580.png
103.5,91.0,105.2,157.3,Rectangle,data/model1_body_shape\images\03566.png
110.4,70.1,92.5,152.5,InvertedTriangle,data/model1_body_shape\images\04401.png
91.4,73.0,91.7,158.5,Hourglass,data/model1_body_shape\images\00515.png
101.3,65.3,89.3,151.4,InvertedTriangle,data/model1_body_shape\images\04620.png
104.3,81.2,104.4,165.8,Hourglass,data/model1_body_shape\images\00737.png
81.4,62.8,92.7,169.3,Pear,data/model1_body_shape\images\01453.png
100.5,87.7,97.4,169.2,Rectangle,data/model1_body_shape\images\03971.png
106.6,69.5,91.4,146.5,InvertedTriangle,data/model1_body_shape\images\04700.png
111.3,117.8,114.6,156.5,Apple,data/model1_body_shape\images\02506.png
105.2,109.1,107.6,163.6,Apple,data/model1_body_shape\images\02994.png
106.6,111.5,108.2,158.3,Apple,data/model1_body_shape\images\02126.png
106.1,106.7,102.4,161.9,Apple,data/model1_body_shape\images\02926.png
90.4,79.5,80.7,159.4,InvertedTriangle,data/model1_body_shape\images\04745.png
84.0,59.6,79.9,161.7,Hourglass,data/model1_body_shape\images\00906.png
100.3,87.1,102.7,172.7,Rectangle,data/model1_body_shape\images\03647.png
91.0,62.2,105.3,163.7,Pear,data/model1_body_shape\images\01030.png
102.9,98.9,100.4,167.8,Apple,data/model1_body_shape\images\02507.png
91.6,86.2,90.1,160.2,Apple,data/model1_body_shape\images\02428.png
102.2,74.4,105.4,158.9,Hourglass,data/model1_body_shape\images\00947.png
94.9,85.7,91.4,158.9,Rectangle,data/model1_body_shape\images\03806.png
96.7,68.6,80.4,160.8,InvertedTriangle,data/model1_body_shape\images\04754.png
89.9,61.1,90.5,164.1,Hourglass,data/model1_body_shape\images\00715.png
102.9,79.7,93.6,158.7,InvertedTriangle,data/model1_body_shape\images\04055.png
92.7,72.0,94.8,145.0,Hourglass,data/model1_body_shape\images\00686.png
98.4,72.6,100.1,159.0,Hourglass,data/model1_body_shape\images\00703.png
92.5,79.5,87.2,168.9,Rectangle,data/model1_body_shape\images\03341.png
111.1,115.1,109.4,161.6,Apple,data/model1_body_shape\images\02353.png
91.8,90.5,93.0,160.9,Apple,data/model1_body_shape\images\02257.png
89.7,74.1,84.1,159.9,Rectangle,data/model1_body_shape\images\03551.png
96.6,66.8,95.9,171.9,Hourglass,data/model1_body_shape\images\00473.png
82.5,59.2,77.6,165.4,Hourglass,data/model1_body_shape\images\00021.png
101.3,96.8,102.0,160.4,Apple,data/model1_body_shape\images\02752.png
89.4,59.9,92.5,153.5,Hourglass,data/model1_body_shape\images\00885.png
86.0,83.4,89.4,158.1,Apple,data/model1_body_shape\images\02448.png
92.3,62.0,96.9,168.0,Hourglass,data/model1_body_shape\images\00917.png
86.5,75.9,89.6,169.7,Rectangle,data/model1_body_shape\images\03757.png
103.7,91.0,98.1,158.4,Rectangle,data/model1_body_shape\images\03751.png
109.6,110.3,109.5,158.9,Apple,data/model1_body_shape\images\02239.png
87.8,78.6,89.8,161.0,Rectangle,data/model1_body_shape\images\03844.png
92.7,80.0,90.7,160.3,Rectangle,data/model1_body_shape\images\03395.png
92.4,80.2,107.6,165.9,Pear,data/model1_body_shape\images\01265.png
101.8,63.2,106.9,166.2,Hourglass,data/model1_body_shape\images\00483.png
105.8,85.6,91.3,178.7,InvertedTriangle,data/model1_body_shape\images\04337.png
112.0,112.7,110.3,156.9,Apple,data/model1_body_shape\images\02963.png
92.6,88.9,105.0,155.8,Pear,data/model1_body_shape\images\01219.png
83.7,60.6,79.3,162.4,Hourglass,data/model1_body_shape\images\00277.png
90.9,60.2,85.8,150.8,Hourglass,data/model1_body_shape\images\00988.png
99.1,98.2,95.1,165.5,Apple,data/model1_body_shape\images\02084.png
86.6,73.0,100.2,170.8,Pear,data/model1_body_shape\images\01245.png
95.0,96.2,97.7,162.8,Apple,data/model1_body_shape\images\02382.png
100.2,69.6,99.8,169.2,Hourglass,data/model1_body_shape\images\00571.png
101.9,79.6,119.9,151.4,Pear,data/model1_body_shape\images\01435.png
94.9,65.5,91.1,160.3,Hourglass,data/model1_body_shape\images\00993.png
93.9,81.5,95.1,152.5,Rectangle,data/model1_body_shape\images\03930.png
103.4,90.0,105.7,164.6,Rectangle,data/model1_body_shape\images\03447.png
94.0,60.7,99.9,167.8,Hourglass,data/model1_body_shape\images\00585.png
89.1,80.4,92.5,161.0,Rectangle,data/model1_body_shape\images\03658.png
98.6,101.4,102.7,169.5,Apple,data/model1_body_shape\images\02514.png
88.4,64.2,104.0,155.1,Pear,data/model1_body_shape\images\01349.png
101.2,83.8,111.7,151.1,Pear,data/model1_body_shape\images\01007.png
82.3,61.2,83.0,165.1,Hourglass,data/model1_body_shape\images\00674.png
111.7,108.1,111.5,156.7,Apple,data/model1_body_shape\images\02412.png
105.0,107.2,105.4,149.1,Apple,data/model1_body_shape\images\02903.png
95.3,69.8,96.8,154.8,Hourglass,data/model1_body_shape\images\00447.png
85.5,80.1,90.8,155.8,Rectangle,data/model1_body_shape\images\03834.png
104.6,91.2,99.1,157.7,Rectangle,data/model1_body_shape\images\03758.png
100.0,84.9,98.6,166.4,Rectangle,data/model1_body_shape\images\03703.png
103.9,75.5,104.3,165.6,Hourglass,data/model1_body_shape\images\00359.png
87.0,80.2,87.5,156.4,Apple,data/model1_body_shape\images\02064.png
103.2,79.1,87.3,157.2,InvertedTriangle,data/model1_body_shape\images\04449.png
90.4,75.9,84.5,159.7,Rectangle,data/model1_body_shape\images\03810.png
81.4,65.4,95.0,162.7,Pear,data/model1_body_shape\images\01690.png
92.3,71.5,80.3,151.5,InvertedTriangle,data/model1_body_shape\images\04326.png
101.4,85.9,115.5,153.0,Pear,data/model1_body_shape\images\01548.png
94.9,80.8,109.6,170.7,Pear,data/model1_body_shape\images\01247.png
98.4,80.8,113.7,167.0,Pear,data/model1_body_shape\images\01985.png
86.2,62.1,90.1,168.7,Hourglass,data/model1_body_shape\images\00294.png
92.2,73.9,101.9,167.0,Pear,data/model1_body_shape\images\01547.png
110.6,106.9,113.3,169.8,Apple,data/model1_body_shape\images\02012.png
94.5,63.9,94.1,170.0,Hourglass,data/model1_body_shape\images\00588.png
86.1,74.1,89.0,154.0,Rectangle,data/model1_body_shape\images\03329.png
86.1,92.8,90.4,174.9,Apple,data/model1_body_shape\images\02403.png
95.4,87.8,95.8,175.5,Apple,data/model1_body_shape\images\02129.png
98.2,82.7,81.2,166.4,InvertedTriangle,data/model1_body_shape\images\04388.png
106.8,104.6,100.8,162.8,Apple,data/model1_body_shape\images\02410.png
100.4,104.3,100.3,169.9,Apple,data/model1_body_shape\images\02719.png
100.9,81.0,99.5,162.9,Hourglass,data/model1_body_shape\images\00425.png
102.8,100.9,100.0,159.6,Apple,data/model1_body_shape\images\02582.png
102.3,67.7,114.4,158.1,Pear,data/model1_body_shape\images\01054.png
98.8,83.3,99.8,170.7,Rectangle,data/model1_body_shape\images\03966.png
95.5,80.9,81.0,160.4,InvertedTriangle,data/model1_body_shape\images\04562.png
83.5,59.5,81.9,163.2,Hourglass,data/model1_body_shape\images\00556.png
90.2,83.7,74.0,148.2,InvertedTriangle,data/model1_body_shape\images\04358.png
82.6,75.3,84.6,159.5,Rectangle,data/model1_body_shape\images\03938.png
88.6,81.0,79.6,179.0,InvertedTriangle,data/model1_body_shape\images\04712.png
111.9,113.5,115.6,167.7,Apple,data/model1_body_shape\images\02469.png
102.6,70.0,91.8,159.0,InvertedTriangle,data/model1_body_shape\images\04710.png
104.3,59.0,105.7,165.2,Hourglass,data/model1_body_shape\images\00355.png
95.7,80.4,108.7,163.9,Pear,data/model1_body_shape\images\01193.png
98.8,82.7,110.3,161.9,Pear,data/model1_body_shape\images\01716.png
87.1,75.4,84.9,172.5,Rectangle,data/model1_body_shape\images\03416.png
104.1,107.3,106.0,176.0,Apple,data/model1_body_shape\images\02604.png
96.7,83.5,83.2,159.5,InvertedTriangle,data/model1_body_shape\images\04129.png
103.7,108.3,107.7,160.0,Apple,data/model1_body_shape\images\02828.png
92.6,78.3,107.8,152.7,Pear,data/model1_body_shape\images\01704.png
99.0,100.4,94.9,168.3,Apple,data/model1_body_shape\images\02863.png
86.8,93.1,90.0,160.2,Apple,data/model1_body_shape\images\02618.png
99.9,93.2,98.7,170.8,Apple,data/model1_body_shape\images\02400.png
101.6,101.8,98.0,169.2,Apple,data/model1_body_shape\images\02139.png
100.2,89.6,101.7,171.8,Rectangle,data/model1_body_shape\images\03239.png
91.1,90.1,93.4,157.1,Apple,data/model1_body_shape\images\02383.png
96.0,88.6,99.5,172.8,Rectangle,data/model1_body_shape\images\03218.png
89.7,80.5,94.3,155.2,Rectangle,data/model1_body_shape\images\03935.png
88.3,74.3,97.4,160.1,Pear,data/model1_body_shape\images\01285.png
105.5,90.1,101.0,158.5,Rectangle,data/model1_body_shape\images\03796.png
93.8,71.4,83.7,151.4,InvertedTriangle,data/model1_body_shape\images\04894.png
108.8,101.3,92.9,165.1,InvertedTriangle,data/model1_body_shape\images\04468.png
102.6,95.6,100.1,153.0,Apple,data/model1_body_shape\images\02087.png
103.0,88.7,114.7,172.1,Pear,data/model1_body_shape\images\01889.png
88.4,72.7,74.1,172.4,InvertedTriangle,data/model1_body_shape\images\04622.png
93.8,88.1,104.6,154.2,Pear,data/model1_body_shape\images\01591.png
89.6,62.2,105.7,166.3,Pear,data/model1_body_shape\images\01346.png
105.5,68.0,90.7,150.2,InvertedTriangle,data/model1_body_shape\images\04431.png
104.6,96.9,98.7,153.8,Apple,data/model1_body_shape\images\02162.png
97.1,100.2,91.6,159.2,Apple,data/model1_body_shape\images\02396.png
88.1,70.8,71.7,175.9,InvertedTriangle,data/model1_body_shape\images\04768.png
95.0,93.3,93.2,169.9,Apple,data/model1_body_shape\images\02271.png
96.3,76.1,83.7,162.0,InvertedTriangle,data/model1_body_shape\images\04490.png
94.5,81.3,93.0,160.4,Rectangle,data/model1_body_shape\images\03111.png
104.4,93.1,119.5,161.7,Pear,data/model1_body_shape\images\01137.png
83.0,78.4,87.9,159.5,Rectangle,data/model1_body_shape\images\03895.png
92.3,69.2,88.9,177.0,Hourglass,data/model1_body_shape\images\00972.png
84.3,62.6,82.5,165.8,Hourglass,data/model1_body_shape\images\00795.png
82.1,73.1,81.7,163.6,Rectangle,data/model1_body_shape\images\03020.png
78.0,75.2,92.4,168.4,Pear,data/model1_body_shape\images\01711.png
86.0,77.5,89.5,161.2,Rectangle,data/model1_body_shape\images\03387.png
93.4,62.8,90.6,159.1,Hourglass,data/model1_body_shape\images\00036.png
99.7,67.6,94.6,145.0,Hourglass,data/model1_body_shape\images\00453.png
93.7,59.3,89.9,178.9,Hourglass,data/model1_body_shape\images\00913.png
94.8,83.8,78.9,153.6,InvertedTriangle,data/model1_body_shape\images\04081.png
85.2,77.7,100.4,168.1,Pear,data/model1_body_shape\images\01199.png
85.9,72.5,96.9,173.7,Pear,data/model1_body_shape\images\01274.png
88.0,83.0,89.6,158.9,Apple,data/model1_body_shape\images\02375.png
92.5,66.9,86.8,163.1,Hourglass,data/model1_body_shape\images\00037.png
101.9,77.6,97.6,160.8,Hourglass,data/model1_body_shape\images\00974.png
97.7,82.1,93.5,163.8,Rectangle,data/model1_body_shape\images\03195.png
88.6,59.0,86.7,164.8,Hourglass,data/model1_body_shape\images\00983.png
100.8,91.5,98.9,147.1,Rectangle,data/model1_body_shape\images\03904.png
109.5,98.1,98.0,158.0,InvertedTriangle,data/model1_body_shape\images\04069.png
104.3,66.2,119.5,164.7,Pear,data/model1_body_shape\images\01418.png
93.7,79.4,93.1,166.8,Rectangle,data/model1_body_shape\images\03332.png
88.4,70.2,106.1,161.0,Pear,data/model1_body_shape\images\01560.png
88.7,67.3,90.7,162.9,Hourglass,data/model1_body_shape\images\00039.png
98.4,63.5,110.7,161.7,Pear,data/model1_body_shape\images\01486.png
99.7,89.5,104.0,166.6,Rectangle,data/model1_body_shape\images\03883.png
83.6,58.1,80.0,155.9,Hourglass,data/model1_body_shape\images\00169.png
99.4,64.2,110.1,169.7,Pear,data/model1_body_shape\images\01355.png
88.0,81.2,87.8,168.0,Apple,data/model1_body_shape\images\02785.png
84.2,74.9,86.0,160.7,Rectangle,data/model1_body_shape\images\03632.png
91.3,70.9,79.8,164.8,InvertedTriangle,data/model1_body_shape\images\04748.png
110.7,80.2,96.7,157.4,InvertedTriangle,data/model1_body_shape\images\04004.png
110.3,109.4,109.0,158.0,Apple,data/model1_body_shape\images\02682.png
109.4,102.3,96.8,159.5,InvertedTriangle,data/model1_body_shape\images\04704.png
107.8,81.9,94.9,167.9,InvertedTriangle,data/model1_body_shape\images\04025.png
77.3,63.7,95.1,158.8,Pear,data/model1_body_shape\images\01640.png
92.3,83.3,104.4,164.9,Pear,data/model1_body_shape\images\01290.png
78.8,67.4,96.2,151.4,Pear,data/model1_body_shape\images\01380.png
84.2,74.8,97.0,153.8,Pear,data/model1_body_shape\images\01933.png
85.3,63.8,84.5,166.9,Hourglass,data/model1_body_shape\images\00579.png
92.6,76.1,76.4,160.5,InvertedTriangle,data/model1_body_shape\images\04220.png
97.3,85.4,96.5,158.0,Rectangle,data/model1_body_shape\images\03160.png
96.4,98.0,101.5,164.2,Apple,data/model1_body_shape\images\02030.png
92.5,59.8,90.0,162.1,Hourglass,data/model1_body_shape\images\00892.png
96.1,90.1,100.5,165.2,Rectangle,data/model1_body_shape\images\03951.png
86.4,60.6,80.4,153.2,Hourglass,data/model1_body_shape\images\00780.png
99.7,59.2,103.4,157.7,Hourglass,data/model1_body_shape\images\00159.png
85.1,61.1,84.5,167.4,Hourglass,data/model1_body_shape\images\00002.png
102.1,105.6,106.3,167.5,Apple,data/model1_body_shape\images\02263.png
93.9,84.3,98.9,160.4,Rectangle,data/model1_body_shape\images\03216.png
86.5,83.8,89.8,169.8,Apple,data/model1_body_shape\images\02109.png
94.7,70.1,89.7,164.9,Hourglass,data/model1_body_shape\images\00849.png
110.4,105.5,108.9,168.5,Apple,data/model1_body_shape\images\02737.png
104.4,103.9,109.2,167.9,Apple,data/model1_body_shape\images\02466.png
88.7,75.9,86.8,169.1,Rectangle,data/model1_body_shape\images\03650.png
94.4,87.9,106.2,168.8,Pear,data/model1_body_shape\images\01596.png
95.4,79.9,108.4,154.2,Pear,data/model1_body_shape\images\01776.png
92.8,69.9,103.9,164.9,Pear,data/model1_body_shape\images\01913.png
102.3,64.4,113.0,157.5,Pear,data/model1_body_shape\images\01043.png
89.7,75.5,77.6,163.3,InvertedTriangle,data/model1_body_shape\images\04713.png
97.5,79.1,107.8,145.0,Pear,data/model1_body_shape\images\01544.png
104.6,106.5,98.9,166.8,Apple,data/model1_body_shape\images\02736.png
82.5,70.5,87.3,160.9,Rectangle,data/model1_body_shape\images\03706.png
92.0,76.3,77.1,156.7,InvertedTriangle,data/model1_body_shape\images\04617.png
86.8,65.7,90.4,152.7,Hourglass,data/model1_body_shape\images\00053.png
96.3,84.7,107.9,165.1,Pear,data/model1_body_shape\images\01796.png
90.4,66.8,104.0,151.5,Pear,data/model1_body_shape\images\01911.png
96.5,101.4,100.9,156.8,Apple,data/model1_body_shape\images\02306.png
93.9,99.1,97.0,153.3,Apple,data/model1_body_shape\images\02553.png
88.0,87.8,92.4,158.8,Apple,data/model1_body_shape\images\02800.png
94.6,85.0,82.2,149.3,InvertedTriangle,data/model1_body_shape\images\04086.png
91.2,73.9,77.1,169.5,InvertedTriangle,data/model1_body_shape\images\04127.png
102.3,79.4,101.2,161.7,Hourglass,data/model1_body_shape\images\00824.png
101.2,93.6,85.3,162.7,InvertedTriangle,data/model1_body_shape\images\04733.png
96.6,90.0,101.7,151.7,Rectangle,data/model1_body_shape\images\03178.png
102.6,86.4,100.3,163.4,Rectangle,data/model1_body_shape\images\03401.png
92.5,73.8,109.7,167.6,Pear,data/model1_body_shape\images\01389.png
83.9,77.1,89.5,161.2,Rectangle,data/model1_body_shape\images\03564.png
98.7,69.6,87.5,158.7,InvertedTriangle,data/model1_body_shape\images\04876.png
101.5,70.3,105.8,167.1,Hourglass,data/model1_body_shape\images\00884.png
80.4,66.5,81.8,161.1,Rectangle,data/model1_body_shape\images\03805.png
88.2,79.8,105.0,152.4,Pear,data/model1_body_shape\images\01607.png
94.8,74.7,105.1,164.6,Pear,data/model1_body_shape\images\01594.png
97.8,71.4,97.2,155.8,Hourglass,data/model1_body_shape\images\00771.png
97.3,102.7,102.8,171.1,Apple,data/model1_body_shape\images\02611.png
88.3,76.2,76.5,155.2,InvertedTriangle,data/model1_body_shape\images\04661.png
92.0,87.9,90.9,171.1,Apple,data/model1_body_shape\images\02273.png
81.9,62.8,94.4,166.3,Pear,data/model1_body_shape\images\01868.png
98.0,86.6,108.5,164.8,Pear,data/model1_body_shape\images\01085.png
92.5,69.5,96.5,165.8,Hourglass,data/model1_body_shape\images\00010.png
87.6,74.0,82.3,157.1,Rectangle,data/model1_body_shape\images\03611.png
94.2,70.4,110.6,157.0,Pear,data/model1_body_shape\images\01325.png
104.8,92.7,104.6,153.6,Rectangle,data/model1_body_shape\images\03390.png
89.9,62.7,106.5,164.3,Pear,data/model1_body_shape\images\01463.png
93.7,67.8,88.2,151.5,Hourglass,data/model1_body_shape\images\00806.png
90.8,81.0,79.7,158.8,InvertedTriangle,data/model1_body_shape\images\04260.png
89.6,80.2,87.8,164.9,Rectangle,data/model1_body_shape\images\03985.png
99.5,88.5,104.8,161.0,Rectangle,data/model1_body_shape\images\03771.png
90.1,93.8,95.1,161.5,Apple,data/model1_body_shape\images\02108.png
95.1,65.4,83.2,155.4,InvertedTriangle,data/model1_body_shape\images\04235.png
110.9,92.1,99.9,158.9,InvertedTriangle,data/model1_body_shape\images\04956.png
98.7,90.8,93.1,171.7,Apple,data/model1_body_shape\images\02234.png
99.3,90.4,105.2,159.0,Rectangle,data/model1_body_shape\images\03211.png
93.1,58.7,98.8,150.4,Hourglass,data/model1_body_shape\images\00963.png
85.0,71.7,84.1,163.9,Rectangle,data/model1_body_shape\images\03415.png
94.8,84.2,90.5,151.7,Rectangle,data/model1_body_shape\images\03753.png
98.3,63.2,102.0,157.6,Hourglass,data/model1_body_shape\images\00398.png
106.0,100.3,102.4,162.3,Apple,data/model1_body_shape\images\02632.png
101.8,88.4,92.5,170.3,InvertedTriangle,data/model1_body_shape\images\04851.png
102.9,99.2,105.3,150.1,Apple,data/model1_body_shape\images\02996.png
90.9,65.5,85.5,165.3,Hourglass,data/model1_body_shape\images\00704.png
102.8,81.7,105.8,153.3,Hourglass,data/model1_body_shape\images\00431.png
93.2,61.4,91.6,158.2,Hourglass,data/model1_body_shape\images\00292.png
101.6,95.2,84.0,174.6,InvertedTriangle,data/model1_body_shape\images\04867.png
104.0,63.0,105.6,168.3,Hourglass,data/model1_body_shape\images\00145.png
92.8,84.6,83.7,160.6,InvertedTriangle,data/model1_body_shape\images\04393.png
102.2,99.6,98.8,158.8,Apple,data/model1_body_shape\images\02033.png
102.9,69.0,91.0,151.5,InvertedTriangle,data/model1_body_shape\images\04283.png
98.1,78.3,110.7,159.9,Pear,data/model1_body_shape\images\01165.png
102.4,91.6,100.3,168.9,Rectangle,data/model1_body_shape\images\03500.png
103.3,112.1,108.9,171.7,Apple,data/model1_body_shape\images\02050.png
96.9,90.0,94.1,157.0,Apple,data/model1_body_shape\images\02624.png
100.1,70.1,83.1,166.6,InvertedTriangle,data/model1_body_shape\images\04378.png
94.5,60.1,91.1,167.2,Hourglass,data/model1_body_shape\images\00339.png
104.0,91.6,106.6,156.7,Rectangle,data/model1_body_shape\images\03879.png
100.9,76.5,85.9,162.1,InvertedTriangle,data/model1_body_shape\images\04632.png
98.2,100.8,95.2,160.3,Apple,data/model1_body_shape\images\02973.png
98.5,64.7,92.7,162.0,Hourglass,data/model1_body_shape\images\00265.png
95.7,99.3,98.7,158.8,Apple,data/model1_body_shape\images\02424.png
76.0,67.0,93.4,162.9,Pear,data/model1_body_shape\images\01262.png
88.4,80.7,103.8,172.1,Pear,data/model1_body_shape\images\01771.png
96.9,85.7,100.5,169.8,Rectangle,data/model1_body_shape\images\03511.png
97.5,62.9,94.9,165.1,Hourglass,data/model1_body_shape\images\00271.png
89.9,60.6,92.7,158.7,Hourglass,data/model1_body_shape\images\00696.png
98.8,72.2,96.1,170.2,Hourglass,data/model1_body_shape\images\00747.png
93.3,70.0,89.1,153.9,Hourglass,data/model1_body_shape\images\00244.png
86.6,63.1,81.9,155.0,Hourglass,data/model1_body_shape\images\00317.png
97.8,71.1,100.5,154.5,Hourglass,data/model1_body_shape\images\00476.png
89.0,96.9,94.1,164.3,Apple,data/model1_body_shape\images\02032.png
84.0,58.2,83.6,165.8,Hourglass,data/model1_body_shape\images\00957.png
87.2,81.6,92.0,152.2,Rectangle,data/model1_body_shape\images\03816.png
82.8,58.4,80.1,158.2,Hourglass,data/model1_body_shape\images\00813.png
102.5,80.1,89.4,169.9,InvertedTriangle,data/model1_body_shape\images\04532.png
90.6,82.5,107.1,157.4,Pear,data/model1_body_shape\images\01914.png
105.8,95.2,92.0,160.3,InvertedTriangle,data/model1_body_shape\images\04602.png
104.7,94.9,108.7,170.8,Rectangle,data/model1_body_shape\images\03487.png
92.5,65.9,105.5,162.3,Pear,data/model1_body_shape\images\01297.png
88.4,71.5,77.0,163.9,InvertedTriangle,data/model1_body_shape\images\04030.png
81.4,74.4,92.6,161.7,Pear,data/model1_body_shape\images\01804.png
88.5,63.5,89.7,173.4,Hourglass,data/model1_body_shape\images\00758.png
89.7,64.3,92.4,159.1,Hourglass,data/model1_body_shape\images\00250.png
109.2,107.6,105.6,169.3,Apple,data/model1_body_shape\images\02461.png
101.6,68.4,96.4,161.6,Hourglass,data/model1_body_shape\images\00545.png
90.0,74.9,87.3,157.9,Rectangle,data/model1_body_shape\images\03241.png
99.0,78.2,101.6,146.4,Hourglass,data/model1_body_shape\images\00738.png
103.3,60.7,108.5,152.4,Hourglass,data/model1_body_shape\images\00310.png
93.2,83.5,87.6,167.8,Rectangle,data/model1_body_shape\images\03780.png
90.6,84.1,85.3,162.0,Apple,data/model1_body_shape\images\02941.png
93.8,69.2,111.7,160.1,Pear,data/model1_body_shape\images\01131.png
102.9,80.4,116.5,166.2,Pear,data/model1_body_shape\images\01449.png
90.1,69.1,74.8,160.0,InvertedTriangle,data/model1_body_shape\images\04919.png
98.0,70.3,97.7,159.7,Hourglass,data/model1_body_shape\images\00015.png
91.7,76.3,90.3,160.0,Rectangle,data/model1_body_shape\images\03232.png
108.8,104.0,105.0,168.2,Apple,data/model1_body_shape\images\02769.png
91.2,80.8,87.3,160.7,Rectangle,data/model1_body_shape\images\03468.png
100.2,76.3,106.1,155.5,Hourglass,data/model1_body_shape\images\00920.png
99.5,91.3,101.1,163.9,Rectangle,data/model1_body_shape\images\03029.png
80.0,74.9,97.5,149.7,Pear,data/model1_body_shape\images\01372.png
94.9,82.6,97.8,164.8,Rectangle,data/model1_body_shape\images\03587.png
104.0,106.6,101.7,164.9,Apple,data/model1_body_shape\images\02544.png
86.3,76.6,86.0,145.0,Rectangle,data/model1_body_shape\images\03598.png
85.4,59.0,86.0,158.6,Hourglass,data/model1_body_shape\images\00038.png
86.4,63.4,84.2,155.6,Hourglass,data/model1_body_shape\images\00363.png
88.9,68.1,74.7,169.3,InvertedTriangle,data/model1_body_shape\images\04101.png
98.8,63.8,95.2,160.4,Hourglass,data/model1_body_shape\images\00182.png
105.6,96.7,107.9,163.4,Rectangle,data/model1_body_shape\images\03033.png
109.8,105.4,110.8,163.7,Apple,data/model1_body_shape\images\02983.png
97.5,93.5,111.1,167.0,Pear,data/model1_body_shape\images\01194.png
86.7,87.1,82.8,156.1,Apple,data/model1_body_shape\images\02852.png
92.9,82.9,79.4,159.2,InvertedTriangle,data/model1_body_shape\images\04542.png
102.2,65.2,113.4,164.2,Pear,data/model1_body_shape\images\01121.png
89.1,90.0,89.6,159.6,Apple,data/model1_body_shape\images\02235.png
90.1,85.3,87.9,166.7,Apple,data/model1_body_shape\images\02667.png
96.7,82.4,98.6,159.3,Rectangle,data/model1_body_shape\images\03699.png
82.0,72.9,85.0,160.3,Rectangle,data/model1_body_shape\images\03223.png
93.3,70.0,106.2,160.3,Pear,data/model1_body_shape\images\01182.png
109.3,69.3,99.5,172.8,InvertedTriangle,data/model1_body_shape\images\04184.png
94.3,78.2,81.8,169.8,InvertedTriangle,data/model1_body_shape\images\04293.png
94.5,58.9,92.9,162.7,Hourglass,data/model1_body_shape\images\00614.png
88.3,66.4,77.7,160.2,InvertedTriangle,data/model1_body_shape\images\04908.png
88.1,77.3,105.0,170.4,Pear,data/model1_body_shape\images\01466.png
102.0,58.1,98.6,169.2,Hourglass,data/model1_body_shape\images\00401.png
81.4,74.8,86.2,162.4,Rectangle,data/model1_body_shape\images\03042.png
90.1,66.9,92.0,158.9,Hourglass,data/model1_body_shape\images\00934.png
89.5,97.6,94.9,152.5,Apple,data/model1_body_shape\images\02419.png
103.1,74.9,93.6,154.0,InvertedTriangle,data/model1_body_shape\images\04860.png
95.1,69.5,85.2,168.2,InvertedTriangle,data/model1_body_shape\images\04910.png
94.4,96.1,94.3,160.1,Apple,data/model1_body_shape\images\02641.png
89.3,80.9,71.4,172.8,InvertedTriangle,data/model1_body_shape\images\04017.png
96.1,70.9,94.5,153.2,Hourglass,data/model1_body_shape\images\00726.png
87.8,61.6,86.2,159.6,Hourglass,data/model1_body_shape\images\00826.png
89.8,75.8,98.9,145.0,Pear,data/model1_body_shape\images\01521.png
88.8,80.5,79.2,161.3,InvertedTriangle,data/model1_body_shape\images\04856.png
103.5,104.9,105.6,162.7,Apple,data/model1_body_shape\images\02930.png
100.1,69.0,99.3,159.5,Hourglass,data/model1_body_shape\images\00136.png
97.3,81.9,92.8,164.8,Rectangle,data/model1_body_shape\images\03590.png
97.3,58.4,99.6,174.7,Hourglass,data/model1_body_shape\images\00628.png
96.6,65.3,95.7,159.6,Hourglass,data/model1_body_shape\images\00334.png
91.8,66.7,92.6,153.8,Hourglass,data/model1_body_shape\images\00390.png
103.2,96.8,89.6,160.2,InvertedTriangle,data/model1_body_shape\images\04387.png
109.7,91.1,96.9,145.0,InvertedTriangle,data/model1_body_shape\images\04904.png
88.9,76.0,89.1,169.1,Rectangle,data/model1_body_shape\images\03832.png
100.3,97.2,112.5,165.0,Pear,data/model1_body_shape\images\01817.png
88.1,67.3,91.4,161.9,Hourglass,data/model1_body_shape\images\00400.png
89.6,61.7,84.9,168.8,Hourglass,data/model1_body_shape\images\00710.png
96.1,85.2,105.8,165.9,Pear,data/model1_body_shape\images\01039.png
81.6,70.2,78.1,157.3,Rectangle,data/model1_body_shape\images\03989.png
81.9,72.2,78.4,173.1,Rectangle,data/model1_body_shape\images\03359.png
100.5,67.2,102.5,165.0,Hourglass,data/model1_body_shape\images\00046.png
94.8,90.0,112.2,175.7,Pear,data/model1_body_shape\images\01561.png
103.5,79.1,87.9,157.2,InvertedTriangle,data/model1_body_shape\images\04799.png
104.8,92.4,99.8,157.1,Rectangle,data/model1_body_shape\images\03642.png
100.4,90.6,99.7,161.2,Rectangle,data/model1_body_shape\images\03726.png
104.3,66.5,91.2,147.3,InvertedTriangle,data/model1_body_shape\images\04982.png
103.0,95.7,114.1,164.2,Pear,data/model1_body_shape\images\01112.png
89.2,91.8,87.8,172.7,Apple,data/model1_body_shape\images\02513.png
104.8,97.5,108.1,170.8,Rectangle,data/model1_body_shape\images\03608.png
90.1,69.5,105.6,161.5,Pear,data/model1_body_shape\images\01223.png
95.6,76.2,86.3,162.0,InvertedTriangle,data/model1_body_shape\images\04060.png
103.1,89.2,101.1,169.7,Rectangle,data/model1_body_shape\images\03023.png
88.0,90.6,84.9,166.5,Apple,data/model1_body_shape\images\02421.png
101.0,85.2,114.7,150.9,Pear,data/model1_body_shape\images\01508.png
105.7,86.4,116.0,159.4,Pear,data/model1_body_shape\images\01750.png
108.6,99.5,96.8,165.4,InvertedTriangle,data/model1_body_shape\images\04837.png
90.8,68.6,79.3,158.5,InvertedTriangle,data/model1_body_shape\images\04096.png
101.4,82.1,115.9,159.7,Pear,data/model1_body_shape\images\01799.png
91.0,58.6,92.5,168.8,Hourglass,data/model1_body_shape\images\00338.png
101.2,62.2,96.4,174.9,Hourglass,data/model1_body_shape\images\00215.png
80.9,66.9,79.9,161.6,Rectangle,data/model1_body_shape\images\03663.png
85.2,65.1,97.6,158.9,Pear,data/model1_body_shape\images\01341.png
102.0,68.1,105.6,163.5,Hourglass,data/model1_body_shape\images\00011.png
99.2,64.3,111.2,172.5,Pear,data/model1_body_shape\images\01520.png
81.4,69.3,85.4,180.8,Rectangle,data/model1_body_shape\images\03640.png
90.3,80.1,95.3,147.9,Rectangle,data/model1_body_shape\images\03937.png
89.8,81.3,77.1,163.4,InvertedTriangle,data/model1_body_shape\images\04427.png
91.0,78.8,90.0,171.4,Rectangle,data/model1_body_shape\images\03004.png
107.9,105.0,102.5,172.1,Apple,data/model1_body_shape\images\02864.png
85.2,71.3,80.2,165.7,Rectangle,data/model1_body_shape\images\03115.png
99.9,90.8,90.4,168.0,InvertedTriangle,data/model1_body_shape\images\04840.png
103.8,107.6,101.6,164.6,Apple,data/model1_body_shape\images\02322.png
91.0,86.1,93.2,152.6,Apple,data/model1_body_shape\images\02571.png
107.4,107.4,111.1,154.3,Apple,data/model1_body_shape\images\02913.png
84.6,63.7,90.5,163.0,Hourglass,data/model1_body_shape\images\00101.png
97.1,83.8,98.6,156.0,Rectangle,data/model1_body_shape\images\03549.png
84.9,65.5,95.3,149.5,Pear,data/model1_body_shape\images\01458.png
100.0,64.8,100.5,161.4,Hourglass,data/model1_body_shape\images\00171.png
98.8,58.9,102.8,156.6,Hourglass,data/model1_body_shape\images\00107.png
105.3,78.6,92.2,166.0,InvertedTriangle,data/model1_body_shape\images\04196.png
91.0,77.3,93.5,165.8,Rectangle,data/model1_body_shape\images\03569.png
110.4,88.4,95.2,166.8,InvertedTriangle,data/model1_body_shape\images\04991.png
108.8,93.1,91.4,166.9,InvertedTriangle,data/model1_body_shape\images\04295.png
92.0,66.2,80.3,154.5,InvertedTriangle,data/model1_body_shape\images\04063.png
103.9,94.2,104.7,171.5,Rectangle,data/model1_body_shape\images\03861.png
103.9,93.7,91.6,161.5,InvertedTriangle,data/model1_body_shape\images\04122.png
104.0,94.2,88.0,156.3,InvertedTriangle,data/model1_body_shape\images\04629.png
101.9,64.0,105.5,160.9,Hourglass,data/model1_body_shape\images\00060.png
87.7,73.2,98.3,166.0,Pear,data/model1_body_shape\images\01240.png
88.4,82.5,74.8,150.0,InvertedTriangle,data/model1_body_shape\images\04637.png
103.9,82.7,115.4,166.0,Pear,data/model1_body_shape\images\01040.png
111.1,67.4,95.9,160.3,InvertedTriangle,data/model1_body_shape\images\04187.png
100.3,95.4,102.4,154.2,Apple,data/model1_body_shape\images\02760.png
94.9,95.9,94.9,157.9,Apple,data/model1_body_shape\images\02120.png
84.1,65.8,97.1,163.6,Pear,data/model1_body_shape\images\01524.png
99.2,86.7,103.2,165.2,Rectangle,data/model1_body_shape\images\03521.png
100.0,60.7,98.2,153.0,Hourglass,data/model1_body_shape\images\00153.png
86.9,93.2,90.9,165.2,Apple,data/model1_body_shape\images\02248.png
93.4,62.3,94.6,160.1,Hourglass,data/model1_body_shape\images\00481.png
97.7,93.2,84.6,163.8,InvertedTriangle,data/model1_body_shape\images\04233.png
91.5,71.1,82.5,164.5,InvertedTriangle,data/model1_body_shape\images\04305.png
99.3,83.9,98.2,164.4,Rectangle,data/model1_body_shape\images\03578.png
104.8,84.4,93.4,181.2,InvertedTriangle,data/model1_body_shape\images\04125.png
82.4,76.9,87.6,159.1,Rectangle,data/model1_body_shape\images\03562.png
103.1,94.8,105.9,171.0,Rectangle,data/model1_body_shape\images\03315.png
90.2,78.8,99.6,152.2,Pear,data/model1_body_shape\images\01762.png
80.1,66.4,79.6,157.8,Rectangle,data/model1_body_shape\images\03538.png
89.3,81.5,73.0,174.6,InvertedTriangle,data/model1_body_shape\images\04803.png
85.4,63.7,82.6,153.1,Hourglass,data/model1_body_shape\images\00750.png
92.2,83.4,94.1,165.8,Rectangle,data/model1_body_shape\images\03619.png
78.7,72.4,95.7,157.8,Pear,data/model1_body_shape\images\01785.png
109.0,96.0,93.4,155.8,InvertedTriangle,data/model1_body_shape\images\04270.png
103.2,87.5,102.7,167.9,Rectangle,data/model1_body_shape\images\03383.png
99.1,83.7,85.6,168.2,InvertedTriangle,data/model1_body_shape\images\04348.png
93.5,69.2,97.8,156.9,Hourglass,data/model1_body_shape\images\00405.png
93.9,60.7,95.3,173.1,Hourglass,data/model1_body_shape\images\00757.png
90.7,94.5,91.4,160.3,Apple,data/model1_body_shape\images\02711.png
103.8,105.7,100.4,162.5,Apple,data/model1_body_shape\images\02670.png
105.0,98.6,109.7,164.6,Rectangle,data/model1_body_shape\images\03983.png
96.1,58.2,98.4,171.2,Hourglass,data/model1_body_shape\images\00097.png
90.5,88.5,100.8,160.4,Pear,data/model1_body_shape\images\01333.png
90.8,73.5,75.9,160.7,InvertedTriangle,data/model1_body_shape\images\04451.png
98.8,97.1,95.8,155.1,Apple,data/model1_body_shape\images\02791.png
99.5,97.4,99.7,149.2,Apple,data/model1_body_shape\images\02854.png
89.7,63.1,86.6,155.5,Hourglass,data/model1_body_shape\images\00186.png
105.1,72.8,88.2,165.9,InvertedTriangle,data/model1_body_shape\images\04003.png
96.4,93.0,97.7,167.5,Apple,data/model1_body_shape\images\02723.png
98.2,86.8,96.6,146.9,Rectangle,data/model1_body_shape\images\03583.png
103.5,95.5,100.8,174.4,Apple,data/model1_body_shape\images\02058.png
97.8,75.4,109.9,165.6,Pear,data/model1_body_shape\images\01319.png
98.9,80.5,100.5,171.4,Hourglass,data/model1_body_shape\images\00148.png
89.3,60.4,90.3,151.9,Hourglass,data/model1_body_shape\images\00028.png
107.1,75.3,89.5,161.5,InvertedTriangle,data/model1_body_shape\images\04140.png
111.0,75.3,100.4,145.0,InvertedTriangle,data/model1_body_shape\images\04009.png
87.7,73.0,85.6,163.4,Rectangle,data/model1_body_shape\images\03363.png
102.1,73.5,97.0,152.9,Hourglass,data/model1_body_shape\images\00692.png
93.2,88.6,95.0,155.1,Apple,data/model1_body_shape\images\02866.png
100.1,87.1,94.1,167.6,Rectangle,data/model1_body_shape\images\03776.png
96.6,93.0,112.1,156.9,Pear,data/model1_body_shape\images\01386.png
82.3,66.1,94.5,154.7,Pear,data/model1_body_shape\images\01845.png
88.0,76.0,74.2,171.1,InvertedTriangle,data/model1_body_shape\images\04730.png
102.6,61.8,101.0,157.0,Hourglass,data/model1_body_shape\images\00129.png
95.3,71.2,111.1,158.2,Pear,data/model1_body_shape\images\01599.png
105.5,99.4,108.5,165.7,Rectangle,data/model1_body_shape\images\03629.png
107.0,95.6,95.5,154.9,InvertedTriangle,data/model1_body_shape\images\04503.png
93.2,69.2,89.8,149.3,Hourglass,data/model1_body_shape\images\00701.png
91.6,86.1,97.4,163.9,Rectangle,data/model1_body_shape\images\03982.png
86.7,76.2,87.1,156.5,Rectangle,data/model1_body_shape\images\03028.png
90.6,88.6,93.7,162.4,Apple,data/model1_body_shape\images\02969.png
96.7,68.1,84.1,167.0,InvertedTriangle,data/model1_body_shape\images\04356.png
106.0,73.1,118.8,148.6,Pear,data/model1_body_shape\images\01708.png
92.7,96.1,91.2,170.7,Apple,data/model1_body_shape\images\02953.png
104.1,71.1,104.0,169.8,Hourglass,data/model1_body_shape\images\00454.png
91.3,97.5,96.8,151.0,Apple,data/model1_body_shape\images\02868.png
93.0,93.3,88.6,164.1,Apple,data/model1_body_shape\images\02040.png
100.3,74.3,115.9,163.5,Pear,data/model1_body_shape\images\01772.png
99.5,92.2,94.2,152.8,Apple,data/model1_body_shape\images\02315.png
101.0,71.4,102.5,155.9,Hourglass,data/model1_body_shape\images\00609.png
105.9,75.8,108.4,163.2,Hourglass,data/model1_body_shape\images\00167.png
86.0,61.1,83.5,168.3,Hourglass,data/model1_body_shape\images\00730.png
111.1,79.7,95.1,164.7,InvertedTriangle,data/model1_body_shape\images\04248.png
82.8,71.8,84.0,166.9,Rectangle,data/model1_body_shape\images\03358.png
90.5,93.1,95.3,153.9,Apple,data/model1_body_shape\images\02074.png
89.2,81.3,71.4,159.4,InvertedTriangle,data/model1_body_shape\images\04039.png
96.7,83.0,93.8,177.6,Rectangle,data/model1_body_shape\images\03700.png
81.6,71.1,98.9,161.6,Pear,data/model1_body_shape\images\01622.png
98.4,66.2,95.6,177.6,Hourglass,data/model1_body_shape\images\00587.png
87.9,67.4,102.5,151.2,Pear,data/model1_body_shape\images\01401.png
93.2,76.6,89.2,164.1,Rectangle,data/model1_body_shape\images\03045.png
98.0,86.2,102.9,162.2,Rectangle,data/model1_body_shape\images\03224.png
93.2,71.8,103.4,167.7,Pear,data/model1_body_shape\images\01700.png
90.8,83.0,94.9,158.6,Rectangle,data/model1_body_shape\images\03088.png
88.1,83.7,79.0,169.2,InvertedTriangle,data/model1_body_shape\images\04390.png
97.9,96.0,103.4,160.3,Apple,data/model1_body_shape\images\02981.png
84.6,60.0,89.6,155.2,Hourglass,data/model1_body_shape\images\00040.png
104.9,75.6,116.6,157.2,Pear,data/model1_body_shape\images\01379.png
93.3,97.3,97.4,155.7,Apple,data/model1_body_shape\images\02089.png
97.0,104.3,100.5,158.9,Apple,data/model1_body_shape\images\02175.png
90.6,85.9,96.2,160.2,Rectangle,data/model1_body_shape\images\03217.png
107.4,101.9,105.0,148.2,Apple,data/model1_body_shape\images\02885.png
100.7,77.2,102.4,161.3,Hourglass,data/model1_body_shape\images\00074.png
86.9,70.4,84.2,166.1,Rectangle,data/model1_body_shape\images\03909.png
107.5,97.6,93.7,160.0,InvertedTriangle,data/model1_body_shape\images\04964.png
103.6,104.8,107.6,180.2,Apple,data/model1_body_shape\images\02657.png
103.9,94.7,109.3,167.7,Rectangle,data/model1_body_shape\images\03180.png
94.7,91.8,90.1,157.2,Apple,data/model1_body_shape\images\02076.png
97.3,73.2,97.6,158.4,Hourglass,data/model1_body_shape\images\00441.png
91.5,70.8,81.6,175.0,InvertedTriangle,data/model1_body_shape\images\04051.png
105.0,102.9,103.2,163.4,Apple,data/model1_body_shape\images\02051.png
92.1,87.9,90.2,167.4,Apple,data/model1_body_shape\images\02541.png
100.2,85.6,96.3,169.1,Rectangle,data/model1_body_shape\images\03306.png
84.2,68.2,95.9,163.2,Pear,data/model1_body_shape\images\01301.png
86.3,77.4,99.2,150.8,Pear,data/model1_body_shape\images\01781.png
91.1,75.0,78.0,165.4,InvertedTriangle,data/model1_body_shape\images\04814.png
86.8,81.5,90.5,165.7,Rectangle,data/model1_body_shape\images\03430.png
83.0,76.3,99.2,162.1,Pear,data/model1_body_shape\images\01304.png
88.0,59.4,84.9,155.9,Hourglass,data/model1_body_shape\images\00236.png
97.3,100.0,93.6,170.4,Apple,data/model1_body_shape\images\02599.png
103.6,59.0,101.7,153.4,Hourglass,data/model1_body_shape\images\00520.png
92.1,85.5,86.3,154.0,Apple,data/model1_body_shape\images\02573.png
103.5,92.0,106.2,173.0,Rectangle,data/model1_body_shape\images\03280.png
93.4,77.7,88.0,165.5,Rectangle,data/model1_body_shape\images\03186.png
105.5,97.9,101.9,160.2,Apple,data/model1_body_shape\images\02768.png
95.0,62.8,92.9,152.2,Hourglass,data/model1_body_shape\images\00735.png
104.4,84.1,93.5,157.8,InvertedTriangle,data/model1_body_shape\images\04703.png
92.8,82.9,77.3,158.6,InvertedTriangle,data/model1_body_shape\images\04929.png
106.8,103.8,109.3,157.4,Apple,data/model1_body_shape\images\02106.png
94.0,101.7,99.2,155.3,Apple,data/model1_body_shape\images\02679.png
95.0,82.4,96.0,162.4,Rectangle,data/model1_body_shape\images\03229.png
94.2,88.9,92.4,148.9,Apple,data/model1_body_shape\images\02761.png
100.3,59.1,106.1,169.3,Hourglass,data/model1_body_shape\images\00592.png
78.5,68.9,94.9,163.8,Pear,data/model1_body_shape\images\01303.png
86.8,76.0,100.2,166.4,Pear,data/model1_body_shape\images\01387.png
106.3,78.6,96.0,169.1,InvertedTriangle,data/model1_body_shape\images\04695.png
96.4,77.1,87.1,157.3,InvertedTriangle,data/model1_body_shape\images\04526.png
89.8,80.3,88.9,163.0,Rectangle,data/model1_body_shape\images\03947.png
103.8,91.5,115.6,169.6,Pear,data/model1_body_shape\images\01890.png
90.0,92.4,87.8,161.4,Apple,data/model1_body_shape\images\02987.png
106.2,82.7,88.8,162.2,InvertedTriangle,data/model1_body_shape\images\04924.png
105.4,92.9,103.1,153.8,Rectangle,data/model1_body_shape\images\03297.png
91.3,68.6,88.3,167.0,Hourglass,data/model1_body_shape\images\00904.png
106.3,80.5,91.8,168.0,InvertedTriangle,data/model1_body_shape\images\04609.png
94.3,63.9,105.3,161.6,Pear,data/model1_body_shape\images\01279.png
88.0,63.3,82.7,162.6,Hourglass,data/model1_body_shape\images\00933.png
111.0,90.0,96.3,161.0,InvertedTriangle,data/model1_body_shape\images\04899.png
103.0,104.4,98.1,150.1,Apple,data/model1_body_shape\images\02308.png
77.9,62.5,94.1,158.9,Pear,data/model1_body_shape\images\01555.png
97.0,69.6,84.1,158.9,InvertedTriangle,data/model1_body_shape\images\04533.png
100.7,88.7,95.2,167.7,Rectangle,data/model1_body_shape\images\03190.png
110.8,97.2,100.5,159.4,InvertedTriangle,data/model1_body_shape\images\04441.png
87.6,62.9,82.4,162.1,Hourglass,data/model1_body_shape\images\00706.png
109.6,95.0,96.9,164.8,InvertedTriangle,data/model1_body_shape\images\04690.png
104.0,91.4,100.6,157.4,Rectangle,data/model1_body_shape\images\03070.png
100.6,60.7,101.7,170.9,Hourglass,data/model1_body_shape\images\00745.png
97.5,87.0,101.8,162.1,Rectangle,data/model1_body_shape\images\03594.png
92.6,89.8,107.5,149.1,Pear,data/model1_body_shape\images\01939.png
97.6,87.3,87.9,165.1,InvertedTriangle,data/model1_body_shape\images\04400.png
87.5,83.5,90.3,146.0,Apple,data/model1_body_shape\images\02862.png
98.1,92.7,102.5,168.5,Rectangle,data/model1_body_shape\images\03996.png
94.1,62.7,99.7,161.5,Hourglass,data/model1_body_shape\images\00513.png
101.3,74.0,101.7,157.1,Hourglass,data/model1_body_shape\images\00081.png
90.6,78.1,78.3,151.1,InvertedTriangle,data/model1_body_shape\images\04976.png
104.3,100.5,117.7,162.0,Pear,data/model1_body_shape\images\01308.png
95.9,76.5,84.1,145.9,InvertedTriangle,data/model1_body_shape\images\04614.png
104.9,69.0,106.2,167.6,Hourglass,data/model1_body_shape\images\00914.png
91.7,77.6,91.2,154.2,Rectangle,data/model1_body_shape\images\03452.png
91.9,83.7,97.9,157.3,Rectangle,data/model1_body_shape\images\03695.png
88.9,69.0,73.5,148.7,InvertedTriangle,data/model1_body_shape\images\04804.png
86.0,75.0,87.9,157.3,Rectangle,data/model1_body_shape\images\03156.png
110.9,105.4,107.9,153.6,Apple,data/model1_body_shape\images\02198.png
99.6,90.3,88.8,155.3,InvertedTriangle,data/model1_body_shape\images\04232.png
86.6,59.4,87.1,158.8,Hourglass,data/model1_body_shape\images\00774.png
89.9,63.2,94.5,167.8,Hourglass,data/model1_body_shape\images\00329.png
98.3,96.1,99.4,161.5,Apple,data/model1_body_shape\images\02054.png
89.3,92.1,95.0,165.6,Apple,data/model1_body_shape\images\02001.png
86.3,58.7,80.5,164.0,Hourglass,data/model1_body_shape\images\00943.png
84.4,59.1,79.5,163.8,Hourglass,data/model1_body_shape\images\00822.png
99.3,70.4,86.1,160.9,InvertedTriangle,data/model1_body_shape\images\04527.png
85.1,62.4,83.6,176.2,Hourglass,data/model1_body_shape\images\00909.png
86.2,86.0,90.1,160.3,Apple,data/model1_body_shape\images\02516.png
83.2,59.0,78.6,169.3,Hourglass,data/model1_body_shape\images\00181.png
88.6,60.4,93.2,166.1,Hourglass,data/model1_body_shape\images\00164.png
90.0,86.9,101.2,163.7,Pear,data/model1_body_shape\images\01523.png
100.3,69.9,99.9,169.8,Hourglass,data/model1_body_shape\images\00451.png
87.6,86.0,86.0,162.6,Apple,data/model1_body_shape\images\02538.png
96.9,90.6,83.2,150.5,InvertedTriangle,data/model1_body_shape\images\04137.png
88.8,69.7,73.7,164.6,InvertedTriangle,data/model1_body_shape\images\04775.png
107.1,104.5,118.8,161.6,Pear,data/model1_body_shape\images\01311.png
83.7,70.4,79.1,151.5,Rectangle,data/model1_body_shape\images\03149.png
97.5,77.4,115.2,161.1,Pear,data/model1_body_shape\images\01111.png
107.6,78.7,94.7,160.4,InvertedTriangle,data/model1_body_shape\images\04547.png
106.2,101.8,91.0,171.3,InvertedTriangle,data/model1_body_shape\images\04085.png
84.0,73.0,80.4,162.6,Rectangle,data/model1_body_shape\images\03489.png
76.7,62.3,93.5,159.9,Pear,data/model1_body_shape\images\01287.png
107.8,83.8,91.0,161.5,InvertedTriangle,data/model1_body_shape\images\04177.png
102.3,81.7,85.3,166.7,InvertedTriangle,data/model1_body_shape\images\04645.png
103.2,90.8,102.3,168.3,Rectangle,data/model1_body_shape\images\03680.png
88.9,81.6,75.9,156.2,InvertedTriangle,data/model1_body_shape\images\04511.png
98.5,79.5,85.6,156.9,InvertedTriangle,data/model1_body_shape\images\04168.png
106.0,96.4,109.2,159.6,Rectangle,data/model1_body_shape\images\03300.png
93.3,79.9,90.4,166.0,Rectangle,data/model1_body_shape\images\03310.png
90.8,78.1,80.7,154.0,InvertedTriangle,data/model1_body_shape\images\04556.png
92.2,81.4,92.3,162.9,Rectangle,data/model1_body_shape\images\03125.png
95.5,68.3,89.8,146.8,Hourglass,data/model1_body_shape\images\00327.png
95.9,70.8,111.3,170.1,Pear,data/model1_body_shape\images\01790.png
109.3,109.1,110.8,168.3,Apple,data/model1_body_shape\images\02490.png
98.0,94.1,93.3,167.6,Apple,data/model1_body_shape\images\02006.png
92.9,91.3,98.8,167.9,Apple,data/model1_body_shape\images\02007.png
104.1,66.3,120.0,160.0,Pear,data/model1_body_shape\images\01858.png
89.9,66.1,76.0,154.0,InvertedTriangle,data/model1_body_shape\images\04685.png
100.1,70.7,103.9,167.5,Hourglass,data/model1_body_shape\images\00312.png
93.5,69.7,95.7,171.1,Hourglass,data/model1_body_shape\images\00832.png
90.3,84.3,95.5,159.6,Rectangle,data/model1_body_shape\images\03079.png
110.6,88.3,99.1,159.8,InvertedTriangle,data/model1_body_shape\images\04717.png
91.6,85.8,96.5,163.4,Rectangle,data/model1_body_shape\images\03462.png
79.5,68.6,96.4,163.7,Pear,data/model1_body_shape\images\01201.png
99.7,75.8,82.5,164.6,InvertedTriangle,data/model1_body_shape\images\04391.png
102.7,92.8,101.9,161.3,Rectangle,data/model1_body_shape\images\03547.png
102.0,71.1,84.2,163.1,InvertedTriangle,data/model1_body_shape\images\04922.png
87.3,91.2,84.9,167.4,Apple,data/model1_body_shape\images\02134.png
93.2,83.7,87.9,158.0,Rectangle,data/model1_body_shape\images\03451.png
106.4,109.8,104.5,170.2,Apple,data/model1_body_shape\images\02209.png
83.0,76.7,96.1,168.7,Pear,data/model1_body_shape\images\01901.png
100.3,90.0,111.4,158.2,Pear,data/model1_body_shape\images\01481.png
83.4,60.8,86.7,163.8,Hourglass,data/model1_body_shape\images\00777.png
101.4,62.9,103.5,161.1,Hourglass,data/model1_body_shape\images\00799.png
99.0,88.1,102.2,160.0,Rectangle,data/model1_body_shape\images\03714.png
104.8,90.6,100.0,161.4,Rectangle,data/model1_body_shape\images\03942.png
85.1,62.3,80.6,158.6,Hourglass,data/model1_body_shape\images\00054.png
94.4,89.2,89.6,156.4,Apple,data/model1_body_shape\images\02972.png
93.0,78.4,90.9,164.9,Rectangle,data/model1_body_shape\images\03335.png
93.1,85.7,106.2,163.1,Pear,data/model1_body_shape\images\01920.png
105.0,96.6,107.9,166.2,Rectangle,data/model1_body_shape\images\03715.png
92.3,86.9,81.9,165.2,InvertedTriangle,data/model1_body_shape\images\04646.png
91.4,62.1,90.5,166.9,Hourglass,data/model1_body_shape\images\00946.png
90.3,64.9,101.2,160.3,Pear,data/model1_body_shape\images\01701.png
84.3,70.0,81.0,169.9,Rectangle,data/model1_body_shape\images\03293.png
95.1,91.3,97.7,160.0,Apple,data/model1_body_shape\images\02161.png
79.0,73.9,94.1,158.4,Pear,data/model1_body_shape\images\01136.png
84.1,62.3,83.4,152.1,Hourglass,data/model1_body_shape\images\00987.png
90.9,91.8,86.5,172.8,Apple,data/model1_body_shape\images\02549.png
102.5,79.7,99.6,154.9,Hourglass,data/model1_body_shape\images\00193.png
97.5,87.3,95.9,165.4,Rectangle,data/model1_body_shape\images\03057.png
86.3,76.3,80.5,170.1,Rectangle,data/model1_body_shape\images\03246.png
85.4,79.9,98.4,175.4,Pear,data/model1_body_shape\images\01394.png
101.8,97.4,97.8,150.5,Apple,data/model1_body_shape\images\02637.png
86.7,66.1,92.2,161.3,Hourglass,data/model1_body_shape\images\00768.png
95.6,75.4,81.4,166.6,InvertedTriangle,data/model1_body_shape\images\04702.png
95.7,86.1,99.5,162.9,Rectangle,data/model1_body_shape\images\03090.png
98.4,81.4,96.4,171.7,Rectangle,data/model1_body_shape\images\03495.png
101.9,86.0,100.6,154.0,Rectangle,data/model1_body_shape\images\03215.png
93.8,60.6,98.5,162.6,Hourglass,data/model1_body_shape\images\00285.png
106.1,82.5,89.6,175.9,InvertedTriangle,data/model1_body_shape\images\04938.png
99.1,69.4,99.8,157.5,Hourglass,data/model1_body_shape\images\00428.png
111.1,81.3,98.4,165.8,InvertedTriangle,data/model1_body_shape\images\04448.png
105.3,106.1,107.3,173.0,Apple,data/model1_body_shape\images\02332.png
91.5,94.7,90.1,165.7,Apple,data/model1_body_shape\images\02717.png
98.9,93.0,99.7,164.9,Apple,data/model1_body_shape\images\02079.png
84.4,70.1,83.0,168.5,Rectangle,data/model1_body_shape\images\03389.png
85.6,64.5,86.0,168.8,Hourglass,data/model1_body_shape\images\00722.png
92.6,58.7,94.8,157.6,Hourglass,data/model1_body_shape\images\00951.png
91.3,69.7,75.6,168.1,InvertedTriangle,data/model1_body_shape\images\04383.png
90.6,84.7,76.6,170.2,InvertedTriangle,data/model1_body_shape\images\04366.png
97.3,95.3,101.4,169.0,Apple,data/model1_body_shape\images\02262.png
105.8,87.2,111.7,164.2,Hourglass,data/model1_body_shape\images\00989.png
88.4,77.3,91.6,159.1,Rectangle,data/model1_body_shape\images\03212.png
99.5,86.0,115.4,159.7,Pear,data/model1_body_shape\images\01759.png
91.3,79.2,73.9,150.0,InvertedTriangle,data/model1_body_shape\images\04579.png
95.9,58.5,90.0,173.3,Hourglass,data/model1_body_shape\images\00326.png
96.6,95.7,101.6,169.9,Apple,data/model1_body_shape\images\02608.png
79.0,75.0,92.5,167.1,Pear,data/model1_body_shape\images\01383.png
102.6,99.3,116.9,170.1,Pear,data/model1_body_shape\images\01724.png
107.9,84.9,117.1,159.4,Pear,data/model1_body_shape\images\01086.png
109.2,107.3,105.0,167.5,Apple,data/model1_body_shape\images\02523.png
101.4,60.1,107.1,166.6,Hourglass,data/model1_body_shape\images\00341.png
90.5,75.3,84.8,159.8,Rectangle,data/model1_body_shape\images\03701.png
89.4,58.1,90.6,163.8,Hourglass,data/model1_body_shape\images\00147.png
100.1,72.5,98.4,162.5,Hourglass,data/model1_body_shape\images\00688.png
88.9,77.1,90.8,161.0,Rectangle,data/model1_body_shape\images\03432.png
83.4,65.4,101.2,164.4,Pear,data/model1_body_shape\images\01107.png
90.2,63.7,92.1,163.2,Hourglass,data/model1_body_shape\images\00848.png
96.9,65.4,94.6,161.3,Hourglass,data/model1_body_shape\images\00966.png
105.3,75.4,92.2,156.0,InvertedTriangle,data/model1_body_shape\images\04727.png
97.2,87.2,113.9,179.1,Pear,data/model1_body_shape\images\01492.png
82.0,73.0,87.5,161.8,Rectangle,data/model1_body_shape\images\03953.png
104.0,101.8,100.0,172.6,Apple,data/model1_body_shape\images\02203.png
99.1,92.6,97.8,159.3,Apple,data/model1_body_shape\images\02713.png
101.3,59.8,106.1,152.7,Hourglass,data/model1_body_shape\images\00661.png
88.6,65.3,104.4,156.9,Pear,data/model1_body_shape\images\01002.png
91.0,67.2,90.1,149.7,Hourglass,data/model1_body_shape\images\00062.png
92.0,68.4,89.9,160.1,Hourglass,data/model1_body_shape\images\00284.png
104.4,101.5,105.1,158.6,Apple,data/model1_body_shape\images\02224.png
104.5,70.4,92.4,156.6,InvertedTriangle,data/model1_body_shape\images\04706.png
102.3,63.1,119.5,164.7,Pear,data/model1_body_shape\images\01879.png
103.2,90.8,106.1,164.6,Rectangle,data/model1_body_shape\images\03572.png
99.3,82.9,89.3,156.8,InvertedTriangle,data/model1_body_shape\images\04857.png
100.1,90.0,110.4,177.7,Pear,data/model1_body_shape\images\01203.png
85.5,70.3,98.9,165.9,Pear,data/model1_body_shape\images\01990.png
90.7,59.1,85.7,155.0,Hourglass,data/model1_body_shape\images\00024.png
101.5,93.5,91.0,154.9,InvertedTriangle,data/model1_body_shape\images\04852.png
109.6,71.7,97.9,166.2,InvertedTriangle,data/model1_body_shape\images\04102.png
102.2,84.0,86.9,149.4,InvertedTriangle,data/model1_body_shape\images\04167.png
103.8,73.8,101.8,169.4,Hourglass,data/model1_body_shape\images\00762.png
93.6,58.2,88.2,150.9,Hourglass,data/model1_body_shape\images\00875.png
102.9,67.2,88.0,169.8,InvertedTriangle,data/model1_body_shape\images\04742.png
87.4,68.6,87.7,153.4,Hourglass,data/model1_body_shape\images\00938.png
97.3,92.9,100.4,166.1,Apple,data/model1_body_shape\images\02687.png
97.5,84.3,100.7,162.1,Rectangle,data/model1_body_shape\images\03600.png
97.1,91.6,97.2,152.9,Apple,data/model1_body_shape\images\02394.png
90.4,69.5,81.0,176.6,InvertedTriangle,data/model1_body_shape\images\04567.png
111.6,66.9,95.2,162.3,InvertedTriangle,data/model1_body_shape\images\04980.png
99.1,85.0,83.9,162.5,InvertedTriangle,data/model1_body_shape\images\04124.png
90.4,69.6,79.3,168.9,InvertedTriangle,data/model1_body_shape\images\04564.png
85.1,60.5,84.4,148.0,Hourglass,data/model1_body_shape\images\00385.png
96.2,84.6,99.0,163.6,Rectangle,data/model1_body_shape\images\03877.png
104.8,66.3,92.1,156.2,InvertedTriangle,data/model1_body_shape\images\04370.png
107.3,102.7,92.7,163.6,InvertedTriangle,data/model1_body_shape\images\04569.png
83.0,59.7,82.4,165.4,Hourglass,data/model1_body_shape\images\00536.png
87.7,90.4,91.2,163.3,Apple,data/model1_body_shape\images\02291.png
94.7,69.6,76.7,155.1,InvertedTriangle,data/model1_body_shape\images\04665.png
99.5,89.6,105.0,170.8,Rectangle,data/model1_body_shape\images\03874.png
93.8,59.4,96.2,161.4,Hourglass,data/model1_body_shape\images\00936.png
101.3,89.7,105.8,167.5,Rectangle,data/model1_body_shape\images\03737.png
101.8,75.8,90.3,154.9,InvertedTriangle,data/model1_body_shape\images\04728.png
104.8,103.9,99.7,164.4,Apple,data/model1_body_shape\images\02360.png
102.0,91.7,102.9,183.7,Rectangle,data/model1_body_shape\images\03507.png
82.4,61.7,88.3,162.1,Hourglass,data/model1_body_shape\images\00201.png
104.0,88.7,100.2,150.2,Rectangle,data/model1_body_shape\images\03208.png
105.8,94.8,118.7,167.8,Pear,data/model1_body_shape\images\01332.png
94.1,84.3,88.5,165.2,Rectangle,data/model1_body_shape\images\03016.png
92.9,79.1,89.5,157.1,Rectangle,data/model1_body_shape\images\03502.png
103.0,111.7,108.1,168.7,Apple,data/model1_body_shape\images\02708.png
95.7,65.0,81.0,149.3,InvertedTriangle,data/model1_body_shape\images\04021.png
89.2,74.1,102.8,163.9,Pear,data/model1_body_shape\images\01854.png
90.4,81.4,80.4,177.9,InvertedTriangle,data/model1_body_shape\images\04469.png
94.4,100.9,99.2,158.1,Apple,data/model1_body_shape\images\02872.png
96.5,82.1,95.4,161.0,Rectangle,data/model1_body_shape\images\03030.png
105.4,88.1,118.6,160.1,Pear,data/model1_body_shape\images\01205.png
92.1,69.4,108.2,180.2,Pear,data/model1_body_shape\images\01645.png
97.2,82.9,95.7,177.7,Rectangle,data/model1_body_shape\images\03417.png
102.7,99.1,108.4,162.7,Rectangle,data/model1_body_shape\images\03476.png
106.0,106.2,107.3,165.1,Apple,data/model1_body_shape\images\02861.png
100.5,63.0,110.5,169.0,Pear,data/model1_body_shape\images\01792.png
86.4,74.8,83.1,160.9,Rectangle,data/model1_body_shape\images\03797.png
83.7,73.7,82.4,168.4,Rectangle,data/model1_body_shape\images\03368.png
89.8,80.7,91.8,163.6,Rectangle,data/model1_body_shape\images\03367.png
104.6,93.7,105.6,160.9,Rectangle,data/model1_body_shape\images\03533.png
99.6,85.4,98.3,163.2,Rectangle,data/model1_body_shape\images\03449.png
100.2,75.4,104.1,151.3,Hourglass,data/model1_body_shape\images\00603.png
103.8,88.3,103.8,153.5,Rectangle,data/model1_body_shape\images\03056.png
95.4,83.3,79.7,162.9,InvertedTriangle,data/model1_body_shape\images\04531.png
93.9,59.0,89.2,169.6,Hourglass,data/model1_body_shape\images\00126.png
99.3,86.7,93.7,172.1,Rectangle,data/model1_body_shape\images\03876.png
104.1,101.7,101.5,170.0,Apple,data/model1_body_shape\images\02935.png
100.1,90.5,98.5,168.5,Rectangle,data/model1_body_shape\images\03531.png
87.1,95.2,91.6,152.6,Apple,data/model1_body_shape\images\02730.png
103.2,70.9,100.7,173.3,Hourglass,data/model1_body_shape\images\00827.png
76.8,65.3,92.3,162.2,Pear,data/model1_body_shape\images\01639.png
92.4,69.5,88.1,164.1,Hourglass,data/model1_body_shape\images\00984.png
90.1,78.6,94.1,157.0,Rectangle,data/model1_body_shape\images\03281.png
88.4,71.4,71.7,151.7,InvertedTriangle,data/model1_body_shape\images\04971.png
106.6,112.7,109.9,162.7,Apple,data/model1_body_shape\images\02188.png
93.5,75.3,75.6,168.3,InvertedTriangle,data/model1_body_shape\images\04612.png
107.7,104.2,106.4,165.3,Apple,data/model1_body_shape\images\02443.png
104.7,79.0,103.2,160.5,Hourglass,data/model1_body_shape\images\00362.png
111.4,105.8,108.2,158.0,Apple,data/model1_body_shape\images\02349.png
83.1,63.9,88.3,164.5,Hourglass,data/model1_body_shape\images\00345.png
97.3,67.0,98.9,154.8,Hourglass,data/model1_body_shape\images\00814.png
80.6,66.0,80.7,156.4,Rectangle,data/model1_body_shape\images\03205.png
111.8,94.4,101.7,165.9,InvertedTriangle,data/model1_body_shape\images\04160.png
91.7,68.6,78.1,173.1,InvertedTriangle,data/model1_body_shape\images\04795.png
102.6,89.7,105.9,160.1,Rectangle,data/model1_body_shape\images\03325.png
99.5,84.0,88.4,164.2,InvertedTriangle,data/model1_body_shape\images\04106.png
105.5,105.2,102.6,163.7,Apple,data/model1_body_shape\images\02116.png
82.4,77.7,98.1,159.4,Pear,data/model1_body_shape\images\01834.png
104.1,76.3,109.1,166.7,Hourglass,data/model1_body_shape\images\00793.png
102.3,85.7,92.9,152.4,InvertedTriangle,data/model1_body_shape\images\04946.png
98.4,99.1,101.3,174.1,Apple,data/model1_body_shape\images\02674.png
95.3,73.0,100.5,167.9,Hourglass,data/model1_body_shape\images\00094.png
93.0,81.3,93.8,154.5,Rectangle,data/model1_body_shape\images\03756.png
94.8,95.9,98.8,165.2,Apple,data/model1_body_shape\images\02891.png
102.4,96.1,97.6,164.1,Apple,data/model1_body_shape\images\02371.png
103.8,70.5,91.2,165.5,InvertedTriangle,data/model1_body_shape\images\04149.png
109.1,65.4,92.8,163.4,InvertedTriangle,data/model1_body_shape\images\04432.png
98.3,88.6,101.7,159.4,Rectangle,data/model1_body_shape\images\03228.png
86.4,90.7,92.3,159.5,Apple,data/model1_body_shape\images\02853.png
111.1,113.1,106.5,164.2,Apple,data/model1_body_shape\images\02912.png
83.0,68.7,92.6,154.8,Pear,data/model1_body_shape\images\01865.png
82.1,62.4,92.5,149.3,Pear,data/model1_body_shape\images\01857.png
104.2,111.5,110.2,145.6,Apple,data/model1_body_shape\images\02645.png
95.4,88.7,89.9,161.2,Apple,data/model1_body_shape\images\02243.png
94.9,89.9,93.2,154.6,Apple,data/model1_body_shape\images\02336.png
96.9,67.3,95.9,168.3,Hourglass,data/model1_body_shape\images\00950.png
104.0,93.3,109.9,165.2,Rectangle,data/model1_body_shape\images\03068.png
83.5,70.4,95.2,156.7,Pear,data/model1_body_shape\images\01120.png
92.6,91.5,89.5,163.8,Apple,data/model1_body_shape\images\02597.png
110.4,104.3,112.0,145.0,Apple,data/model1_body_shape\images\02204.png
94.1,68.5,94.1,160.7,Hourglass,data/model1_body_shape\images\00419.png
93.4,67.0,95.1,153.0,Hourglass,data/model1_body_shape\images\00922.png
89.8,65.1,103.8,165.8,Pear,data/model1_body_shape\images\01254.png
93.9,65.4,91.5,172.0,Hourglass,data/model1_body_shape\images\00477.png
93.8,90.6,92.3,150.1,Apple,data/model1_body_shape\images\02035.png
91.5,70.3,104.0,164.3,Pear,data/model1_body_shape\images\01202.png
103.8,108.8,105.1,160.7,Apple,data/model1_body_shape\images\02626.png
92.3,85.2,77.6,156.5,InvertedTriangle,data/model1_body_shape\images\04818.png
97.5,93.2,108.7,160.0,Pear,data/model1_body_shape\images\01970.png
80.3,66.5,82.2,157.8,Rectangle,data/model1_body_shape\images\03110.png
101.8,73.3,87.8,149.6,InvertedTriangle,data/model1_body_shape\images\04018.png
109.1,105.3,103.9,156.5,Apple,data/model1_body_shape\images\02151.png
85.5,72.3,82.4,150.5,Rectangle,data/model1_body_shape\images\03687.png
102.1,97.7,117.4,154.7,Pear,data/model1_body_shape\images\01997.png
91.4,67.0,76.8,170.7,InvertedTriangle,data/model1_body_shape\images\04033.png
102.8,91.2,102.2,161.9,Rectangle,data/model1_body_shape\images\03054.png
86.7,62.6,101.0,161.3,Pear,data/model1_body_shape\images\01248.png
100.8,93.7,99.4,163.3,Apple,data/model1_body_shape\images\02192.png
95.4,96.8,92.5,168.7,Apple,data/model1_body_shape\images\02712.png
99.2,76.3,97.5,179.0,Hourglass,data/model1_body_shape\images\00992.png
108.8,114.9,111.4,160.7,Apple,data/model1_body_shape\images\02190.png
89.2,74.9,90.7,157.6,Rectangle,data/model1_body_shape\images\03762.png
103.2,91.3,100.5,149.3,Rectangle,data/model1_body_shape\images\03597.png
85.6,71.2,97.2,162.0,Pear,data/model1_body_shape\images\01318.png
97.7,85.6,107.3,170.0,Pear,data/model1_body_shape\images\01863.png
100.6,106.5,106.0,156.3,Apple,data/model1_body_shape\images\02343.png
87.1,90.9,91.0,154.1,Apple,data/model1_body_shape\images\02449.png
90.2,91.0,86.1,162.8,Apple,data/model1_body_shape\images\02136.png
92.2,73.4,108.5,150.5,Pear,data/model1_body_shape\images\01065.png
96.1,79.0,85.5,156.5,InvertedTriangle,data/model1_body_shape\images\04960.png
97.2,99.2,93.3,169.6,Apple,data/model1_body_shape\images\02621.png
93.5,61.8,92.5,151.3,Hourglass,data/model1_body_shape\images\00077.png
93.7,97.1,99.1,150.2,Apple,data/model1_body_shape\images\02898.png
101.1,90.3,116.2,159.0,Pear,data/model1_body_shape\images\01314.png
110.0,103.6,98.8,167.6,InvertedTriangle,data/model1_body_shape\images\04372.png
86.1,65.8,86.7,160.0,Hourglass,data/model1_body_shape\images\00872.png
99.5,87.5,94.6,158.6,Rectangle,data/model1_body_shape\images\03850.png
94.9,87.2,83.8,158.1,InvertedTriangle,data/model1_body_shape\images\04787.png
102.4,99.6,98.1,159.8,Apple,data/model1_body_shape\images\02965.png
95.9,87.0,96.5,158.6,Rectangle,data/model1_body_shape\images\03391.png
111.3,113.0,110.3,162.9,Apple,data/model1_body_shape\images\02560.png
107.3,79.7,95.4,148.5,InvertedTriangle,data/model1_body_shape\images\04896.png
97.5,101.3,102.4,168.4,Apple,data/model1_body_shape\images\02635.png
91.0,79.8,96.7,169.7,Rectangle,data/model1_body_shape\images\03530.png
85.1,61.5,81.5,146.2,Hourglass,data/model1_body_shape\images\00375.png
92.4,69.0,103.4,156.4,Pear,data/model1_body_shape\images\01908.png
105.6,89.2,91.4,148.4,InvertedTriangle,data/model1_body_shape\images\04332.png
100.3,78.5,88.3,164.1,InvertedTriangle,data/model1_body_shape\images\04379.png
108.5,81.8,97.8,174.6,InvertedTriangle,data/model1_body_shape\images\04027.png
101.9,77.2,118.7,170.9,Pear,data/model1_body_shape\images\01604.png
92.8,83.8,103.5,170.9,Pear,data/model1_body_shape\images\01118.png
104.5,90.6,104.8,166.8,Rectangle,data/model1_body_shape\images\03677.png
91.4,83.2,92.5,162.5,Rectangle,data/model1_body_shape\images\03490.png
94.9,87.1,80.9,170.8,InvertedTriangle,data/model1_body_shape\images\04864.png
103.4,106.5,109.2,145.0,Apple,data/model1_body_shape\images\02958.png
84.1,78.9,96.8,166.1,Pear,data/model1_body_shape\images\01994.png
108.8,72.1,93.6,176.4,InvertedTriangle,data/model1_body_shape\images\04955.png
101.0,77.4,90.6,162.3,InvertedTriangle,data/model1_body_shape\images\04355.png
96.9,92.1,99.5,158.5,Apple,data/model1_body_shape\images\02376.png
100.2,67.9,112.4,155.0,Pear,data/model1_body_shape\images\01342.png
92.8,65.8,93.6,164.1,Hourglass,data/model1_body_shape\images\00320.png
82.9,80.7,94.3,155.0,Pear,data/model1_body_shape\images\01619.png
83.5,74.3,78.1,163.7,Rectangle,data/model1_body_shape\images\03713.png
105.6,105.9,101.0,169.2,Apple,data/model1_body_shape\images\02060.png
87.8,92.4,91.0,155.9,Apple,data/model1_body_shape\images\02219.png
80.3,70.5,94.8,148.4,Pear,data/model1_body_shape\images\01673.png
100.7,64.1,105.0,154.9,Hourglass,data/model1_body_shape\images\00260.png
89.0,76.6,73.1,164.0,InvertedTriangle,data/model1_body_shape\images\04417.png
94.1,93.4,97.5,168.4,Apple,data/model1_body_shape\images\02039.png
83.5,59.6,87.3,168.5,Hourglass,data/model1_body_shape\images\00901.png
101.5,90.7,97.3,159.1,Rectangle,data/model1_body_shape\images\03744.png
91.3,94.8,90.0,157.7,Apple,data/model1_body_shape\images\02026.png
98.4,84.6,108.8,157.9,Pear,data/model1_body_shape\images\01917.png
100.3,72.8,117.6,155.2,Pear,data/model1_body_shape\images\01828.png
99.3,93.1,116.4,174.0,Pear,data/model1_body_shape\images\01573.png
101.1,92.0,90.1,156.6,InvertedTriangle,data/model1_body_shape\images\04394.png
99.4,70.3,83.5,159.0,InvertedTriangle,data/model1_body_shape\images\04208.png
93.6,69.5,99.1,148.8,Hourglass,data/model1_body_shape\images\00224.png
85.7,63.7,82.6,163.7,Hourglass,data/model1_body_shape\images\00723.png
96.7,77.5,84.2,167.6,InvertedTriangle,data/model1_body_shape\images\04485.png
88.5,84.6,103.1,146.9,Pear,data/model1_body_shape\images\01141.png
106.5,101.9,103.4,167.9,Apple,data/model1_body_shape\images\02762.png
83.3,59.1,80.9,150.6,Hourglass,data/model1_body_shape\images\00846.png
97.4,97.3,102.9,165.6,Apple,data/model1_body_shape\images\02551.png
98.7,92.7,96.8,158.6,Apple,data/model1_body_shape\images\02928.png
84.9,59.2,80.5,169.5,Hourglass,data/model1_body_shape\images\00117.png
98.0,74.2,97.5,158.6,Hourglass,data/model1_body_shape\images\00645.png
97.5,67.5,101.3,156.0,Hourglass,data/model1_body_shape\images\00003.png
109.8,67.0,95.2,160.3,InvertedTriangle,data/model1_body_shape\images\04170.png
94.1,65.4,95.8,172.3,Hourglass,data/model1_body_shape\images\00467.png
100.2,79.8,98.4,160.9,Hourglass,data/model1_body_shape\images\00005.png
98.1,73.7,97.4,169.4,Hourglass,data/model1_body_shape\images\00919.png
103.2,103.7,97.4,162.1,Apple,data/model1_body_shape\images\02595.png
79.2,65.3,96.4,176.9,Pear,data/model1_body_shape\images\01063.png
95.9,101.2,101.8,169.3,Apple,data/model1_body_shape\images\02590.png
96.6,66.1,96.2,159.5,Hourglass,data/model1_body_shape\images\00242.png
86.0,64.9,96.0,166.5,Pear,data/model1_body_shape\images\01160.png
90.0,87.5,89.2,169.9,Apple,data/model1_body_shape\images\02870.png
105.5,99.4,109.7,160.5,Rectangle,data/model1_body_shape\images\03735.png
95.4,93.7,98.5,152.0,Apple,data/model1_body_shape\images\02397.png
96.0,81.5,96.7,150.6,Rectangle,data/model1_body_shape\images\03517.png
98.8,88.5,92.9,172.3,Rectangle,data/model1_body_shape\images\03421.png
96.1,98.9,100.2,162.6,Apple,data/model1_body_shape\images\02563.png
105.7,66.8,119.8,162.5,Pear,data/model1_body_shape\images\01605.png
94.1,89.9,76.6,156.4,InvertedTriangle,data/model1_body_shape\images\04828.png
102.4,103.7,102.5,160.7,Apple,data/model1_body_shape\images\02324.png
102.0,97.7,105.7,156.5,Apple,data/model1_body_shape\images\02709.png
104.8,74.7,93.1,152.9,InvertedTriangle,data/model1_body_shape\images\04398.png
87.6,80.5,97.6,155.7,Pear,data/model1_body_shape\images\01312.png
103.2,94.7,107.8,164.1,Rectangle,data/model1_body_shape\images\03448.png
103.0,95.4,105.2,166.2,Rectangle,data/model1_body_shape\images\03812.png
90.4,75.4,75.6,163.8,InvertedTriangle,data/model1_body_shape\images\04655.png
109.0,104.7,107.3,161.5,Apple,data/model1_body_shape\images\02362.png
80.2,70.3,96.5,154.2,Pear,data/model1_body_shape\images\01975.png
93.0,84.2,94.4,169.5,Rectangle,data/model1_body_shape\images\03514.png
90.2,77.0,101.5,152.6,Pear,data/model1_body_shape\images\01761.png
97.8,100.7,98.5,150.6,Apple,data/model1_body_shape\images\02739.png
96.1,88.1,83.3,152.7,InvertedTriangle,data/model1_body_shape\images\04844.png
111.4,103.5,105.6,151.6,Apple,data/model1_body_shape\images\02472.png
90.8,75.6,78.4,167.2,InvertedTriangle,data/model1_body_shape\images\04007.png
77.6,63.6,92.3,169.8,Pear,data/model1_body_shape\images\01493.png
92.4,84.3,75.5,174.1,InvertedTriangle,data/model1_body_shape\images\04206.png
95.3,88.7,91.3,159.1,Apple,data/model1_body_shape\images\02158.png
84.4,80.4,98.9,164.3,Pear,data/model1_body_shape\images\01169.png
89.0,81.7,79.4,153.6,InvertedTriangle,data/model1_body_shape\images\04516.png
87.0,59.3,92.3,160.4,Hourglass,data/model1_body_shape\images\00232.png
104.1,64.9,100.1,161.1,Hourglass,data/model1_body_shape\images\00066.png
90.9,68.7,107.6,150.7,Pear,data/model1_body_shape\images\01603.png
97.4,83.9,99.2,159.3,Rectangle,data/model1_body_shape\images\03283.png
82.4,74.3,85.6,160.9,Rectangle,data/model1_body_shape\images\03596.png
94.5,63.8,98.1,156.0,Hourglass,data/model1_body_shape\images\00125.png
80.8,63.7,94.9,155.9,Pear,data/model1_body_shape\images\01296.png
85.1,75.4,94.4,164.4,Pear,data/model1_body_shape\images\01976.png
107.8,77.0,96.0,165.7,InvertedTriangle,data/model1_body_shape\images\04517.png
89.9,83.1,77.0,168.8,InvertedTriangle,data/model1_body_shape\images\04481.png
100.4,99.6,106.2,161.8,Apple,data/model1_body_shape\images\02075.png
102.2,93.0,97.5,169.3,Rectangle,data/model1_body_shape\images\03086.png
106.9,96.0,97.0,156.7,InvertedTriangle,data/model1_body_shape\images\04345.png
95.4,83.6,94.9,162.6,Rectangle,data/model1_body_shape\images\03345.png
104.5,65.1,87.7,169.4,InvertedTriangle,data/model1_body_shape\images\04464.png
94.3,94.3,99.8,158.0,Apple,data/model1_body_shape\images\02797.png
98.4,60.6,93.2,160.1,Hourglass,data/model1_body_shape\images\00918.png
95.5,74.2,111.7,163.1,Pear,data/model1_body_shape\images\01646.png
92.4,67.5,89.2,167.2,Hourglass,data/model1_body_shape\images\00364.png
97.4,81.3,94.2,161.8,Rectangle,data/model1_body_shape\images\03287.png
95.6,97.8,100.3,158.4,Apple,data/model1_body_shape\images\02125.png
109.1,96.3,94.5,165.0,InvertedTriangle,data/model1_body_shape\images\04123.png
82.3,59.7,87.5,159.6,Hourglass,data/model1_body_shape\images\00525.png
89.2,66.7,89.1,171.4,Hourglass,data/model1_body_shape\images\00055.png
95.4,74.0,98.4,165.9,Hourglass,data/model1_body_shape\images\00638.png
89.6,67.2,90.3,166.4,Hourglass,data/model1_body_shape\images\00302.png
103.8,96.3,99.2,171.7,Apple,data/model1_body_shape\images\02766.png
95.3,72.0,109.4,169.7,Pear,data/model1_body_shape\images\01276.png
88.7,85.6,84.8,159.2,Apple,data/model1_body_shape\images\02055.png
104.3,93.1,107.0,166.2,Rectangle,data/model1_body_shape\images\03644.png
92.7,87.2,76.6,161.7,InvertedTriangle,data/model1_body_shape\images\04143.png
95.9,96.5,95.6,150.8,Apple,data/model1_body_shape\images\02878.png
100.7,83.9,86.2,160.3,InvertedTriangle,data/model1_body_shape\images\04202.png
110.6,104.2,109.2,154.2,Apple,data/model1_body_shape\images\02286.png
111.6,109.6,110.0,152.0,Apple,data/model1_body_shape\images\02261.png
92.3,92.7,90.4,165.9,Apple,data/model1_body_shape\images\02296.png
88.6,78.4,104.0,156.0,Pear,data/model1_body_shape\images\01753.png
97.7,69.2,109.4,166.4,Pear,data/model1_body_shape\images\01968.png
92.5,68.4,81.3,161.1,InvertedTriangle,data/model1_body_shape\images\04351.png
90.6,76.1,85.6,169.1,Rectangle,data/model1_body_shape\images\03117.png
109.3,111.6,104.5,176.1,Apple,data/model1_body_shape\images\02393.png
99.1,65.9,105.0,163.9,Hourglass,data/model1_body_shape\images\00523.png
97.5,85.0,101.8,152.0,Rectangle,data/model1_body_shape\images\03900.png
90.4,81.3,89.5,159.5,Rectangle,data/model1_body_shape\images\03122.png
101.3,81.7,90.6,169.8,InvertedTriangle,data/model1_body_shape\images\04156.png
83.4,65.3,98.0,163.3,Pear,data/model1_body_shape\images\01969.png
93.2,62.0,98.0,158.4,Hourglass,data/model1_body_shape\images\00671.png
89.4,77.6,77.7,169.5,InvertedTriangle,data/model1_body_shape\images\04188.png
99.7,71.8,96.6,161.7,Hourglass,data/model1_body_shape\images\00666.png
97.6,69.6,88.0,145.5,InvertedTriangle,data/model1_body_shape\images\04338.png
81.9,78.1,93.8,163.4,Pear,data/model1_body_shape\images\01887.png
97.1,91.5,102.0,159.9,Rectangle,data/model1_body_shape\images\03266.png
98.5,80.3,100.3,170.6,Hourglass,data/model1_body_shape\images\00280.png
108.1,93.9,119.3,168.2,Pear,data/model1_body_shape\images\01719.png
103.9,102.0,97.9,161.9,Apple,data/model1_body_shape\images\02947.png
98.1,62.2,99.9,173.2,Hourglass,data/model1_body_shape\images\00899.png
108.5,76.5,92.5,157.6,InvertedTriangle,data/model1_body_shape\images\04850.png
86.4,62.6,89.1,159.7,Hourglass,data/model1_body_shape\images\00760.png
76.2,68.0,92.7,168.6,Pear,data/model1_body_shape\images\01906.png
94.5,75.9,79.6,166.5,InvertedTriangle,data/model1_body_shape\images\04042.png
83.8,77.9,89.2,166.9,Rectangle,data/model1_body_shape\images\03823.png
97.3,75.7,80.3,159.6,InvertedTriangle,data/model1_body_shape\images\04138.png
83.2,68.3,82.9,169.1,Rectangle,data/model1_body_shape\images\03818.png
89.4,72.7,79.3,158.0,InvertedTriangle,data/model1_body_shape\images\04300.png
91.1,92.5,89.6,164.5,Apple,data/model1_body_shape\images\02593.png
108.6,71.3,99.6,164.5,InvertedTriangle,data/model1_body_shape\images\04164.png
100.7,89.1,95.4,166.8,Rectangle,data/model1_body_shape\images\03031.png
94.7,85.3,93.6,152.1,Rectangle,data/model1_body_shape\images\03579.png
88.0,90.5,91.8,164.8,Apple,data/model1_body_shape\images\02832.png
98.9,86.3,92.9,175.0,Rectangle,data/model1_body_shape\images\03472.png
86.3,58.5,91.2,151.0,Hourglass,data/model1_body_shape\images\00137.png
92.0,93.3,93.4,155.1,Apple,data/model1_body_shape\images\02180.png
92.8,88.1,94.2,168.4,Apple,data/model1_body_shape\images\02128.png
96.4,84.3,100.9,166.1,Rectangle,data/model1_body_shape\images\03177.png
89.2,67.9,71.7,155.6,InvertedTriangle,data/model1_body_shape\images\04367.png
104.6,77.6,89.1,161.8,InvertedTriangle,data/model1_body_shape\images\04261.png
96.2,82.6,81.4,151.8,InvertedTriangle,data/model1_body_shape\images\04344.png
83.9,79.9,94.2,160.7,Pear,data/model1_body_shape\images\01331.png
106.8,105.8,110.7,165.7,Apple,data/model1_body_shape\images\02017.png
87.0,80.8,84.6,163.7,Apple,data/model1_body_shape\images\02482.png
80.0,63.0,94.7,153.7,Pear,data/model1_body_shape\images\01358.png
93.1,89.0,110.2,150.9,Pear,data/model1_body_shape\images\01329.png
103.1,103.3,102.6,152.6,Apple,data/model1_body_shape\images\02150.png
106.8,110.8,109.3,159.7,Apple,data/model1_body_shape\images\02122.png
88.6,82.6,93.4,168.3,Rectangle,data/model1_body_shape\images\03981.png
91.9,89.9,103.1,169.9,Pear,data/model1_body_shape\images\01252.png
80.0,65.5,80.4,164.9,Rectangle,data/model1_body_shape\images\03278.png
97.1,82.8,98.8,160.2,Rectangle,data/model1_body_shape\images\03374.png
91.7,87.2,93.0,167.2,Apple,data/model1_body_shape\images\02814.png
86.9,71.6,98.7,166.7,Pear,data/model1_body_shape\images\01848.png
103.8,97.1,108.7,166.0,Rectangle,data/model1_body_shape\images\03037.png
103.4,79.6,108.3,169.6,Hourglass,data/model1_body_shape\images\00388.png
102.4,67.0,106.9,165.7,Hourglass,data/model1_body_shape\images\00235.png
81.4,66.1,95.5,154.7,Pear,data/model1_body_shape\images\01077.png
90.6,69.4,107.7,164.6,Pear,data/model1_body_shape\images\01984.png
92.6,74.5,74.8,163.6,InvertedTriangle,data/model1_body_shape\images\04363.png
87.7,78.7,90.1,169.8,Rectangle,data/model1_body_shape\images\03962.png
104.5,64.7,102.1,156.2,Hourglass,data/model1_body_shape\images\00770.png
110.1,112.3,115.9,161.9,Apple,data/model1_body_shape\images\02165.png
102.7,69.8,99.4,157.9,Hourglass,data/model1_body_shape\images\00673.png
85.7,61.8,87.2,166.3,Hourglass,data/model1_body_shape\images\00249.png
85.2,82.3,100.0,152.7,Pear,data/model1_body_shape\images\01574.png
102.8,89.3,101.2,170.1,Rectangle,data/model1_body_shape\images\03419.png
97.2,98.0,98.0,166.2,Apple,data/model1_body_shape\images\02081.png
89.2,62.9,99.4,158.6,Pear,data/model1_body_shape\images\01823.png
104.6,61.0,99.9,161.2,Hourglass,data/model1_body_shape\images\00716.png
107.5,97.4,98.4,156.1,InvertedTriangle,data/model1_body_shape\images\04668.png
105.9,107.1,102.9,155.3,Apple,data/model1_body_shape\images\02048.png
97.6,90.0,85.5,161.1,InvertedTriangle,data/model1_body_shape\images\04178.png
91.7,91.0,92.1,156.3,Apple,data/model1_body_shape\images\02724.png
97.1,83.9,86.0,157.4,InvertedTriangle,data/model1_body_shape\images\04521.png
89.7,82.2,100.7,149.3,Pear,data/model1_body_shape\images\01460.png
93.6,70.1,102.9,161.9,Pear,data/model1_body_shape\images\01668.png
90.5,91.5,94.1,169.3,Apple,data/model1_body_shape\images\02756.png
110.4,104.0,106.3,158.1,Apple,data/model1_body_shape\images\02000.png
90.9,60.2,87.2,158.8,Hourglass,data/model1_body_shape\images\00404.png
87.8,61.7,90.8,162.9,Hourglass,data/model1_body_shape\images\00384.png
93.7,73.0,82.1,172.1,InvertedTriangle,data/model1_body_shape\images\04535.png
90.7,91.5,86.3,164.8,Apple,data/model1_body_shape\images\02152.png
90.2,87.3,99.2,145.0,Pear,data/model1_body_shape\images\01633.png
105.3,88.1,95.2,154.5,InvertedTriangle,data/model1_body_shape\images\04586.png
100.1,87.2,97.9,168.0,Rectangle,data/model1_body_shape\images\03925.png
100.6,91.9,87.5,163.5,InvertedTriangle,data/model1_body_shape\images\04158.png
94.5,62.7,94.1,164.0,Hourglass,data/model1_body_shape\images\00223.png
105.0,105.3,101.1,157.4,Apple,data/model1_body_shape\images\02193.png
98.9,90.9,104.4,148.5,Rectangle,data/model1_body_shape\images\03136.png
104.5,81.8,118.7,161.2,Pear,data/model1_body_shape\images\01824.png
95.9,73.2,86.3,165.3,InvertedTriangle,data/model1_body_shape\images\04600.png
82.3,59.2,79.7,164.6,Hourglass,data/model1_body_shape\images\00797.png
97.5,100.6,98.6,145.0,Apple,data/model1_body_shape\images\02871.png
85.1,60.0,84.8,166.6,Hourglass,data/model1_body_shape\images\00009.png
83.8,76.7,99.3,151.3,Pear,data/model1_body_shape\images\01944.png
97.6,87.7,108.5,169.4,Pear,data/model1_body_shape\images\01838.png
90.8,64.0,93.7,164.5,Hourglass,data/model1_body_shape\images\00255.png
94.8,90.0,85.7,154.3,InvertedTriangle,data/model1_body_shape\images\04508.png
83.4,67.7,100.3,168.3,Pear,data/model1_body_shape\images\01581.png
101.8,108.7,106.5,167.9,Apple,data/model1_body_shape\images\02956.png
88.0,67.1,90.5,157.5,Hourglass,data/model1_body_shape\images\00924.png
90.2,75.0,76.4,160.8,InvertedTriangle,data/model1_body_shape\images\04429.png
108.4,104.9,106.7,155.7,Apple,data/model1_body_shape\images\02508.png
97.6,84.2,94.8,160.1,Rectangle,data/model1_body_shape\images\03775.png
100.7,93.9,83.1,169.2,InvertedTriangle,data/model1_body_shape\images\04136.png
90.3,91.1,85.5,177.9,Apple,data/model1_body_shape\images\02779.png
88.2,59.8,88.2,177.4,Hourglass,data/model1_body_shape\images\00539.png
101.0,96.4,97.8,159.5,Apple,data/model1_body_shape\images\02745.png
100.1,74.4,86.5,161.2,InvertedTriangle,data/model1_body_shape\images\04498.png
107.0,99.9,97.1,157.2,InvertedTriangle,data/model1_body_shape\images\04571.png
89.8,76.2,100.0,156.8,Pear,data/model1_body_shape\images\01145.png
94.3,65.0,99.7,162.0,Hourglass,data/model1_body_shape\images\00667.png
96.3,85.1,92.4,170.1,Rectangle,data/model1_body_shape\images\03019.png
104.5,64.7,110.2,159.7,Hourglass,data/model1_body_shape\images\00357.png
95.7,90.1,95.8,158.8,Apple,data/model1_body_shape\images\02831.png
90.1,92.7,85.2,162.3,Apple,data/model1_body_shape\images\02783.png
95.4,80.1,104.5,176.2,Pear,data/model1_body_shape\images\01353.png
95.3,62.3,89.5,157.5,Hourglass,data/model1_body_shape\images\00470.png
98.1,103.8,100.3,156.1,Apple,data/model1_body_shape\images\02703.png
87.8,78.5,92.3,147.1,Rectangle,data/model1_body_shape\images\03330.png
82.1,73.1,77.5,168.2,Rectangle,data/model1_body_shape\images\03637.png
100.1,83.9,109.2,167.5,Pear,data/model1_body_shape\images\01396.png
96.8,81.1,92.3,149.9,Rectangle,data/model1_body_shape\images\03584.png
98.5,71.6,85.2,165.9,InvertedTriangle,data/model1_body_shape\images\04486.png
96.2,81.0,97.6,158.2,Rectangle,data/model1_body_shape\images\03376.png
83.0,65.1,93.6,158.3,Pear,data/model1_body_shape\images\01256.png
103.7,89.9,98.3,164.8,Rectangle,data/model1_body_shape\images\03512.png
80.5,65.1,97.5,161.6,Pear,data/model1_body_shape\images\01250.png
93.6,86.3,83.7,169.1,InvertedTriangle,data/model1_body_shape\images\04807.png
88.5,84.1,73.0,150.2,InvertedTriangle,data/model1_body_shape\images\04298.png
89.2,78.2,90.9,157.4,Rectangle,data/model1_body_shape\images\03284.png
102.7,95.3,99.6,156.8,Apple,data/model1_body_shape\images\02933.png
101.3,65.4,85.8,160.7,InvertedTriangle,data/model1_body_shape\images\04175.png
87.3,80.2,98.0,172.8,Pear,data/model1_body_shape\images\01852.png
96.1,72.5,84.2,161.7,InvertedTriangle,data/model1_body_shape\images\04869.png
106.1,113.5,110.2,167.1,Apple,data/model1_body_shape\images\02105.png
94.6,60.4,90.6,168.3,Hourglass,data/model1_body_shape\images\00133.png
94.3,67.6,89.3,162.0,Hourglass,data/model1_body_shape\images\00928.png
92.4,71.2,94.9,152.6,Hourglass,data/model1_body_shape\images\00823.png
102.6,79.0,91.2,149.3,InvertedTriangle,data/model1_body_shape\images\04543.png
95.7,73.0,108.9,166.3,Pear,data/model1_body_shape\images\01531.png
86.9,68.1,99.9,167.0,Pear,data/model1_body_shape\images\01214.png
94.7,58.4,95.9,163.4,Hourglass,data/model1_body_shape\images\00504.png
106.7,65.4,91.0,172.0,InvertedTriangle,data/model1_body_shape\images\04285.png
92.2,73.1,107.4,162.1,Pear,data/model1_body_shape\images\01996.png
84.7,68.4,81.0,150.8,Rectangle,data/model1_body_shape\images\03072.png
87.8,75.9,102.7,153.9,Pear,data/model1_body_shape\images\01958.png
77.7,71.3,95.6,150.8,Pear,data/model1_body_shape\images\01384.png
87.9,59.9,84.3,164.7,Hourglass,data/model1_body_shape\images\00894.png
92.8,60.8,89.0,150.4,Hourglass,data/model1_body_shape\images\00455.png
109.8,92.6,96.2,154.1,InvertedTriangle,data/model1_body_shape\images\04879.png
91.5,78.4,85.6,175.7,Rectangle,data/model1_body_shape\images\03709.png
106.9,102.0,91.5,150.8,InvertedTriangle,data/model1_body_shape\images\04618.png
109.3,91.3,99.7,163.9,InvertedTriangle,data/model1_body_shape\images\04268.png
98.7,93.7,103.5,162.7,Rectangle,data/model1_body_shape\images\03522.png
111.6,86.8,100.4,163.8,InvertedTriangle,data/model1_body_shape\images\04134.png
96.5,85.0,97.1,159.6,Rectangle,data/model1_body_shape\images\03602.png
87.2,61.4,84.5,158.3,Hourglass,data/model1_body_shape\images\00713.png
103.4,88.3,85.9,171.5,InvertedTriangle,data/model1_body_shape\images\04186.png
86.2,83.5,84.3,157.9,Apple,data/model1_body_shape\images\02214.png
86.0,82.4,84.2,157.8,Apple,data/model1_body_shape\images\02923.png
101.5,96.1,111.2,163.2,Pear,data/model1_body_shape\images\01810.png
91.2,76.6,85.8,166.8,Rectangle,data/model1_body_shape\images\03486.png
99.8,88.1,95.0,163.0,Rectangle,data/model1_body_shape\images\03141.png
87.3,66.0,97.2,158.0,Pear,data/model1_body_shape\images\01827.png
99.4,65.8,116.4,169.0,Pear,data/model1_body_shape\images\01155.png
84.3,77.7,96.5,167.2,Pear,data/model1_body_shape\images\01324.png
110.2,95.4,94.1,156.2,InvertedTriangle,data/model1_body_shape\images\04312.png
92.9,63.5,97.0,153.1,Hourglass,data/model1_body_shape\images\00510.png
105.7,78.1,119.4,166.4,Pear,data/model1_body_shape\images\01680.png
85.7,58.5,87.9,163.7,Hourglass,data/model1_body_shape\images\00499.png
92.2,67.4,80.9,156.3,InvertedTriangle,data/model1_body_shape\images\04536.png
101.9,91.9,113.5,161.2,Pear,data/model1_body_shape\images\01856.png
99.9,62.3,114.2,154.6,Pear,data/model1_body_shape\images\01388.png
101.5,91.5,105.8,150.9,Rectangle,data/model1_body_shape\images\03719.png
92.1,89.3,86.7,161.9,Apple,data/model1_body_shape\images\02386.png
83.3,71.9,77.4,160.0,Rectangle,data/model1_body_shape\images\03236.png
81.0,68.7,96.1,169.7,Pear,data/model1_body_shape\images\01540.png
101.2,83.3,116.6,162.1,Pear,data/model1_body_shape\images\01217.png
101.2,96.7,98.7,168.4,Apple,data/model1_body_shape\images\02681.png
109.6,107.7,108.3,170.9,Apple,data/model1_body_shape\images\02993.png
100.3,69.6,113.2,157.5,Pear,data/model1_body_shape\images\01191.png
88.5,75.1,98.9,167.0,Pear,data/model1_body_shape\images\01542.png
85.1,70.1,79.2,152.3,Rectangle,data/model1_body_shape\images\03301.png
102.0,93.0,102.0,159.9,Rectangle,data/model1_body_shape\images\03324.png
94.7,96.1,92.0,168.3,Apple,data/model1_body_shape\images\02539.png
96.6,68.5,102.1,153.1,Hourglass,data/model1_body_shape\images\00953.png
101.6,75.7,89.5,160.9,InvertedTriangle,data/model1_body_shape\images\04330.png
100.6,76.6,96.4,159.7,Hourglass,data/model1_body_shape\images\00732.png
81.2,77.7,96.4,174.5,Pear,data/model1_body_shape\images\01156.png
93.3,81.3,94.9,157.3,Rectangle,data/model1_body_shape\images\03294.png
87.6,80.2,86.3,179.3,Apple,data/model1_body_shape\images\02982.png
107.5,103.4,107.5,161.2,Apple,data/model1_body_shape\images\02156.png
87.4,65.0,102.0,164.7,Pear,data/model1_body_shape\images\01062.png
107.9,105.7,109.0,159.5,Apple,data/model1_body_shape\images\02616.png
92.3,70.4,102.5,172.8,Pear,data/model1_body_shape\images\01167.png
93.0,82.4,88.8,169.2,Rectangle,data/model1_body_shape\images\03222.png
95.6,82.0,90.9,149.5,Rectangle,data/model1_body_shape\images\03636.png
99.7,104.4,104.7,162.8,Apple,data/model1_body_shape\images\02938.png
93.5,84.2,79.7,163.4,InvertedTriangle,data/model1_body_shape\images\04491.png
88.4,74.9,84.8,163.3,Rectangle,data/model1_body_shape\images\03140.png
103.8,81.7,104.9,153.3,Hourglass,data/model1_body_shape\images\00143.png
100.0,87.8,95.1,146.1,Rectangle,data/model1_body_shape\images\03577.png
102.0,101.1,105.3,169.9,Apple,data/model1_body_shape\images\02782.png
105.6,76.0,107.0,179.5,Hourglass,data/model1_body_shape\images\00717.png
87.2,71.0,102.1,163.8,Pear,data/model1_body_shape\images\01819.png
103.1,107.1,106.8,165.5,Apple,data/model1_body_shape\images\02502.png
91.2,75.4,76.2,152.7,InvertedTriangle,data/model1_body_shape\images\04360.png
96.7,90.9,79.3,177.5,InvertedTriangle,data/model1_body_shape\images\04171.png
86.7,63.1,81.4,159.4,Hourglass,data/model1_body_shape\images\00395.png
99.4,67.5,83.3,151.3,InvertedTriangle,data/model1_body_shape\images\04836.png
97.2,69.4,82.3,162.5,InvertedTriangle,data/model1_body_shape\images\04492.png
91.4,69.0,100.6,157.6,Pear,data/model1_body_shape\images\01365.png
111.8,66.5,98.1,171.1,InvertedTriangle,data/model1_body_shape\images\04558.png
86.5,61.4,82.0,166.6,Hourglass,data/model1_body_shape\images\00595.png
89.9,78.0,85.9,170.5,Rectangle,data/model1_body_shape\images\03952.png
101.1,105.0,100.2,160.1,Apple,data/model1_body_shape\images\02914.png
109.1,109.5,104.1,171.0,Apple,data/model1_body_shape\images\02326.png
103.2,86.6,100.4,157.5,Rectangle,data/model1_body_shape\images\03766.png
102.4,92.1,101.8,167.3,Rectangle,data/model1_body_shape\images\03440.png
83.3,73.3,84.9,167.2,Rectangle,data/model1_body_shape\images\03851.png
99.8,89.2,90.0,165.7,InvertedTriangle,data/model1_body_shape\images\04132.png
109.8,79.8,95.8,166.8,InvertedTriangle,data/model1_body_shape\images\04591.png
96.2,88.8,96.6,164.2,Apple,data/model1_body_shape\images\02143.png
93.0,83.7,106.3,162.3,Pear,data/model1_body_shape\images\01571.png
109.7,98.7,98.7,154.7,InvertedTriangle,data/model1_body_shape\images\04079.png
97.0,86.2,113.7,167.4,Pear,data/model1_body_shape\images\01122.png
93.6,96.3,96.2,175.6,Apple,data/model1_body_shape\images\02786.png
111.8,115.9,115.9,161.7,Apple,data/model1_body_shape\images\02967.png
89.9,93.9,91.5,162.6,Apple,data/model1_body_shape\images\02504.png
85.3,76.7,89.8,158.8,Rectangle,data/model1_body_shape\images\03465.png
90.5,60.3,89.5,152.0,Hourglass,data/model1_body_shape\images\00675.png
91.8,83.9,90.0,167.3,Apple,data/model1_body_shape\images\02808.png
83.9,75.1,84.1,169.1,Rectangle,data/model1_body_shape\images\03348.png
93.3,59.3,91.2,148.7,Hourglass,data/model1_body_shape\images\00728.png
91.6,59.6,86.0,162.3,Hourglass,data/model1_body_shape\images\00412.png
104.0,91.9,99.7,159.0,Rectangle,data/model1_body_shape\images\03146.png
109.3,78.6,119.4,170.5,Pear,data/model1_body_shape\images\01516.png
87.4,61.1,92.7,164.4,Hourglass,data/model1_body_shape\images\00825.png
91.5,79.4,96.1,164.8,Rectangle,data/model1_body_shape\images\03267.png
98.4,88.8,104.3,172.5,Rectangle,data/model1_body_shape\images\03974.png
87.6,60.3,82.9,154.9,Hourglass,data/model1_body_shape\images\00616.png
95.7,72.6,91.5,159.6,Hourglass,data/model1_body_shape\images\00114.png
103.0,78.1,103.4,165.5,Hourglass,data/model1_body_shape\images\00417.png
84.5,76.8,85.9,163.3,Rectangle,data/model1_body_shape\images\03069.png
83.8,69.5,94.2,152.2,Pear,data/model1_body_shape\images\01625.png
97.2,84.4,79.3,167.5,InvertedTriangle,data/model1_body_shape\images\04950.png
99.4,82.4,86.9,156.7,InvertedTriangle,data/model1_body_shape\images\04185.png
97.9,97.2,99.9,163.2,Apple,data/model1_body_shape\images\02896.png
102.7,74.3,86.5,162.6,InvertedTriangle,data/model1_body_shape\images\04671.png
97.6,92.8,100.1,169.7,Apple,data/model1_body_shape\images\02082.png
82.1,59.5,78.3,161.8,Hourglass,data/model1_body_shape\images\00753.png
87.7,83.3,84.6,165.6,Apple,data/model1_body_shape\images\02546.png
99.5,87.8,98.8,176.8,Rectangle,data/model1_body_shape\images\03969.png
100.4,89.4,102.3,163.9,Rectangle,data/model1_body_shape\images\03373.png
111.3,68.6,94.7,171.0,InvertedTriangle,data/model1_body_shape\images\04107.png
92.6,91.3,95.0,163.3,Apple,data/model1_body_shape\images\02444.png
89.3,66.8,73.8,170.8,InvertedTriangle,data/model1_body_shape\images\04380.png
94.7,83.1,108.5,148.1,Pear,data/model1_body_shape\images\01066.png
80.1,66.1,82.2,169.1,Rectangle,data/model1_body_shape\images\03913.png
100.6,91.0,97.8,160.1,Rectangle,data/model1_body_shape\images\03498.png
99.8,107.1,104.2,160.6,Apple,data/model1_body_shape\images\02738.png
92.5,83.6,78.0,161.3,InvertedTriangle,data/model1_body_shape\images\04000.png
86.1,81.1,98.5,171.3,Pear,data/model1_body_shape\images\01568.png
103.2,101.4,99.9,160.7,Apple,data/model1_body_shape\images\02427.png
100.7,92.2,101.6,173.6,Rectangle,data/model1_body_shape\images\03746.png
94.7,82.2,82.8,154.1,InvertedTriangle,data/model1_body_shape\images\04639.png
97.2,74.6,110.6,160.7,Pear,data/model1_body_shape\images\01687.png
87.9,61.9,82.9,154.9,Hourglass,data/model1_body_shape\images\00851.png
89.7,80.6,94.3,152.0,Rectangle,data/model1_body_shape\images\03546.png
89.9,70.3,91.2,172.9,Hourglass,data/model1_body_shape\images\00895.png
105.1,89.0,95.0,163.6,InvertedTriangle,data/model1_body_shape\images\04592.png
84.8,65.4,88.4,164.8,Hourglass,data/model1_body_shape\images\00335.png
108.1,103.4,105.9,159.8,Apple,data/model1_body_shape\images\02839.png
93.1,76.2,88.3,159.2,Rectangle,data/model1_body_shape\images\03087.png
96.6,76.4,108.8,162.9,Pear,data/model1_body_shape\images\01348.png
86.2,69.2,97.2,163.9,Pear,data/model1_body_shape\images\01015.png
87.5,91.1,86.6,158.8,Apple,data/model1_body_shape\images\02816.png
95.5,92.2,113.2,150.8,Pear,data/model1_body_shape\images\01631.png
105.5,101.6,108.2,148.9,Apple,data/model1_body_shape\images\02489.png
95.3,86.7,99.9,155.1,Rectangle,data/model1_body_shape\images\03730.png
99.8,87.1,98.5,158.8,Rectangle,data/model1_body_shape\images\03251.png
110.7,76.7,95.7,160.5,InvertedTriangle,data/model1_body_shape\images\04634.png
107.6,107.3,107.8,160.3,Apple,data/model1_body_shape\images\02070.png
100.7,65.3,90.5,178.9,InvertedTriangle,data/model1_body_shape\images\04452.png
95.4,73.0,78.0,153.9,InvertedTriangle,data/model1_body_shape\images\04882.png
96.5,73.3,114.5,170.7,Pear,data/model1_body_shape\images\01635.png
95.0,88.7,93.4,169.7,Apple,data/model1_body_shape\images\02479.png
92.7,89.4,94.0,160.5,Apple,data/model1_body_shape\images\02265.png
104.2,108.0,107.0,153.5,Apple,data/model1_body_shape\images\02959.png
96.1,77.1,84.3,167.3,InvertedTriangle,data/model1_body_shape\images\04731.png
82.7,68.9,81.0,158.1,Rectangle,data/model1_body_shape\images\03059.png
108.5,106.8,108.6,162.3,Apple,data/model1_body_shape\images\02141.png
86.7,72.4,83.9,149.1,Rectangle,data/model1_body_shape\images\03118.png
111.7,75.8,96.8,169.9,InvertedTriangle,data/model1_body_shape\images\04725.png
109.0,85.8,93.2,146.8,InvertedTriangle,data/model1_body_shape\images\04045.png
94.9,85.9,96.2,159.3,Rectangle,data/model1_body_shape\images\03356.png
92.7,90.9,97.9,158.1,Apple,data/model1_body_shape\images\02744.png
103.4,93.4,100.9,165.9,Rectangle,data/model1_body_shape\images\03506.png
90.8,77.6,103.0,167.0,Pear,data/model1_body_shape\images\01679.png
102.1,74.6,84.2,166.7,InvertedTriangle,data/model1_body_shape\images\04249.png
84.7,73.0,79.9,174.6,Rectangle,data/model1_body_shape\images\03147.png
86.8,83.2,83.8,172.0,Apple,data/model1_body_shape\images\02294.png
90.9,59.0,91.7,165.1,Hourglass,data/model1_body_shape\images\00580.png
96.0,85.9,105.0,165.8,Pear,data/model1_body_shape\images\01470.png
99.8,74.4,88.1,164.8,InvertedTriangle,data/model1_body_shape\images\04070.png
99.2,84.1,94.9,160.7,Rectangle,data/model1_body_shape\images\03343.png
94.4,86.8,84.6,160.0,InvertedTriangle,data/model1_body_shape\images\04583.png
83.1,74.7,86.9,171.4,Rectangle,data/model1_body_shape\images\03672.png
96.1,68.5,101.7,158.8,Hourglass,data/model1_body_shape\images\00559.png
102.2,97.2,103.7,155.5,Apple,data/model1_body_shape\images\02849.png
94.1,63.6,89.2,165.3,Hourglass,data/model1_body_shape\images\00512.png
87.4,79.4,100.8,172.6,Pear,data/model1_body_shape\images\01081.png
86.0,80.9,96.4,159.0,Pear,data/model1_body_shape\images\01664.png
84.1,68.2,99.7,164.0,Pear,data/model1_body_shape\images\01012.png
84.9,76.5,102.6,168.5,Pear,data/model1_body_shape\images\01931.png
81.4,74.0,93.5,164.0,Pear,data/model1_body_shape\images\01150.png
100.0,94.9,98.1,162.4,Apple,data/model1_body_shape\images\02838.png
85.6,61.9,85.7,175.7,Hourglass,data/model1_body_shape\images\00116.png
87.8,61.6,82.5,163.6,Hourglass,data/model1_body_shape\images\00740.png
101.9,96.7,85.3,173.3,InvertedTriangle,data/model1_body_shape\images\04806.png
80.2,70.4,85.3,174.7,Rectangle,data/model1_body_shape\images\03675.png
91.4,59.1,85.8,154.1,Hourglass,data/model1_body_shape\images\00830.png
91.8,65.3,88.4,154.2,Hourglass,data/model1_body_shape\images\00119.png
100.4,67.6,86.2,172.9,InvertedTriangle,data/model1_body_shape\images\04853.png
102.4,74.9,88.5,170.8,InvertedTriangle,data/model1_body_shape\images\04738.png
82.7,62.6,84.2,172.7,Hourglass,data/model1_body_shape\images\00635.png
104.2,70.0,92.6,168.0,InvertedTriangle,data/model1_body_shape\images\04465.png
92.1,84.7,74.1,158.6,InvertedTriangle,data/model1_body_shape\images\04364.png
91.6,74.6,74.8,158.6,InvertedTriangle,data/model1_body_shape\images\04142.png
84.3,60.6,83.7,154.7,Hourglass,data/model1_body_shape\images\00991.png
85.9,65.9,88.4,172.2,Hourglass,data/model1_body_shape\images\00876.png
95.3,69.6,90.1,161.7,Hourglass,data/model1_body_shape\images\00004.png
98.0,85.4,100.6,162.2,Rectangle,data/model1_body_shape\images\03051.png
99.5,86.8,101.2,157.0,Rectangle,data/model1_body_shape\images\03124.png
93.3,87.3,87.7,152.7,Apple,data/model1_body_shape\images\02660.png
86.4,85.9,86.4,157.3,Apple,data/model1_body_shape\images\02491.png
82.8,66.3,83.0,169.6,Rectangle,data/model1_body_shape\images\03854.png
97.0,91.2,112.7,165.7,Pear,data/model1_body_shape\images\01715.png
90.5,69.0,101.3,162.5,Pear,data/model1_body_shape\images\01148.png
93.4,83.8,88.8,148.9,Rectangle,data/model1_body_shape\images\03261.png
86.3,60.5,84.6,166.3,Hourglass,data/model1_body_shape\images\00574.png
101.3,85.7,98.0,172.2,Rectangle,data/model1_body_shape\images\03769.png
94.7,88.9,99.0,156.4,Rectangle,data/model1_body_shape\images\03736.png
101.0,80.7,90.5,154.6,InvertedTriangle,data/model1_body_shape\images\04146.png
86.5,59.8,81.0,162.2,Hourglass,data/model1_body_shape\images\00853.png
77.9,62.8,94.6,168.8,Pear,data/model1_body_shape\images\01982.png
104.2,108.5,109.3,163.9,Apple,data/model1_body_shape\images\02774.png
95.9,76.2,113.7,150.1,Pear,data/model1_body_shape\images\01166.png
89.3,65.3,89.5,163.6,Hourglass,data/model1_body_shape\images\00971.png
92.0,94.4,92.2,162.1,Apple,data/model1_body_shape\images\02701.png
104.3,73.2,92.2,156.6,InvertedTriangle,data/model1_body_shape\images\04495.png
104.1,90.3,106.4,169.7,Rectangle,data/model1_body_shape\images\03847.png
111.6,114.4,117.1,164.5,Apple,data/model1_body_shape\images\02368.png
88.7,84.7,73.2,157.3,InvertedTriangle,data/model1_body_shape\images\04115.png
111.1,98.1,99.5,169.0,InvertedTriangle,data/model1_body_shape\images\04131.png
94.2,97.9,92.9,155.1,Apple,data/model1_body_shape\images\02950.png
94.5,61.3,94.9,168.8,Hourglass,data/model1_body_shape\images\00524.png
107.5,110.9,109.3,168.7,Apple,data/model1_body_shape\images\02455.png
84.2,67.7,95.0,145.6,Pear,data/model1_body_shape\images\01841.png
92.2,62.4,96.8,163.5,Hourglass,data/model1_body_shape\images\00537.png
108.8,103.5,102.9,163.9,Apple,data/model1_body_shape\images\02806.png
106.7,84.2,97.0,159.4,InvertedTriangle,data/model1_body_shape\images\04341.png
100.3,88.8,103.6,158.9,Rectangle,data/model1_body_shape\images\03175.png
98.6,61.3,93.7,174.8,Hourglass,data/model1_body_shape\images\00784.png
94.6,83.2,77.6,164.6,InvertedTriangle,data/model1_body_shape\images\04057.png
106.8,86.8,117.3,161.5,Pear,data/model1_body_shape\images\01409.png
105.2,108.8,107.9,166.9,Apple,data/model1_body_shape\images\02537.png
100.7,82.2,100.5,163.7,Hourglass,data/model1_body_shape\images\00154.png
98.6,89.2,95.0,156.3,Rectangle,data/model1_body_shape\images\03009.png
83.3,65.1,97.3,159.5,Pear,data/model1_body_shape\images\01686.png
101.5,97.8,103.4,172.7,Apple,data/model1_body_shape\images\02901.png
111.6,69.2,98.6,155.1,InvertedTriangle,data/model1_body_shape\images\04949.png
104.7,93.8,102.1,162.5,Rectangle,data/model1_body_shape\images\03863.png
93.5,98.1,99.2,162.5,Apple,data/model1_body_shape\images\02733.png
93.2,88.7,102.4,172.3,Pear,data/model1_body_shape\images\01895.png
89.4,58.4,87.0,150.9,Hourglass,data/model1_body_shape\images\00569.png
84.0,69.9,93.3,158.9,Pear,data/model1_body_shape\images\01816.png
108.5,108.9,105.1,171.2,Apple,data/model1_body_shape\images\02065.png
83.3,59.6,80.7,159.8,Hourglass,data/model1_body_shape\images\00127.png
85.4,72.8,81.8,154.0,Rectangle,data/model1_body_shape\images\03394.png
97.6,84.5,92.5,166.2,Rectangle,data/model1_body_shape\images\03327.png
93.5,78.7,75.7,167.3,InvertedTriangle,data/model1_body_shape\images\04986.png
93.8,88.1,89.1,157.4,Apple,data/model1_body_shape\images\02975.png
105.0,78.7,110.3,173.5,Hourglass,data/model1_body_shape\images\00980.png
98.2,105.3,102.4,175.9,Apple,data/model1_body_shape\images\02300.png
82.8,59.3,78.1,169.0,Hourglass,data/model1_body_shape\images\00190.png
90.3,67.3,105.9,159.8,Pear,data/model1_body_shape\images\01139.png
92.4,62.7,97.5,167.3,Hourglass,data/model1_body_shape\images\00699.png
88.1,74.9,76.2,166.9,InvertedTriangle,data/model1_body_shape\images\04780.png
85.8,61.4,82.3,155.8,Hourglass,data/model1_body_shape\images\00606.png
108.3,85.3,92.6,169.6,InvertedTriangle,data/model1_body_shape\images\04276.png
95.5,62.9,94.1,164.9,Hourglass,data/model1_body_shape\images\00301.png
84.2,71.5,85.3,158.2,Rectangle,data/model1_body_shape\images\03420.png
104.3,75.5,91.0,149.1,InvertedTriangle,data/model1_body_shape\images\04820.png
105.2,63.7,116.1,164.4,Pear,data/model1_body_shape\images\01060.png
94.1,97.9,96.7,150.0,Apple,data/model1_body_shape\images\02565.png
97.0,66.8,84.7,155.6,InvertedTriangle,data/model1_body_shape\images\04994.png
95.9,87.4,109.6,161.1,Pear,data/model1_body_shape\images\01069.png
109.1,103.7,105.3,156.3,Apple,data/model1_body_shape\images\02524.png
87.2,89.7,88.4,163.1,Apple,data/model1_body_shape\images\02205.png
94.9,74.4,110.2,170.3,Pear,data/model1_body_shape\images\01243.png
97.2,69.9,97.9,167.6,Hourglass,data/model1_body_shape\images\00016.png
89.1,81.7,95.0,160.5,Rectangle,data/model1_body_shape\images\03120.png
110.7,69.3,99.3,158.0,InvertedTriangle,data/model1_body_shape\images\04642.png
92.4,68.5,90.6,170.5,Hourglass,data/model1_body_shape\images\00815.png
85.6,76.1,84.7,177.0,Rectangle,data/model1_body_shape\images\03067.png
89.8,69.7,74.2,168.1,InvertedTriangle,data/model1_body_shape\images\04784.png
88.2,63.7,89.6,149.0,Hourglass,data/model1_body_shape\images\00959.png
84.7,59.7,81.7,161.3,Hourglass,data/model1_body_shape\images\00225.png
89.6,79.7,92.6,157.1,Rectangle,data/model1_body_shape\images\03354.png
88.7,91.8,90.3,163.4,Apple,data/model1_body_shape\images\02485.png
85.0,62.6,88.1,157.5,Hourglass,data/model1_body_shape\images\00562.png
95.9,82.8,98.8,160.9,Rectangle,data/model1_body_shape\images\03436.png
98.5,91.7,107.6,149.3,Pear,data/model1_body_shape\images\01693.png
81.1,65.2,95.2,157.5,Pear,data/model1_body_shape\images\01045.png
89.2,76.8,89.2,148.2,Rectangle,data/model1_body_shape\images\03446.png
96.4,78.1,79.9,154.4,InvertedTriangle,data/model1_body_shape\images\04565.png
98.9,63.6,95.8,167.3,Hourglass,data/model1_body_shape\images\00954.png
89.6,78.1,74.1,159.4,InvertedTriangle,data/model1_body_shape\images\04985.png
110.3,117.1,115.9,168.4,Apple,data/model1_body_shape\images\02735.png
106.1,92.4,96.8,176.7,InvertedTriangle,data/model1_body_shape\images\04903.png
91.8,75.0,82.7,170.8,InvertedTriangle,data/model1_body_shape\images\04735.png
103.2,98.4,90.8,176.6,InvertedTriangle,data/model1_body_shape\images\04823.png
80.3,65.5,95.4,145.0,Pear,data/model1_body_shape\images\01218.png
99.0,74.6,114.5,160.7,Pear,data/model1_body_shape\images\01527.png
91.2,76.7,90.6,156.5,Rectangle,data/model1_body_shape\images\03987.png
87.2,72.1,97.2,167.6,Pear,data/model1_body_shape\images\01300.png
104.5,67.3,89.8,164.5,InvertedTriangle,data/model1_body_shape\images\04891.png
96.9,58.1,101.2,163.9,Hourglass,data/model1_body_shape\images\00160.png
99.6,67.2,81.7,159.6,InvertedTriangle,data/model1_body_shape\images\04067.png
87.3,62.9,90.9,167.3,Hourglass,data/model1_body_shape\images\00956.png
105.4,93.1,109.1,163.5,Rectangle,data/model1_body_shape\images\03791.png
81.8,68.5,80.2,174.0,Rectangle,data/model1_body_shape\images\03234.png
108.1,105.9,108.6,163.6,Apple,data/model1_body_shape\images\02869.png
96.8,86.0,99.0,163.6,Rectangle,data/model1_body_shape\images\03777.png
109.9,76.9,95.5,170.5,InvertedTriangle,data/model1_body_shape\images\04433.png
107.7,110.3,111.1,163.8,Apple,data/model1_body_shape\images\02961.png
98.3,95.2,93.4,163.3,Apple,data/model1_body_shape\images\02200.png
101.8,68.7,99.4,156.4,Hourglass,data/model1_body_shape\images\00098.png
99.2,99.6,94.7,163.0,Apple,data/model1_body_shape\images\02557.png
93.8,79.0,90.1,160.3,Rectangle,data/model1_body_shape\images\03183.png
92.8,70.6,97.5,166.2,Hourglass,data/model1_body_shape\images\00253.png
88.5,77.9,94.1,164.4,Rectangle,data/model1_body_shape\images\03923.png
104.6,91.2,88.2,177.2,InvertedTriangle,data/model1_body_shape\images\04199.png
94.9,84.3,111.5,172.7,Pear,data/model1_body_shape\images\01445.png
85.2,62.5,94.8,160.5,Pear,data/model1_body_shape\images\01648.png
110.2,97.1,93.5,161.8,InvertedTriangle,data/model1_body_shape\images\04682.png
90.2,65.3,79.5,170.2,InvertedTriangle,data/model1_body_shape\images\04723.png
80.2,67.2,81.9,162.0,Rectangle,data/model1_body_shape\images\03991.png
92.0,87.0,109.8,165.6,Pear,data/model1_body_shape\images\01696.png
105.3,90.2,101.0,161.1,Rectangle,data/model1_body_shape\images\03191.png
111.5,88.9,97.7,161.3,InvertedTriangle,data/model1_body_shape\images\04499.png
104.3,67.0,114.5,159.9,Pear,data/model1_body_shape\images\01154.png
92.9,95.1,96.8,156.4,Apple,data/model1_body_shape\images\02255.png
88.2,63.5,102.8,162.6,Pear,data/model1_body_shape\images\01682.png
88.5,73.8,89.7,155.3,Rectangle,data/model1_body_shape\images\03170.png
95.1,96.0,92.1,166.8,Apple,data/model1_body_shape\images\02056.png
110.7,106.1,96.1,161.8,InvertedTriangle,data/model1_body_shape\images\04090.png
85.3,72.7,84.1,169.6,Rectangle,data/model1_body_shape\images\03108.png
97.7,73.0,83.7,172.5,InvertedTriangle,data/model1_body_shape\images\04548.png
82.7,72.1,80.3,174.4,Rectangle,data/model1_body_shape\images\03723.png
95.5,97.5,90.5,157.6,Apple,data/model1_body_shape\images\02049.png
83.3,74.9,85.0,157.1,Rectangle,data/model1_body_shape\images\03643.png
103.2,89.6,87.8,161.0,InvertedTriangle,data/model1_body_shape\images\04927.png
92.1,59.1,87.5,153.2,Hourglass,data/model1_body_shape\images\00623.png
98.2,62.5,103.1,166.3,Hourglass,data/model1_body_shape\images\00262.png
81.6,75.6,87.1,164.5,Rectangle,data/model1_body_shape\images\03369.png
97.8,75.6,86.3,159.9,InvertedTriangle,data/model1_body_shape\images\04061.png
98.3,73.0,107.7,161.7,Pear,data/model1_body_shape\images\01802.png
89.7,77.1,77.4,152.0,InvertedTriangle,data/model1_body_shape\images\04736.png
104.5,65.4,89.3,159.7,InvertedTriangle,data/model1_body_shape\images\04992.png
95.5,101.2,100.8,162.9,Apple,data/model1_body_shape\images\02385.png
107.1,77.5,118.8,169.2,Pear,data/model1_body_shape\images\01959.png
103.3,103.5,108.4,151.8,Apple,data/model1_body_shape\images\02976.png
99.8,71.6,94.7,148.5,Hourglass,data/model1_body_shape\images\00488.png
91.4,84.8,108.8,158.7,Pear,data/model1_body_shape\images\01843.png
83.5,67.0,93.6,157.7,Pear,data/model1_body_shape\images\01734.png
104.2,106.5,100.4,162.1,Apple,data/model1_body_shape\images\02911.png
99.0,84.6,100.0,158.4,Rectangle,data/model1_body_shape\images\03219.png
86.6,62.5,80.9,165.8,Hourglass,data/model1_body_shape\images\00146.png
101.2,98.0,115.5,154.7,Pear,data/model1_body_shape\images\01986.png
108.9,70.7,119.5,160.1,Pear,data/model1_body_shape\images\01369.png
87.2,94.7,91.1,169.5,Apple,data/model1_body_shape\images\02811.png
95.6,61.4,90.8,171.9,Hourglass,data/model1_body_shape\images\00659.png
85.1,74.8,97.5,158.0,Pear,data/model1_body_shape\images\01794.png
87.9,81.0,84.6,162.1,Apple,data/model1_body_shape\images\02511.png
88.5,75.6,84.5,154.8,Rectangle,data/model1_body_shape\images\03397.png
99.8,75.6,87.9,168.2,InvertedTriangle,data/model1_body_shape\images\04282.png
107.2,88.9,117.2,167.5,Pear,data/model1_body_shape\images\01147.png
89.2,79.9,86.0,154.0,Rectangle,data/model1_body_shape\images\03272.png
96.0,72.4,97.9,164.0,Hourglass,data/model1_body_shape\images\00608.png
102.8,92.0,97.4,159.1,Rectangle,data/model1_body_shape\images\03582.png
101.7,81.0,113.4,152.9,Pear,data/model1_body_shape\images\01930.png
90.3,59.4,84.5,153.0,Hourglass,data/model1_body_shape\images\00197.png
91.1,98.8,95.3,174.8,Apple,data/model1_body_shape\images\02931.png
100.9,104.9,97.5,159.9,Apple,data/model1_body_shape\images\02327.png
94.3,85.3,83.1,165.0,InvertedTriangle,data/model1_body_shape\images\04389.png
105.1,59.4,104.7,156.7,Hourglass,data/model1_body_shape\images\00766.png
94.7,74.5,84.4,152.3,InvertedTriangle,data/model1_body_shape\images\04496.png
106.1,86.0,95.3,167.8,InvertedTriangle,data/model1_body_shape\images\04218.png
83.3,67.1,82.3,157.9,Rectangle,data/model1_body_shape\images\03255.png
103.5,72.8,108.1,154.4,Hourglass,data/model1_body_shape\images\00202.png
94.8,84.8,98.8,158.6,Rectangle,data/model1_body_shape\images\03510.png
95.2,63.7,109.6,162.3,Pear,data/model1_body_shape\images\01733.png
96.6,96.5,92.0,151.7,Apple,data/model1_body_shape\images\02777.png
97.7,89.0,110.3,155.1,Pear,data/model1_body_shape\images\01707.png
86.5,74.1,86.0,171.7,Rectangle,data/model1_body_shape\images\03474.png
90.1,68.7,92.2,160.2,Hourglass,data/model1_body_shape\images\00854.png
105.5,95.7,94.5,165.4,InvertedTriangle,data/model1_body_shape\images\04737.png
106.4,87.9,96.3,170.7,InvertedTriangle,data/model1_body_shape\images\04097.png
96.9,89.4,92.5,156.7,Apple,data/model1_body_shape\images\02160.png
82.7,59.9,83.4,169.6,Hourglass,data/model1_body_shape\images\00698.png
101.4,96.3,86.7,145.3,InvertedTriangle,data/model1_body_shape\images\04947.png
108.8,108.9,106.7,159.9,Apple,data/model1_body_shape\images\02999.png
102.0,92.0,101.0,158.7,Rectangle,data/model1_body_shape\images\03696.png
89.6,72.1,99.5,160.6,Pear,data/model1_body_shape\images\01636.png
95.3,86.9,99.5,165.8,Rectangle,data/model1_body_shape\images\03457.png
98.2,86.7,96.3,168.7,Rectangle,data/model1_body_shape\images\03581.png
88.7,66.2,99.2,155.1,Pear,data/model1_body_shape\images\01291.png
99.4,72.2,86.5,155.2,InvertedTriangle,data/model1_body_shape\images\04659.png
80.6,67.9,97.0,156.0,Pear,data/model1_body_shape\images\01853.png
89.5,74.2,89.6,154.5,Rectangle,data/model1_body_shape\images\03763.png
85.3,75.1,90.7,160.6,Rectangle,data/model1_body_shape\images\03304.png
96.4,89.8,83.8,169.1,InvertedTriangle,data/model1_body_shape\images\04912.png
94.2,83.3,92.1,168.0,Rectangle,data/model1_body_shape\images\03743.png
88.4,75.3,90.8,176.3,Rectangle,data/model1_body_shape\images\03445.png
96.4,85.0,108.2,161.7,Pear,data/model1_body_shape\images\01998.png
93.3,66.7,94.3,168.5,Hourglass,data/model1_body_shape\images\00663.png
94.1,74.8,80.0,168.6,InvertedTriangle,data/model1_body_shape\images\04779.png
90.2,76.3,93.1,154.4,Rectangle,data/model1_body_shape\images\03748.png
94.4,77.5,76.6,172.0,InvertedTriangle,data/model1_body_shape\images\04413.png
90.9,78.9,78.6,145.0,InvertedTriangle,data/model1_body_shape\images\04744.png
99.9,67.7,99.4,160.2,Hourglass,data/model1_body_shape\images\00709.png
94.6,73.2,110.2,171.6,Pear,data/model1_body_shape\images\01282.png
102.2,97.2,99.3,170.1,Apple,data/model1_body_shape\images\02675.png
110.9,101.9,96.9,153.4,InvertedTriangle,data/model1_body_shape\images\04029.png
96.0,66.9,110.2,160.7,Pear,data/model1_body_shape\images\01306.png
111.3,115.3,115.5,160.2,Apple,data/model1_body_shape\images\02237.png
85.9,74.4,86.1,158.6,Rectangle,data/model1_body_shape\images\03302.png
108.2,106.0,109.0,158.5,Apple,data/model1_body_shape\images\02038.png
74.7,69.4,92.1,169.2,Pear,data/model1_body_shape\images\01529.png
95.3,78.7,105.8,151.1,Pear,data/model1_body_shape\images\01663.png
105.6,88.3,88.0,161.3,InvertedTriangle,data/model1_body_shape\images\04934.png
101.8,97.5,88.4,145.0,InvertedTriangle,data/model1_body_shape\images\04953.png
101.3,87.1,95.8,151.8,Rectangle,data/model1_body_shape\images\03627.png
104.8,104.9,109.6,161.3,Apple,data/model1_body_shape\images\02693.png
95.3,80.1,91.0,154.6,Rectangle,data/model1_body_shape\images\03060.png
88.7,82.7,105.9,166.4,Pear,data/model1_body_shape\images\01597.png
105.9,109.3,106.4,166.6,Apple,data/model1_body_shape\images\02729.png
96.8,94.5,96.9,167.9,Apple,data/model1_body_shape\images\02625.png
86.7,75.8,87.0,164.3,Rectangle,data/model1_body_shape\images\03157.png
100.4,90.5,101.7,156.3,Rectangle,data/model1_body_shape\images\03314.png
91.9,78.6,105.8,162.2,Pear,data/model1_body_shape\images\01722.png
95.2,76.9,113.2,156.8,Pear,data/model1_body_shape\images\01059.png
107.6,101.2,92.8,157.2,InvertedTriangle,data/model1_body_shape\images\04636.png
94.7,82.1,93.5,155.5,Rectangle,data/model1_body_shape\images\03242.png
93.5,76.0,110.0,168.2,Pear,data/model1_body_shape\images\01678.png
93.9,84.3,109.7,166.4,Pear,data/model1_body_shape\images\01757.png
106.9,77.5,96.5,169.8,InvertedTriangle,data/model1_body_shape\images\04191.png
102.9,74.5,104.4,162.6,Hourglass,data/model1_body_shape\images\00563.png
102.8,104.2,106.6,174.9,Apple,data/model1_body_shape\images\02790.png
98.9,70.9,103.0,167.0,Hourglass,data/model1_body_shape\images\00863.png
101.1,67.9,113.2,160.0,Pear,data/model1_body_shape\images\01484.png
95.3,70.2,94.0,171.0,Hourglass,data/model1_body_shape\images\00206.png
111.0,74.5,100.6,164.0,InvertedTriangle,data/model1_body_shape\images\04488.png
88.7,67.0,94.2,150.8,Hourglass,data/model1_body_shape\images\00870.png
93.0,67.7,78.1,169.9,InvertedTriangle,data/model1_body_shape\images\04493.png
97.6,58.2,92.9,173.0,Hourglass,data/model1_body_shape\images\00502.png
89.9,79.9,99.1,166.0,Pear,data/model1_body_shape\images\01028.png
82.9,66.6,80.5,156.3,Rectangle,data/model1_body_shape\images\03840.png
102.5,104.2,99.4,171.0,Apple,data/model1_body_shape\images\02690.png
92.0,74.2,103.3,156.6,Pear,data/model1_body_shape\images\01570.png
110.9,109.9,111.8,170.5,Apple,data/model1_body_shape\images\02773.png
89.1,92.6,92.8,148.9,Apple,data/model1_body_shape\images\02731.png
95.3,72.0,93.5,162.3,Hourglass,data/model1_body_shape\images\00804.png
85.9,76.0,86.9,169.8,Rectangle,data/model1_body_shape\images\03645.png
99.1,101.9,93.2,158.3,Apple,data/model1_body_shape\images\02454.png
91.2,79.1,79.6,164.5,InvertedTriangle,data/model1_body_shape\images\04598.png
103.0,87.3,104.0,158.8,Rectangle,data/model1_body_shape\images\03104.png
108.7,92.4,96.4,161.5,InvertedTriangle,data/model1_body_shape\images\04875.png
86.2,68.1,86.2,161.6,Hourglass,data/model1_body_shape\images\00200.png
101.1,90.3,102.1,165.9,Rectangle,data/model1_body_shape\images\03099.png
106.1,103.2,100.5,154.1,Apple,data/model1_body_shape\images\02278.png
102.4,91.4,96.5,163.8,Rectangle,data/model1_body_shape\images\03561.png
101.4,73.8,86.4,169.7,InvertedTriangle,data/model1_body_shape\images\04474.png
100.9,94.8,84.4,177.2,InvertedTriangle,data/model1_body_shape\images\04514.png
84.6,62.2,81.3,150.2,Hourglass,data/model1_body_shape\images\00391.png
102.4,67.1,119.4,161.6,Pear,data/model1_body_shape\images\01495.png
105.8,100.3,103.4,171.4,Apple,data/model1_body_shape\images\02695.png
101.4,94.8,101.9,163.5,Apple,data/model1_body_shape\images\02027.png
92.9,91.6,92.8,157.0,Apple,data/model1_body_shape\images\02568.png
101.6,59.4,96.9,159.4,Hourglass,data/model1_body_shape\images\00064.png
95.8,85.1,92.5,166.2,Rectangle,data/model1_body_shape\images\03884.png
86.8,81.3,84.5,158.7,Apple,data/model1_body_shape\images\02062.png
102.6,79.4,101.2,157.3,Hourglass,data/model1_body_shape\images\00492.png
90.6,60.1,90.3,163.3,Hourglass,data/model1_body_shape\images\00379.png
102.3,68.7,85.5,166.8,InvertedTriangle,data/model1_body_shape\images\04859.png
88.0,71.6,86.7,160.5,Rectangle,data/model1_body_shape\images\03993.png
89.6,73.7,76.3,162.4,InvertedTriangle,data/model1_body_shape\images\04887.png
79.1,74.3,92.7,162.2,Pear,data/model1_body_shape\images\01076.png
95.1,62.3,99.7,152.8,Hourglass,data/model1_body_shape\images\00878.png
93.1,60.8,95.4,158.1,Hourglass,data/model1_body_shape\images\00337.png
94.2,89.4,109.4,159.8,Pear,data/model1_body_shape\images\01016.png
84.2,66.6,93.6,158.4,Pear,data/model1_body_shape\images\01275.png
101.7,88.7,103.4,168.7,Rectangle,data/model1_body_shape\images\03798.png
107.4,79.1,94.0,153.6,InvertedTriangle,data/model1_body_shape\images\04551.png
86.9,72.7,89.0,154.3,Rectangle,data/model1_body_shape\images\03342.png
104.8,74.4,93.1,150.5,InvertedTriangle,data/model1_body_shape\images\04911.png
104.3,70.9,98.8,166.7,Hourglass,data/model1_body_shape\images\00995.png
93.9,78.8,110.7,155.7,Pear,data/model1_body_shape\images\01981.png
105.3,79.0,94.4,176.5,InvertedTriangle,data/model1_body_shape\images\04297.png
98.3,64.7,92.6,159.1,Hourglass,data/model1_body_shape\images\00161.png
88.0,83.9,77.1,171.6,InvertedTriangle,data/model1_body_shape\images\04798.png
95.6,86.7,104.7,160.9,Pear,data/model1_body_shape\images\01500.png
98.4,88.6,93.1,164.7,Rectangle,data/model1_body_shape\images\03843.png
104.6,100.8,100.5,169.0,Apple,data/model1_body_shape\images\02613.png
100.6,87.5,104.3,158.8,Rectangle,data/model1_body_shape\images\03461.png
104.4,81.5,116.2,157.5,Pear,data/model1_body_shape\images\01021.png
100.3,89.5,97.3,158.7,Rectangle,data/model1_body_shape\images\03073.png
88.9,80.3,91.1,165.6,Rectangle,data/model1_body_shape\images\03943.png
90.7,78.1,100.9,160.9,Pear,data/model1_body_shape\images\01585.png
85.8,63.3,101.2,168.6,Pear,data/model1_body_shape\images\01955.png
101.0,92.3,103.3,163.4,Rectangle,data/model1_body_shape\images\03152.png
105.0,80.5,104.8,167.9,Hourglass,data/model1_body_shape\images\00034.png
110.4,95.6,93.1,154.4,InvertedTriangle,data/model1_body_shape\images\04014.png
104.7,83.0,103.8,157.3,Hourglass,data/model1_body_shape\images\00775.png
101.9,104.9,102.5,155.1,Apple,data/model1_body_shape\images\02556.png
95.4,75.5,104.8,160.1,Pear,data/model1_body_shape\images\01478.png
101.1,86.6,112.9,176.0,Pear,data/model1_body_shape\images\01363.png
99.2,94.4,101.6,159.8,Apple,data/model1_body_shape\images\02612.png
93.5,89.6,95.3,165.0,Apple,data/model1_body_shape\images\02824.png
110.7,107.3,112.6,150.6,Apple,data/model1_body_shape\images\02041.png
82.7,60.0,78.1,168.2,Hourglass,data/model1_body_shape\images\00241.png
95.6,104.0,101.3,167.1,Apple,data/model1_body_shape\images\02061.png
109.8,103.7,111.4,160.9,Apple,data/model1_body_shape\images\02363.png
94.7,70.5,89.5,154.3,Hourglass,data/model1_body_shape\images\00600.png
111.1,103.5,107.2,161.8,Apple,data/model1_body_shape\images\02435.png
106.1,111.6,108.6,155.5,Apple,data/model1_body_shape\images\02888.png
85.5,60.2,86.8,165.5,Hourglass,data/model1_body_shape\images\00646.png
99.0,87.1,100.8,165.3,Rectangle,data/model1_body_shape\images\03890.png
85.1,73.0,81.9,153.2,Rectangle,data/model1_body_shape\images\03556.png
95.2,84.5,98.7,174.0,Rectangle,data/model1_body_shape\images\03202.png
94.0,75.5,103.8,167.3,Pear,data/model1_body_shape\images\01528.png
92.8,75.0,109.2,164.9,Pear,data/model1_body_shape\images\01267.png
98.2,66.9,114.2,157.6,Pear,data/model1_body_shape\images\01899.png
93.1,81.4,76.1,176.2,InvertedTriangle,data/model1_body_shape\images\04658.png
96.8,83.0,99.2,158.5,Rectangle,data/model1_body_shape\images\03005.png
96.5,96.7,92.1,152.7,Apple,data/model1_body_shape\images\02734.png
85.3,58.1,90.3,167.4,Hourglass,data/model1_body_shape\images\00189.png
102.3,68.1,112.1,161.0,Pear,data/model1_body_shape\images\01806.png
96.1,58.7,96.2,175.0,Hourglass,data/model1_body_shape\images\00975.png
96.1,95.0,101.6,154.6,Apple,data/model1_body_shape\images\02747.png
105.0,109.2,109.0,171.7,Apple,data/model1_body_shape\images\02047.png
86.7,85.6,86.6,145.0,Apple,data/model1_body_shape\images\02558.png
92.2,89.6,107.2,158.7,Pear,data/model1_body_shape\images\01082.png
101.3,58.3,106.0,160.5,Hourglass,data/model1_body_shape\images\00474.png
96.1,94.0,99.5,161.7,Apple,data/model1_body_shape\images\02904.png
102.5,86.9,91.7,153.4,InvertedTriangle,data/model1_body_shape\images\04843.png
93.4,74.1,79.8,158.0,InvertedTriangle,data/model1_body_shape\images\04117.png
80.2,70.0,77.3,163.2,Rectangle,data/model1_body_shape\images\03385.png
95.7,65.5,86.6,149.5,InvertedTriangle,data/model1_body_shape\images\04555.png
94.1,75.4,103.1,162.5,Pear,data/model1_body_shape\images\01184.png
103.9,101.2,98.6,162.7,Apple,data/model1_body_shape\images\02433.png
102.8,101.6,97.1,169.4,Apple,data/model1_body_shape\images\02391.png
98.2,71.1,96.2,169.6,Hourglass,data/model1_body_shape\images\00769.png
93.6,78.4,108.3,160.2,Pear,data/model1_body_shape\images\01685.png
84.9,64.9,83.3,178.9,Hourglass,data/model1_body_shape\images\00130.png
97.2,90.0,96.8,163.2,Apple,data/model1_body_shape\images\02919.png
87.0,72.6,89.4,165.1,Rectangle,data/model1_body_shape\images\03171.png
87.2,72.4,83.3,158.8,Rectangle,data/model1_body_shape\images\03444.png
88.5,74.6,75.4,175.5,InvertedTriangle,data/model1_body_shape\images\04426.png
88.5,63.6,86.3,166.1,Hourglass,data/model1_body_shape\images\00466.png
102.8,89.0,99.5,156.5,Rectangle,data/model1_body_shape\images\03092.png
95.3,81.3,90.5,171.7,Rectangle,data/model1_body_shape\images\03772.png
105.2,70.7,104.5,166.1,Hourglass,data/model1_body_shape\images\00860.png
