item_id,category,color,fabric,occasion,total_wear_count,current_cycle_wears,max_wears_before_wash,status,sustainability_score
SLW-0001,Trouser,Black,Linen,Office,52,0,2,Clean,56.67
SLW-0002,Salwar,Pink,Silk,Wedding,2,2,4,Clean,97.5
SLW-0003,National Dress,Gold,Silk,Wedding,3,1,4,Clean,96.25
SLW-0004,Batik Shirt,Multicolor,Batik,Office,59,0,3,Clean,41.0
SLW-0005,Sarong,White,Batik,Casual,86,0,3,Clean,14.0
SLW-0006,National Dress,Gold,Cotton,Religious,11,0,2,Clean,92.67
SLW-0007,Kurti,Purple,Silk,Religious,14,0,4,Clean,82.5
SLW-0008,National Dress,Gold,Cotton,Religious,13,2,2,Dirty,91.33
SLW-0009,Salwar,Green,Cotton,Casual,84,2,2,Dirty,44.0
SLW-0010,National Dress,Gold,Silk,Wedding,3,3,4,Clean,96.25
SLW-0011,T-Shirt,Black,Cotton,Casual,84,0,2,Clean,44.0
SLW-0012,Salwar,Blue,Cotton,Casual,84,1,2,Clean,44.0
SLW-0013,T-Shirt,Black,Cotton,Casual,89,0,2,Clean,40.67
SLW-0014,Vest,White,Cotton,Home,122,1,2,Clean,18.67
SLW-0015,Batik Shirt,Blue,Batik,Casual,75,3,3,Dirty,25.0
SLW-0016,Shirt,Grey,Linen,Office,46,1,2,Clean,61.67
SLW-0017,Kurtha,Blue,Cotton,Religious,10,0,2,Clean,93.33
SLW-0018,Dress,Red,Cotton,Casual,90,2,2,Dirty,40.0
SLW-0019,Leggings,Black,Polyester,Home,130,3,3,Dirty,35.0
SLW-0020,School Uniform,Blue,Cotton,Office,41,1,2,Clean,72.67
SLW-0021,Kurti,Blue,Cotton,Casual,98,0,2,Clean,34.67
SLW-0022,Sarong,Blue,Batik,Casual,86,1,3,Clean,14.0
SLW-0023,Batik Shirt,Blue,Batik,Casual,88,1,3,Clean,12.0
SLW-0024,Jeans,Black,Denim,Casual,78,2,5,Clean,74.0
SLW-0025,Trouser,Navy,Linen,Office,46,1,2,Clean,61.67
SLW-0026,Shirt,Blue,Linen,Office,50,1,2,Clean,58.33
SLW-0027,Trouser,Black,Cotton,Casual,79,1,2,Clean,47.33
SLW-0028,Kurti,Purple,Silk,Religious,12,1,4,Clean,85.0
SLW-0029,Salwar,Pink,Silk,Wedding,2,1,4,Clean,97.5
SLW-0030,Dress,Green,Cotton,Casual,85,1,2,Clean,43.33
SLW-0031,Leggings,Navy,Polyester,Home,133,1,3,Clean,33.5
SLW-0032,Shirt,Blue,Cotton,Office,61,0,2,Clean,59.33
SLW-0033,Blouse,Green,Silk,Wedding,2,0,4,Clean,97.5
SLW-0034,Jeans,Blue,Denim,Casual,80,2,5,Clean,73.33
SLW-0035,National Dress,Gold,Cotton,Religious,13,2,2,Dirty,91.33
SLW-0036,Shirt,Pink,Cotton,Office,42,0,2,Clean,72.0
SLW-0037,Jeans,Black,Denim,Casual,89,5,5,Dirty,70.33
SLW-0038,Saree,Gold,Silk,Religious,9,2,4,Clean,88.75
SLW-0039,National Dress,Gold,Silk,Wedding,1,4,4,Dirty,98.75
SLW-0040,T-Shirt,Grey,Cotton,Casual,89,2,2,Dirty,40.67
SLW-0041,Shorts,Khaki,Cotton,Home,143,2,2,Dirty,4.67
SLW-0042,Shirt,Blue,Linen,Office,51,0,2,Clean,57.5
SLW-0043,Jacket,Black,Polyester,Casual,87,3,3,Dirty,56.5
SLW-0044,Vest,White,Cotton,Home,135,0,2,Clean,10.0
SLW-0045,Saree,Green,Silk,Religious,9,1,4,Clean,88.75
SLW-0046,Kurti,Yellow,Silk,Religious,10,0,4,Clean,87.5
SLW-0047,Jeans,Black,Denim,Casual,84,4,5,Clean,72.0
SLW-0048,Jacket,Black,Polyester,Casual,95,2,3,Clean,52.5
SLW-0049,Trouser,Black,Cotton,Casual,90,2,2,Dirty,40.0
SLW-0050,Trouser,Grey,Cotton,Casual,75,2,2,Dirty,50.0
SLW-0051,Vest,Grey,Cotton,Home,140,2,2,Dirty,6.67
SLW-0052,Batik Shirt,Multicolor,Batik,Office,47,2,3,Clean,53.0
SLW-0053,Saree,Red,Cotton,Casual,83,1,2,Clean,44.67
SLW-0054,Salwar,Pink,Silk,Wedding,3,2,4,Clean,96.25
SLW-0055,Jacket,Grey,Polyester,Casual,95,0,3,Clean,52.5
SLW-0056,Blouse,Gold,Silk,Wedding,3,4,4,Dirty,96.25
SLW-0057,Saree,Gold,Silk,Religious,10,2,4,Clean,87.5
SLW-0058,School Uniform,White,Cotton,Office,48,2,2,Dirty,68.0
SLW-0059,Kurti,Yellow,Silk,Religious,12,2,4,Clean,85.0
SLW-0060,Sarong,Blue,Cotton,Home,145,0,2,Clean,3.33
SLW-0061,Jacket,Navy,Denim,Casual,84,2,5,Clean,72.0
SLW-0062,Sarong,Brown,Batik,Casual,86,1,3,Clean,14.0
SLW-0063,Batik Shirt,Multicolor,Batik,Casual,80,0,3,Clean,20.0
SLW-0064,Blouse,Gold,Silk,Wedding,2,0,4,Clean,97.5
SLW-0065,Saree,Purple,Silk,Religious,13,3,4,Clean,83.75
SLW-0066,Saree,Purple,Cotton,Casual,97,1,2,Clean,35.33
SLW-0067,Blouse,Blue,Cotton,Casual,87,2,2,Dirty,42.0
SLW-0068,National Dress,Gold,Cotton,Religious,13,2,2,Dirty,91.33
SLW-0069,Salwar,Blue,Cotton,Casual,90,0,2,Clean,40.0
SLW-0070,Jeans,Grey,Denim,Casual,83,5,5,Dirty,72.33
SLW-0071,Shirt,Pink,Linen,Office,52,1,2,Clean,56.67
SLW-0072,Batik Shirt,Brown,Batik,Office,59,1,3,Clean,41.0
SLW-0073,Batik Shirt,Blue,Batik,Casual,87,2,3,Clean,13.0
SLW-0074,Kurti,Green,Cotton,Casual,98,2,2,Dirty,34.67
SLW-0075,Kurti,Blue,Cotton,Casual,69,0,2,Clean,54.0
SLW-0076,Batik Shirt,Brown,Batik,Casual,93,0,3,Clean,7.0
SLW-0077,Batik Shirt,Red,Batik,Casual,88,0,3,Clean,12.0
SLW-0078,Batik Shirt,Red,Batik,Casual,85,1,3,Clean,15.0
SLW-0079,Trouser,Navy,Cotton,Casual,88,1,2,Clean,41.33
SLW-0080,School Uniform,Blue,Cotton,Office,38,0,2,Clean,74.67
SLW-0081,National Dress,Cream,Silk,Wedding,2,3,4,Clean,97.5
SLW-0082,National Dress,White,Cotton,Religious,12,0,2,Clean,92.0
SLW-0083,Trouser,Grey,Cotton,Casual,98,1,2,Clean,34.67
SLW-0084,Shorts,Khaki,Cotton,Home,133,1,2,Clean,11.33
SLW-0085,Blouse,Red,Cotton,Casual,82,2,2,Dirty,45.33
SLW-0086,Trouser,Black,Cotton,Casual,84,2,2,Dirty,44.0
SLW-0087,Sarong,Blue,Batik,Casual,94,3,3,Dirty,6.0
SLW-0088,Kurtha,White,Cotton,Religious,12,0,2,Clean,92.0
SLW-0089,National Dress,Gold,Cotton,Religious,11,0,2,Clean,92.67
SLW-0090,Dress,Yellow,Cotton,Casual,91,0,2,Clean,39.33
SLW-0091,Saree,Green,Cotton,Casual,88,1,2,Clean,41.33
SLW-0092,National Dress,Cream,Silk,Wedding,3,0,4,Clean,96.25
SLW-0093,Kurtha,White,Cotton,Religious,10,2,2,Dirty,93.33
SLW-0094,Sarong,White,Batik,Casual,85,0,3,Clean,15.0
SLW-0095,Leggings,Black,Polyester,Home,134,1,3,Clean,33.0
SLW-0096,Shorts,Khaki,Cotton,Home,126,1,2,Clean,16.0
SLW-0097,National Dress,White,Cotton,Religious,12,1,2,Clean,92.0
SLW-0098,Saree,Red,Cotton,Casual,89,1,2,Clean,40.67
SLW-0099,Jeans,Black,Denim,Casual,88,2,5,Clean,70.67
SLW-0100,T-Shirt,Grey,Polyester,Casual,86,3,3,Dirty,57.0
SLW-0101,Trouser,Khaki,Cotton,Casual,78,2,2,Dirty,48.0
SLW-0102,Saree,Blue,Silk,Religious,11,1,4,Clean,86.25
SLW-0103,National Dress,Gold,Cotton,Religious,11,0,2,Clean,92.67
SLW-0104,Salwar,White,Silk,Wedding,2,4,4,Dirty,97.5
SLW-0105,Salwar,White,Silk,Wedding,2,2,4,Clean,97.5
SLW-0106,Sarong,Brown,Batik,Casual,90,3,3,Dirty,10.0
SLW-0107,Leggings,Black,Polyester,Home,153,1,3,Clean,23.5
SLW-0108,Jacket,Navy,Polyester,Casual,89,0,3,Clean,55.5
SLW-0109,Batik Shirt,Brown,Batik,Casual,89,0,3,Clean,11.0
SLW-0110,Jeans,Grey,Denim,Casual,87,0,5,Clean,71.0
SLW-0111,National Dress,Gold,Silk,Wedding,1,4,4,Dirty,98.75
SLW-0112,Sarong,Green,Batik,Casual,87,0,3,Clean,13.0
SLW-0113,Trouser,Grey,Cotton,Casual,88,2,2,Dirty,41.33
SLW-0114,Leggings,Black,Polyester,Home,157,2,3,Clean,21.5
SLW-0115,Trouser,Grey,Cotton,Casual,86,2,2,Dirty,42.67
SLW-0116,National Dress,Cream,Silk,Wedding,3,2,4,Clean,96.25
SLW-0117,Saree,Green,Silk,Religious,11,2,4,Clean,86.25
SLW-0118,Shirt,White,Cotton,Office,42,0,2,Clean,72.0
SLW-0119,Dress,Pink,Cotton,Casual,95,2,2,Dirty,36.67
SLW-0120,Batik Shirt,Brown,Batik,Office,54,0,3,Clean,46.0
SLW-0121,Jacket,Navy,Polyester,Casual,93,2,3,Clean,53.5
SLW-0122,Leggings,Black,Polyester,Home,130,2,3,Clean,35.0
SLW-0123,Jacket,Grey,Denim,Casual,97,1,5,Clean,67.67
SLW-0124,T-Shirt,Red,Polyester,Casual,78,1,3,Clean,61.0
SLW-0125,Blouse,Green,Silk,Wedding,3,4,4,Dirty,96.25
SLW-0126,Kurti,Blue,Silk,Religious,15,4,4,Dirty,81.25
SLW-0127,Trouser,Grey,Cotton,Casual,81,2,2,Dirty,46.0
SLW-0128,Leggings,Black,Polyester,Home,133,0,3,Clean,33.5
SLW-0129,T-Shirt,White,Cotton,Casual,88,0,2,Clean,41.33
SLW-0130,Salwar,Pink,Silk,Wedding,2,4,4,Dirty,97.5
SLW-0131,T-Shirt,Grey,Cotton,Casual,77,1,2,Clean,48.67
SLW-0132,National Dress,Cream,Cotton,Religious,12,2,2,Dirty,92.0
SLW-0133,National Dress,Gold,Cotton,Religious,10,2,2,Dirty,93.33
SLW-0134,Blouse,Blue,Cotton,Casual,91,1,2,Clean,39.33
SLW-0135,T-Shirt,White,Cotton,Casual,81,0,2,Clean,46.0
SLW-0136,Trouser,Grey,Linen,Office,59,1,2,Clean,50.83
SLW-0137,Sarong,Blue,Batik,Casual,82,0,3,Clean,18.0
SLW-0138,Vest,Black,Cotton,Home,135,0,2,Clean,10.0
SLW-0139,T-Shirt,Red,Cotton,Casual,93,0,2,Clean,38.0
SLW-0140,School Uniform,Blue,Cotton,Office,42,2,2,Dirty,72.0
SLW-0141,School Uniform,White,Cotton,Office,51,0,2,Clean,66.0
SLW-0142,Batik Shirt,Blue,Batik,Casual,97,1,3,Clean,3.0
SLW-0143,Blouse,Gold,Silk,Wedding,1,2,4,Clean,98.75
SLW-0144,Shorts,Black,Cotton,Home,139,0,2,Clean,7.33
SLW-0145,T-Shirt,White,Polyester,Casual,89,2,3,Clean,55.5
SLW-0146,Jacket,Navy,Denim,Casual,93,2,5,Clean,69.0
SLW-0147,Trouser,Black,Cotton,Casual,79,0,2,Clean,47.33
SLW-0148,Shirt,Pink,Linen,Office,42,2,2,Dirty,65.0
SLW-0149,Kurti,Green,Silk,Religious,12,1,4,Clean,85.0
SLW-0150,Blouse,Gold,Cotton,Casual,90,0,2,Clean,40.0
SLW-0151,Jacket,Black,Denim,Casual,89,3,5,Clean,70.33
SLW-0152,Saree,Blue,Cotton,Casual,90,2,2,Dirty,40.0
SLW-0153,Kurtha,Blue,Cotton,Religious,10,1,2,Clean,93.33
SLW-0154,Blouse,Gold,Cotton,Casual,89,2,2,Dirty,40.67
SLW-0155,T-Shirt,White,Cotton,Casual,90,0,2,Clean,40.0
SLW-0156,Jeans,Black,Denim,Casual,82,0,5,Clean,72.67
SLW-0157,National Dress,Cream,Silk,Wedding,4,1,4,Clean,95.0
SLW-0158,Shirt,Blue,Linen,Office,52,1,2,Clean,56.67
SLW-0159,National Dress,Gold,Silk,Wedding,2,0,4,Clean,97.5
SLW-0160,National Dress,Cream,Cotton,Religious,12,1,2,Clean,92.0
SLW-0161,T-Shirt,Blue,Cotton,Casual,81,0,2,Clean,46.0
SLW-0162,Shirt,Pink,Linen,Office,54,2,2,Dirty,55.0
SLW-0163,Trouser,Grey,Cotton,Casual,96,2,2,Dirty,36.0
SLW-0164,Sarong,Blue,Cotton,Home,131,0,2,Clean,12.67
SLW-0165,Saree,Blue,Cotton,Casual,94,2,2,Dirty,37.33
SLW-0166,Sarong,Brown,Batik,Casual,90,0,3,Clean,10.0
SLW-0167,Shorts,White,Cotton,Home,144,1,2,Clean,4.0
SLW-0168,Shorts,Black,Cotton,Home,149,2,2,Dirty,0.67
SLW-0169,Jeans,Blue,Denim,Casual,86,4,5,Clean,71.33
SLW-0170,T-Shirt,Red,Cotton,Casual,82,0,2,Clean,45.33
SLW-0171,Sarong,Brown,Cotton,Home,130,2,2,Dirty,13.33
SLW-0172,Trouser,Navy,Cotton,Casual,82,2,2,Dirty,45.33
SLW-0173,Shirt,White,Linen,Office,49,1,2,Clean,59.17
SLW-0174,Trouser,Grey,Cotton,Casual,90,1,2,Clean,40.0
SLW-0175,Trouser,Grey,Cotton,Casual,89,0,2,Clean,40.67
SLW-0176,Jacket,Brown,Polyester,Casual,93,2,3,Clean,53.5
SLW-0177,Shirt,Grey,Cotton,Office,50,1,2,Clean,66.67
SLW-0178,School Uniform,White,Cotton,Office,58,0,2,Clean,61.33
SLW-0179,Shorts,Khaki,Cotton,Home,135,2,2,Dirty,10.0
SLW-0180,Trouser,Navy,Cotton,Casual,107,2,2,Dirty,28.67
SLW-0181,Kurti,Pink,Silk,Religious,12,4,4,Dirty,85.0
SLW-0182,Jeans,Blue,Denim,Casual,81,4,5,Clean,73.0
SLW-0183,T-Shirt,Black,Polyester,Casual,80,2,3,Clean,60.0
SLW-0184,Shorts,White,Cotton,Home,141,2,2,Dirty,6.0
SLW-0185,Dress,Yellow,Cotton,Casual,86,1,2,Clean,42.67
SLW-0186,Trouser,Khaki,Cotton,Casual,92,0,2,Clean,38.67
SLW-0187,Kurtha,White,Cotton,Religious,12,2,2,Dirty,92.0
SLW-0188,Trouser,Grey,Cotton,Casual,87,0,2,Clean,42.0
SLW-0189,Jacket,Black,Polyester,Casual,82,2,3,Clean,59.0
SLW-0190,Blouse,Green,Silk,Wedding,1,1,4,Clean,98.75
SLW-0191,National Dress,White,Silk,Wedding,2,1,4,Clean,97.5
SLW-0192,Sarong,Cream,Cotton,Home,144,0,2,Clean,4.0
SLW-0193,Dress,Red,Silk,Wedding,3,4,4,Dirty,96.25
SLW-0194,Dress,Pink,Cotton,Casual,79,1,2,Clean,47.33
SLW-0195,National Dress,Gold,Cotton,Religious,12,2,2,Dirty,92.0
SLW-0196,Jeans,Black,Denim,Casual,90,3,5,Clean,70.0
SLW-0197,National Dress,Gold,Silk,Wedding,2,1,4,Clean,97.5
SLW-0198,Salwar,White,Cotton,Casual,89,0,2,Clean,40.67
SLW-0199,Vest,White,Cotton,Home,138,1,2,Clean,8.0
SLW-0200,Saree,Purple,Cotton,Casual,79,2,2,Dirty,47.33
SLW-0201,Dress,Pink,Cotton,Casual,90,0,2,Clean,40.0
SLW-0202,National Dress,Cream,Silk,Wedding,3,0,4,Clean,96.25
SLW-0203,Saree,Purple,Silk,Religious,13,3,4,Clean,83.75
SLW-0204,School Uniform,Blue,Cotton,Office,56,2,2,Dirty,62.67
SLW-0205,Vest,Black,Cotton,Home,126,1,2,Clean,16.0
SLW-0206,Blouse,Blue,Silk,Wedding,2,4,4,Dirty,97.5
SLW-0207,Blouse,Blue,Silk,Wedding,3,4,4,Dirty,96.25
SLW-0208,Jacket,Brown,Denim,Casual,91,1,5,Clean,69.67
SLW-0209,Dress,Blue,Cotton,Casual,91,1,2,Clean,39.33
SLW-0210,Blouse,Blue,Silk,Wedding,6,2,4,Clean,92.5
SLW-0211,Trouser,Grey,Linen,Office,53,0,2,Clean,55.83
SLW-0212,Dress,Green,Cotton,Casual,95,0,2,Clean,36.67
SLW-0213,National Dress,Cream,Silk,Wedding,3,2,4,Clean,96.25
SLW-0214,Shirt,White,Cotton,Office,53,2,2,Dirty,64.67
SLW-0215,Saree,Gold,Silk,Religious,11,1,4,Clean,86.25
SLW-0216,Jeans,Blue,Denim,Casual,93,5,5,Dirty,69.0
SLW-0217,Salwar,White,Cotton,Casual,82,0,2,Clean,45.33
SLW-0218,Shorts,White,Cotton,Home,136,1,2,Clean,9.33
SLW-0219,School Uniform,Blue,Cotton,Office,47,1,2,Clean,68.67
SLW-0220,Sarong,Green,Batik,Casual,88,1,3,Clean,12.0
SLW-0221,Jeans,Grey,Denim,Casual,104,4,5,Clean,65.33
SLW-0222,Sarong,Green,Cotton,Home,123,2,2,Dirty,18.0
SLW-0223,Dress,Green,Silk,Wedding,3,0,4,Clean,96.25
SLW-0224,T-Shirt,Red,Polyester,Casual,76,3,3,Dirty,62.0
SLW-0225,School Uniform,White,Cotton,Office,47,2,2,Dirty,68.67
SLW-0226,Dress,Green,Silk,Wedding,3,1,4,Clean,96.25
SLW-0227,Shorts,Black,Cotton,Home,138,1,2,Clean,8.0
SLW-0228,Jeans,Grey,Denim,Casual,80,2,5,Clean,73.33
SLW-0229,Trouser,Navy,Cotton,Casual,82,1,2,Clean,45.33
SLW-0230,Blouse,Gold,Silk,Wedding,3,3,4,Clean,96.25
SLW-0231,Kurti,Blue,Silk,Religious,10,4,4,Dirty,87.5
SLW-0232,Leggings,Navy,Polyester,Home,139,3,3,Dirty,30.5
SLW-0233,Kurti,Blue,Cotton,Casual,88,2,2,Dirty,41.33
SLW-0234,Batik Shirt,Brown,Batik,Casual,83,3,3,Dirty,17.0
SLW-0235,Blouse,Gold,Cotton,Casual,103,1,2,Clean,31.33
SLW-0236,Sarong,Green,Batik,Casual,92,2,3,Clean,8.0
SLW-0237,Shirt,Pink,Cotton,Office,37,0,2,Clean,75.33
SLW-0238,Shirt,Pink,Cotton,Office,51,1,2,Clean,66.0
SLW-0239,T-Shirt,Blue,Cotton,Casual,83,1,2,Clean,44.67
SLW-0240,Blouse,Blue,Silk,Wedding,3,0,4,Clean,96.25
SLW-0241,Sarong,Brown,Cotton,Home,131,2,2,Dirty,12.67
SLW-0242,Sarong,Cream,Batik,Casual,87,2,3,Clean,13.0
SLW-0243,Trouser,Black,Linen,Office,53,0,2,Clean,55.83
SLW-0244,Vest,White,Cotton,Home,144,0,2,Clean,4.0
SLW-0245,National Dress,Gold,Cotton,Religious,10,0,2,Clean,93.33
SLW-0246,Saree,Gold,Silk,Religious,11,1,4,Clean,86.25
SLW-0247,Dress,Pink,Silk,Wedding,2,0,4,Clean,97.5
SLW-0248,National Dress,Gold,Cotton,Religious,11,1,2,Clean,92.67
SLW-0249,T-Shirt,Black,Cotton,Casual,100,1,2,Clean,33.33
SLW-0250,Kurti,Blue,Silk,Religious,12,4,4,Dirty,85.0
SLW-0251,Vest,Grey,Cotton,Home,127,0,2,Clean,15.33
SLW-0252,Batik Shirt,Red,Batik,Office,55,0,3,Clean,45.0
SLW-0253,Kurti,Yellow,Cotton,Casual,102,2,2,Dirty,32.0
SLW-0254,Jeans,Blue,Denim,Casual,95,5,5,Dirty,68.33
SLW-0255,Batik Shirt,Blue,Batik,Casual,77,1,3,Clean,23.0
SLW-0256,Salwar,White,Cotton,Casual,84,1,2,Clean,44.0
SLW-0257,Kurtha,White,Cotton,Religious,13,2,2,Dirty,91.33
SLW-0258,Shirt,Pink,Linen,Office,45,2,2,Dirty,62.5
SLW-0259,Trouser,Black,Cotton,Casual,91,1,2,Clean,39.33
SLW-0260,Jacket,Black,Polyester,Casual,93,2,3,Clean,53.5
SLW-0261,Blouse,Blue,Cotton,Casual,81,1,2,Clean,46.0
SLW-0262,Batik Shirt,Red,Batik,Office,49,3,3,Dirty,51.0
SLW-0263,Trouser,Navy,Linen,Office,30,1,2,Clean,75.0
SLW-0264,Shorts,White,Cotton,Home,129,0,2,Clean,14.0
SLW-0265,Kurti,Yellow,Silk,Religious,11,4,4,Dirty,86.25
SLW-0266,Dress,Pink,Cotton,Casual,79,1,2,Clean,47.33
SLW-0267,T-Shirt,Black,Cotton,Casual,99,1,2,Clean,34.0
SLW-0268,Blouse,Green,Silk,Wedding,1,0,4,Clean,98.75
SLW-0269,Jacket,Navy,Denim,Casual,84,3,5,Clean,72.0
SLW-0270,Vest,Black,Cotton,Home,139,1,2,Clean,7.33
SLW-0271,Kurti,Pink,Silk,Religious,14,3,4,Clean,82.5
SLW-0272,Sarong,Blue,Cotton,Home,126,1,2,Clean,16.0
SLW-0273,Saree,Gold,Cotton,Casual,96,1,2,Clean,36.0
SLW-0274,Shirt,Grey,Linen,Office,50,1,2,Clean,58.33
SLW-0275,T-Shirt,Blue,Cotton,Casual,81,2,2,Dirty,46.0
SLW-0276,School Uniform,White,Cotton,Office,52,0,2,Clean,65.33
SLW-0277,Batik Shirt,Multicolor,Batik,Casual,89,1,3,Clean,11.0
SLW-0278,Dress,Blue,Silk,Wedding,2,4,4,Dirty,97.5
SLW-0279,Salwar,Green,Cotton,Casual,88,1,2,Clean,41.33
SLW-0280,Dress,Red,Cotton,Casual,85,0,2,Clean,43.33
SLW-0281,T-Shirt,Red,Polyester,Casual,88,1,3,Clean,56.0
SLW-0282,Salwar,Blue,Cotton,Casual,92,0,2,Clean,38.67
SLW-0283,Trouser,Grey,Cotton,Casual,99,2,2,Dirty,34.0
SLW-0284,Dress,Pink,Silk,Wedding,2,4,4,Dirty,97.5
SLW-0285,Shirt,Grey,Linen,Office,62,1,2,Clean,48.33
SLW-0286,Shirt,Pink,Linen,Office,38,2,2,Dirty,68.33
SLW-0287,T-Shirt,Blue,Cotton,Casual,86,1,2,Clean,42.67
SLW-0288,National Dress,Gold,Silk,Wedding,3,0,4,Clean,96.25
SLW-0289,National Dress,White,Cotton,Religious,12,1,2,Clean,92.0
SLW-0290,Salwar,Pink,Silk,Wedding,2,4,4,Dirty,97.5
SLW-0291,National Dress,Gold,Cotton,Religious,11,0,2,Clean,92.67
SLW-0292,Dress,Pink,Silk,Wedding,2,2,4,Clean,97.5
SLW-0293,Vest,Black,Cotton,Home,133,2,2,Dirty,11.33
SLW-0294,T-Shirt,Black,Polyester,Casual,93,0,3,Clean,53.5
SLW-0295,T-Shirt,Blue,Polyester,Casual,90,1,3,Clean,55.0
SLW-0296,Saree,Red,Cotton,Casual,83,1,2,Clean,44.67
SLW-0297,Salwar,Pink,Cotton,Casual,94,2,2,Dirty,37.33
SLW-0298,T-Shirt,White,Cotton,Casual,90,0,2,Clean,40.0
SLW-0299,School Uniform,White,Cotton,Office,54,1,2,Clean,64.0
SLW-0300,Trouser,Black,Linen,Office,53,1,2,Clean,55.83
SLW-0301,Blouse,Green,Cotton,Casual,82,0,2,Clean,45.33
SLW-0302,Dress,Yellow,Silk,Wedding,2,3,4,Clean,97.5
SLW-0303,Shirt,White,Cotton,Office,54,0,2,Clean,64.0
SLW-0304,T-Shirt,White,Cotton,Casual,92,1,2,Clean,38.67
SLW-0305,Blouse,Blue,Silk,Wedding,2,0,4,Clean,97.5
SLW-0306,Dress,Pink,Silk,Wedding,3,0,4,Clean,96.25
SLW-0307,Trouser,Black,Linen,Office,57,2,2,Dirty,52.5
SLW-0308,Saree,Purple,Silk,Religious,11,1,4,Clean,86.25
SLW-0309,T-Shirt,Black,Polyester,Casual,91,0,3,Clean,54.5
SLW-0310,Batik Shirt,Brown,Batik,Office,48,3,3,Dirty,52.0
SLW-0311,Vest,Grey,Cotton,Home,136,2,2,Dirty,9.33
SLW-0312,Dress,Green,Cotton,Casual,95,1,2,Clean,36.67
SLW-0313,Blouse,Blue,Cotton,Casual,93,2,2,Dirty,38.0
SLW-0314,T-Shirt,Grey,Polyester,Casual,93,0,3,Clean,53.5
SLW-0315,Salwar,Pink,Silk,Wedding,4,0,4,Clean,95.0
SLW-0316,Trouser,Grey,Linen,Office,50,0,2,Clean,58.33
SLW-0317,Trouser,Navy,Cotton,Casual,92,0,2,Clean,38.67
SLW-0318,National Dress,Gold,Silk,Wedding,2,1,4,Clean,97.5
SLW-0319,Batik Shirt,Blue,Batik,Casual,90,1,3,Clean,10.0
SLW-0320,Shorts,Khaki,Cotton,Home,136,1,2,Clean,9.33
SLW-0321,T-Shirt,Black,Polyester,Casual,88,0,3,Clean,56.0
SLW-0322,T-Shirt,Red,Polyester,Casual,92,2,3,Clean,54.0
SLW-0323,Batik Shirt,Red,Batik,Casual,82,1,3,Clean,18.0
SLW-0324,Kurtha,Blue,Cotton,Religious,15,2,2,Dirty,90.0
SLW-0325,Trouser,Khaki,Cotton,Casual,80,0,2,Clean,46.67
SLW-0326,Batik Shirt,Brown,Batik,Office,42,1,3,Clean,58.0
SLW-0327,Leggings,Black,Polyester,Home,147,2,3,Clean,26.5
SLW-0328,Batik Shirt,Brown,Batik,Casual,93,0,3,Clean,7.0
SLW-0329,Kurtha,Blue,Cotton,Religious,12,1,2,Clean,92.0
SLW-0330,Salwar,Blue,Silk,Wedding,3,4,4,Dirty,96.25
SLW-0331,Dress,Yellow,Cotton,Casual,87,0,2,Clean,42.0
SLW-0332,Salwar,Green,Cotton,Casual,81,1,2,Clean,46.0
SLW-0333,T-Shirt,Grey,Cotton,Casual,88,2,2,Dirty,41.33
SLW-0334,Dress,Red,Silk,Wedding,2,3,4,Clean,97.5
SLW-0335,Kurti,Yellow,Silk,Religious,13,0,4,Clean,83.75
SLW-0336,Salwar,Blue,Silk,Wedding,2,2,4,Clean,97.5
SLW-0337,Sarong,Cream,Cotton,Home,131,0,2,Clean,12.67
SLW-0338,Trouser,Black,Cotton,Casual,85,2,2,Dirty,43.33
SLW-0339,Vest,Grey,Cotton,Home,141,2,2,Dirty,6.0
SLW-0340,Kurti,Green,Cotton,Casual,84,0,2,Clean,44.0
SLW-0341,Dress,Yellow,Silk,Wedding,2,4,4,Dirty,97.5
SLW-0342,Leggings,Black,Polyester,Home,139,2,3,Clean,30.5
SLW-0343,Kurti,Yellow,Cotton,Casual,89,1,2,Clean,40.67
SLW-0344,Batik Shirt,Red,Batik,Casual,84,3,3,Dirty,16.0
SLW-0345,Shorts,White,Cotton,Home,134,1,2,Clean,10.67
SLW-0346,Trouser,Navy,Cotton,Casual,89,0,2,Clean,40.67
SLW-0347,Shirt,Pink,Cotton,Office,41,1,2,Clean,72.67
SLW-0348,T-Shirt,Grey,Polyester,Casual,78,3,3,Dirty,61.0
SLW-0349,Sarong,White,Batik,Casual,82,3,3,Dirty,18.0
SLW-0350,Shirt,Grey,Cotton,Office,48,1,2,Clean,68.0
SLW-0351,Batik Shirt,Blue,Batik,Office,51,3,3,Dirty,49.0
SLW-0352,Trouser,Khaki,Cotton,Casual,98,2,2,Dirty,34.67
SLW-0353,Shorts,Blue,Cotton,Home,144,0,2,Clean,4.0
SLW-0354,Jacket,Brown,Polyester,Casual,86,2,3,Clean,57.0
SLW-0355,Trouser,Black,Linen,Office,49,1,2,Clean,59.17
SLW-0356,National Dress,Gold,Cotton,Religious,10,1,2,Clean,93.33
SLW-0357,Saree,Green,Silk,Religious,11,2,4,Clean,86.25
SLW-0358,Jacket,Brown,Denim,Casual,85,5,5,Dirty,71.67
SLW-0359,Batik Shirt,Brown,Batik,Office,51,0,3,Clean,49.0
SLW-0360,Salwar,Blue,Cotton,Casual,82,0,2,Clean,45.33
SLW-0361,School Uniform,Blue,Cotton,Office,53,0,2,Clean,64.67
SLW-0362,Batik Shirt,Blue,Batik,Casual,98,1,3,Clean,2.0
SLW-0363,Dress,Blue,Cotton,Casual,87,0,2,Clean,42.0
SLW-0364,Dress,Pink,Silk,Wedding,3,2,4,Clean,96.25
SLW-0365,Salwar,Green,Cotton,Casual,92,1,2,Clean,38.67
SLW-0366,Blouse,Blue,Silk,Wedding,2,3,4,Clean,97.5
SLW-0367,National Dress,Gold,Silk,Wedding,3,3,4,Clean,96.25
SLW-0368,Saree,Gold,Silk,Religious,12,3,4,Clean,85.0
SLW-0369,Leggings,Black,Polyester,Home,138,1,3,Clean,31.0
SLW-0370,T-Shirt,Blue,Cotton,Casual,82,1,2,Clean,45.33
SLW-0371,Leggings,Black,Polyester,Home,138,2,3,Clean,31.0
SLW-0372,T-Shirt,Grey,Polyester,Casual,91,2,3,Clean,54.5
SLW-0373,Kurti,Yellow,Cotton,Casual,98,2,2,Dirty,34.67
SLW-0374,Blouse,Blue,Cotton,Casual,94,0,2,Clean,37.33
SLW-0375,School Uniform,Blue,Cotton,Office,62,1,2,Clean,58.67
SLW-0376,Shirt,Pink,Cotton,Office,45,2,2,Dirty,70.0
SLW-0377,Dress,Blue,Cotton,Casual,94,1,2,Clean,37.33
SLW-0378,Salwar,Green,Cotton,Casual,89,0,2,Clean,40.67
SLW-0379,National Dress,White,Silk,Wedding,4,3,4,Clean,95.0
SLW-0380,Shirt,Pink,Cotton,Office,45,2,2,Dirty,70.0
SLW-0381,Salwar,Green,Cotton,Casual,82,1,2,Clean,45.33
SLW-0382,Trouser,Navy,Cotton,Casual,83,2,2,Dirty,44.67
SLW-0383,Dress,Blue,Silk,Wedding,1,0,4,Clean,98.75
SLW-0384,Jacket,Black,Polyester,Casual,84,2,3,Clean,58.0
SLW-0385,Blouse,Red,Cotton,Casual,82,1,2,Clean,45.33
SLW-0386,Jacket,Black,Polyester,Casual,89,3,3,Dirty,55.5
SLW-0387,Salwar,Green,Silk,Wedding,3,1,4,Clean,96.25
SLW-0388,Blouse,Gold,Cotton,Casual,101,2,2,Dirty,32.67
SLW-0389,Batik Shirt,Red,Batik,Casual,94,3,3,Dirty,6.0
SLW-0390,Shirt,Pink,Cotton,Office,46,2,2,Dirty,69.33
SLW-0391,Trouser,Grey,Linen,Office,44,0,2,Clean,63.33
SLW-0392,Blouse,Blue,Cotton,Casual,91,2,2,Dirty,39.33
SLW-0393,Shirt,Pink,Cotton,Office,42,2,2,Dirty,72.0
SLW-0394,Blouse,Red,Cotton,Casual,100,2,2,Dirty,33.33
SLW-0395,Kurti,Green,Silk,Religious,13,0,4,Clean,83.75
SLW-0396,Trouser,Grey,Linen,Office,47,2,2,Dirty,60.83
SLW-0397,National Dress,Cream,Silk,Wedding,1,0,4,Clean,98.75
SLW-0398,Batik Shirt,Multicolor,Batik,Office,58,0,3,Clean,42.0
SLW-0399,Saree,Blue,Cotton,Casual,87,2,2,Dirty,42.0
SLW-0400,Jacket,Black,Denim,Casual,96,0,5,Clean,68.0
SLW-0401,Shirt,Grey,Cotton,Office,40,0,2,Clean,73.33
SLW-0402,Shirt,Pink,Linen,Office,46,1,2,Clean,61.67
SLW-0403,Saree,Purple,Silk,Religious,12,1,4,Clean,85.0
SLW-0404,Shorts,Blue,Cotton,Home,138,2,2,Dirty,8.0
SLW-0405,Saree,Red,Cotton,Casual,84,0,2,Clean,44.0
SLW-0406,Kurti,Purple,Silk,Religious,12,3,4,Clean,85.0
SLW-0407,Trouser,Khaki,Cotton,Casual,80,0,2,Clean,46.67
SLW-0408,Leggings,Black,Polyester,Home,136,1,3,Clean,32.0
SLW-0409,Dress,Green,Cotton,Casual,88,2,2,Dirty,41.33
SLW-0410,Dress,Red,Cotton,Casual,91,1,2,Clean,39.33
SLW-0411,Jacket,Grey,Denim,Casual,92,3,5,Clean,69.33
SLW-0412,Trouser,Navy,Cotton,Casual,80,2,2,Dirty,46.67
SLW-0413,Batik Shirt,Red,Batik,Casual,77,3,3,Dirty,23.0
SLW-0414,Kurti,Yellow,Cotton,Casual,96,1,2,Clean,36.0
SLW-0415,Salwar,Green,Cotton,Casual,90,1,2,Clean,40.0
SLW-0416,Blouse,Gold,Cotton,Casual,82,1,2,Clean,45.33
SLW-0417,Jeans,Blue,Denim,Casual,98,3,5,Clean,67.33
SLW-0418,National Dress,Gold,Silk,Wedding,3,3,4,Clean,96.25
SLW-0419,Shirt,Grey,Linen,Office,57,2,2,Dirty,52.5
SLW-0420,Salwar,White,Cotton,Casual,88,1,2,Clean,41.33
SLW-0421,Blouse,Green,Silk,Wedding,4,3,4,Clean,95.0
SLW-0422,Sarong,White,Cotton,Home,149,2,2,Dirty,0.67
SLW-0423,Leggings,Grey,Polyester,Home,136,3,3,Dirty,32.0
SLW-0424,Vest,Black,Cotton,Home,145,0,2,Clean,3.33
SLW-0425,Kurtha,White,Cotton,Religious,12,1,2,Clean,92.0
SLW-0426,Trouser,Grey,Linen,Office,58,0,2,Clean,51.67
SLW-0427,Trouser,Navy,Cotton,Casual,81,2,2,Dirty,46.0
SLW-0428,Trouser,Black,Linen,Office,54,0,2,Clean,55.0
SLW-0429,T-Shirt,White,Polyester,Casual,95,3,3,Dirty,52.5
SLW-0430,Kurti,Green,Cotton,Casual,75,1,2,Clean,50.0
SLW-0431,Batik Shirt,Red,Batik,Casual,79,2,3,Clean,21.0
SLW-0432,Salwar,Pink,Silk,Wedding,1,3,4,Clean,98.75
SLW-0433,National Dress,Gold,Cotton,Religious,11,0,2,Clean,92.67
SLW-0434,Jacket,Grey,Denim,Casual,93,2,5,Clean,69.0
SLW-0435,Blouse,Green,Silk,Wedding,4,1,4,Clean,95.0
SLW-0436,Leggings,Grey,Polyester,Home,138,3,3,Dirty,31.0
SLW-0437,Salwar,White,Silk,Wedding,4,2,4,Clean,95.0
SLW-0438,Dress,Blue,Cotton,Casual,78,0,2,Clean,48.0
SLW-0439,Vest,Black,Cotton,Home,124,0,2,Clean,17.33
SLW-0440,Salwar,Blue,Silk,Wedding,2,3,4,Clean,97.5
SLW-0441,Batik Shirt,Blue,Batik,Casual,90,3,3,Dirty,10.0
SLW-0442,T-Shirt,White,Cotton,Casual,87,2,2,Dirty,42.0
SLW-0443,Dress,Green,Cotton,Casual,73,1,2,Clean,51.33
SLW-0444,Kurti,Pink,Cotton,Casual,87,1,2,Clean,42.0
SLW-0445,Batik Shirt,Multicolor,Batik,Office,42,1,3,Clean,58.0
SLW-0446,Sarong,Brown,Cotton,Home,143,2,2,Dirty,4.67
SLW-0447,Shirt,Blue,Cotton,Office,52,2,2,Dirty,65.33
SLW-0448,Trouser,Khaki,Linen,Office,44,0,2,Clean,63.33
SLW-0449,Leggings,Navy,Polyester,Home,133,2,3,Clean,33.5
SLW-0450,Shorts,Blue,Cotton,Home,129,0,2,Clean,14.0
SLW-0451,Sarong,Blue,Batik,Casual,87,0,3,Clean,13.0
SLW-0452,Dress,Red,Silk,Wedding,3,0,4,Clean,96.25
SLW-0453,National Dress,White,Silk,Wedding,2,4,4,Dirty,97.5
SLW-0454,Jeans,Black,Denim,Casual,91,3,5,Clean,69.67
SLW-0455,Trouser,Khaki,Cotton,Casual,84,2,2,Dirty,44.0
SLW-0456,Kurti,Green,Cotton,Casual,82,2,2,Dirty,45.33
SLW-0457,Jacket,Black,Denim,Casual,87,3,5,Clean,71.0
SLW-0458,Blouse,Blue,Silk,Wedding,2,3,4,Clean,97.5
SLW-0459,T-Shirt,Blue,Cotton,Casual,84,0,2,Clean,44.0
SLW-0460,National Dress,Cream,Cotton,Religious,10,1,2,Clean,93.33
SLW-0461,National Dress,White,Silk,Wedding,4,2,4,Clean,95.0
SLW-0462,Trouser,Grey,Cotton,Casual,88,1,2,Clean,41.33
SLW-0463,Sarong,Blue,Batik,Casual,83,3,3,Dirty,17.0
SLW-0464,National Dress,Cream,Cotton,Religious,12,0,2,Clean,92.0
SLW-0465,Batik Shirt,Blue,Batik,Casual,87,1,3,Clean,13.0
SLW-0466,Sarong,Cream,Batik,Casual,86,2,3,Clean,14.0
SLW-0467,Saree,Gold,Silk,Religious,12,4,4,Dirty,85.0
SLW-0468,Batik Shirt,Brown,Batik,Casual,93,1,3,Clean,7.0
SLW-0469,Blouse,Green,Silk,Wedding,2,1,4,Clean,97.5
SLW-0470,Vest,Black,Cotton,Home,133,0,2,Clean,11.33
SLW-0471,Sarong,Cream,Cotton,Home,135,1,2,Clean,10.0
SLW-0472,Saree,Blue,Silk,Religious,8,4,4,Dirty,90.0
SLW-0473,Kurtha,White,Cotton,Religious,9,0,2,Clean,94.0
SLW-0474,Trouser,Navy,Cotton,Casual,97,0,2,Clean,35.33
SLW-0475,Sarong,Cream,Cotton,Home,149,1,2,Clean,0.67
SLW-0476,Kurti,Blue,Cotton,Casual,86,1,2,Clean,42.67
SLW-0477,Saree,Red,Cotton,Casual,92,1,2,Clean,38.67
SLW-0478,Saree,Purple,Silk,Religious,12,3,4,Clean,85.0
SLW-0479,Batik Shirt,Multicolor,Batik,Office,68,0,3,Clean,32.0
SLW-0480,Dress,Pink,Cotton,Casual,95,1,2,Clean,36.67
SLW-0481,Kurti,Yellow,Cotton,Casual,87,0,2,Clean,42.0
SLW-0482,Jacket,Black,Polyester,Casual,81,1,3,Clean,59.5
SLW-0483,Salwar,Blue,Silk,Wedding,1,4,4,Dirty,98.75
SLW-0484,Dress,Red,Cotton,Casual,89,2,2,Dirty,40.67
SLW-0485,Sarong,Green,Batik,Casual,82,3,3,Dirty,18.0
SLW-0486,Shorts,Black,Cotton,Home,126,2,2,Dirty,16.0
SLW-0487,Dress,Red,Silk,Wedding,2,3,4,Clean,97.5
SLW-0488,Jacket,Grey,Denim,Casual,80,0,5,Clean,73.33
SLW-0489,Kurti,Blue,Silk,Religious,14,1,4,Clean,82.5
SLW-0490,Saree,Purple,Silk,Religious,13,2,4,Clean,83.75
SLW-0491,Trouser,Grey,Linen,Office,49,2,2,Dirty,59.17
SLW-0492,Jeans,Grey,Denim,Casual,98,4,5,Clean,67.33
SLW-0493,T-Shirt,Grey,Polyester,Casual,88,3,3,Dirty,56.0
SLW-0494,Kurti,Blue,Silk,Religious,10,3,4,Clean,87.5
SLW-0495,Kurtha,White,Cotton,Religious,14,2,2,Dirty,90.67
SLW-0496,Blouse,Gold,Cotton,Casual,91,2,2,Dirty,39.33
SLW-0497,Shorts,Blue,Cotton,Home,129,1,2,Clean,14.0
SLW-0498,Shorts,Khaki,Cotton,Home,136,1,2,Clean,9.33
SLW-0499,Jeans,Grey,Denim,Casual,81,3,5,Clean,73.0
SLW-0500,Batik Shirt,Multicolor,Batik,Office,41,2,3,Clean,59.0
SLW-0501,Shirt,Grey,Cotton,Office,55,2,2,Dirty,63.33
SLW-0502,Shirt,Pink,Linen,Office,61,0,2,Clean,49.17
SLW-0503,Batik Shirt,Blue,Batik,Casual,78,0,3,Clean,22.0
SLW-0504,Batik Shirt,Blue,Batik,Casual,91,3,3,Dirty,9.0
SLW-0505,Salwar,Pink,Silk,Wedding,2,2,4,Clean,97.5
SLW-0506,School Uniform,Blue,Cotton,Office,47,0,2,Clean,68.67
SLW-0507,Trouser,Khaki,Cotton,Casual,83,0,2,Clean,44.67
SLW-0508,Shirt,Pink,Linen,Office,44,2,2,Dirty,63.33
SLW-0509,Blouse,Red,Cotton,Casual,88,2,2,Dirty,41.33
SLW-0510,T-Shirt,Blue,Polyester,Casual,82,2,3,Clean,59.0
SLW-0511,Batik Shirt,Brown,Batik,Office,51,1,3,Clean,49.0
SLW-0512,Trouser,Navy,Cotton,Casual,87,1,2,Clean,42.0
SLW-0513,Blouse,Green,Cotton,Casual,86,0,2,Clean,42.67
SLW-0514,Blouse,Green,Cotton,Casual,81,2,2,Dirty,46.0
SLW-0515,Batik Shirt,Brown,Batik,Office,46,2,3,Clean,54.0
SLW-0516,Kurtha,Blue,Cotton,Religious,13,1,2,Clean,91.33
SLW-0517,Vest,Black,Cotton,Home,142,2,2,Dirty,5.33
SLW-0518,Trouser,Black,Cotton,Casual,81,2,2,Dirty,46.0
SLW-0519,Kurti,Blue,Silk,Religious,12,2,4,Clean,85.0
SLW-0520,Saree,Blue,Cotton,Casual,93,1,2,Clean,38.0
SLW-0521,Leggings,Grey,Polyester,Home,124,2,3,Clean,38.0
SLW-0522,Sarong,Cream,Cotton,Home,142,0,2,Clean,5.33
SLW-0523,Kurti,Yellow,Cotton,Casual,83,2,2,Dirty,44.67
SLW-0524,Batik Shirt,Blue,Batik,Casual,91,1,3,Clean,9.0
SLW-0525,Batik Shirt,Multicolor,Batik,Casual,82,1,3,Clean,18.0
SLW-0526,Shorts,White,Cotton,Home,123,1,2,Clean,18.0
SLW-0527,Saree,Blue,Cotton,Casual,76,1,2,Clean,49.33
SLW-0528,Salwar,White,Silk,Wedding,3,2,4,Clean,96.25
SLW-0529,Jacket,Navy,Denim,Casual,89,0,5,Clean,70.33
SLW-0530,Saree,Red,Cotton,Casual,81,2,2,Dirty,46.0
SLW-0531,Trouser,Grey,Cotton,Casual,92,0,2,Clean,38.67
SLW-0532,Dress,Yellow,Cotton,Casual,76,2,2,Dirty,49.33
SLW-0533,Dress,Yellow,Silk,Wedding,2,4,4,Dirty,97.5
SLW-0534,Shorts,Blue,Cotton,Home,128,1,2,Clean,14.67
SLW-0535,Vest,White,Cotton,Home,132,2,2,Dirty,12.0
SLW-0536,Shirt,White,Linen,Office,50,1,2,Clean,58.33
SLW-0537,T-Shirt,Grey,Polyester,Casual,81,3,3,Dirty,59.5
SLW-0538,Trouser,Black,Cotton,Casual,85,1,2,Clean,43.33
SLW-0539,National Dress,Gold,Silk,Wedding,3,3,4,Clean,96.25
SLW-0540,Sarong,Cream,Batik,Casual,83,0,3,Clean,17.0
SLW-0541,T-Shirt,Black,Polyester,Casual,93,1,3,Clean,53.5
SLW-0542,Vest,Grey,Cotton,Home,128,1,2,Clean,14.67
SLW-0543,Shirt,White,Cotton,Office,53,0,2,Clean,64.67
SLW-0544,Dress,Blue,Silk,Wedding,4,3,4,Clean,95.0
SLW-0545,Saree,Purple,Silk,Religious,8,3,4,Clean,90.0
SLW-0546,Salwar,Blue,Cotton,Casual,82,0,2,Clean,45.33
SLW-0547,Batik Shirt,Blue,Batik,Casual,92,3,3,Dirty,8.0
SLW-0548,Shorts,Khaki,Cotton,Home,136,0,2,Clean,9.33
SLW-0549,Leggings,Grey,Polyester,Home,140,0,3,Clean,30.0
SLW-0550,Kurti,Purple,Cotton,Casual,83,1,2,Clean,44.67
SLW-0551,Jeans,Grey,Denim,Casual,88,5,5,Dirty,70.67
SLW-0552,Shorts,Black,Cotton,Home,136,1,2,Clean,9.33
SLW-0553,Jeans,Black,Denim,Casual,96,0,5,Clean,68.0
SLW-0554,Saree,Green,Cotton,Casual,89,2,2,Dirty,40.67
SLW-0555,Blouse,Red,Silk,Wedding,3,2,4,Clean,96.25
SLW-0556,Shorts,Blue,Cotton,Home,134,0,2,Clean,10.67
SLW-0557,Shorts,Khaki,Cotton,Home,134,2,2,Dirty,10.67
SLW-0558,Jacket,Brown,Polyester,Casual,84,0,3,Clean,58.0
SLW-0559,Blouse,Green,Cotton,Casual,90,1,2,Clean,40.0
SLW-0560,National Dress,White,Silk,Wedding,2,2,4,Clean,97.5
SLW-0561,Batik Shirt,Brown,Batik,Casual,90,0,3,Clean,10.0
SLW-0562,Jacket,Grey,Denim,Casual,102,2,5,Clean,66.0
SLW-0563,Salwar,Pink,Silk,Wedding,3,1,4,Clean,96.25
SLW-0564,Batik Shirt,Red,Batik,Office,48,1,3,Clean,52.0
SLW-0565,National Dress,Gold,Cotton,Religious,13,0,2,Clean,91.33
SLW-0566,Saree,Gold,Silk,Religious,11,0,4,Clean,86.25
SLW-0567,Vest,Grey,Cotton,Home,121,2,2,Dirty,19.33
SLW-0568,Dress,Pink,Cotton,Casual,80,2,2,Dirty,46.67
SLW-0569,Dress,Pink,Cotton,Casual,74,2,2,Dirty,50.67
SLW-0570,Trouser,Grey,Linen,Office,47,2,2,Dirty,60.83
SLW-0571,Blouse,Green,Cotton,Casual,88,2,2,Dirty,41.33
SLW-0572,Saree,Red,Silk,Religious,14,3,4,Clean,82.5
SLW-0573,Dress,Green,Silk,Wedding,3,3,4,Clean,96.25
SLW-0574,Kurtha,Blue,Cotton,Religious,11,1,2,Clean,92.67
SLW-0575,Sarong,Brown,Batik,Casual,93,2,3,Clean,7.0
SLW-0576,Batik Shirt,Multicolor,Batik,Casual,72,2,3,Clean,28.0
SLW-0577,Dress,Red,Cotton,Casual,89,0,2,Clean,40.67
SLW-0578,Shirt,White,Linen,Office,54,1,2,Clean,55.0
SLW-0579,Trouser,Khaki,Linen,Office,41,0,2,Clean,65.83
SLW-0580,Dress,Pink,Cotton,Casual,96,2,2,Dirty,36.0
SLW-0581,Kurtha,White,Cotton,Religious,12,2,2,Dirty,92.0
SLW-0582,Dress,Blue,Cotton,Casual,85,2,2,Dirty,43.33
SLW-0583,Shirt,Pink,Cotton,Office,53,2,2,Dirty,64.67
SLW-0584,Jacket,Black,Polyester,Casual,103,1,3,Clean,48.5
SLW-0585,Dress,Green,Cotton,Casual,89,0,2,Clean,40.67
SLW-0586,Salwar,Pink,Cotton,Casual,89,0,2,Clean,40.67
SLW-0587,Sarong,Green,Batik,Casual,84,1,3,Clean,16.0
SLW-0588,Dress,Pink,Cotton,Casual,82,2,2,Dirty,45.33
SLW-0589,Kurti,Pink,Silk,Religious,13,1,4,Clean,83.75
SLW-0590,Shirt,Pink,Linen,Office,44,1,2,Clean,63.33
SLW-0591,Shorts,Black,Cotton,Home,138,1,2,Clean,8.0
SLW-0592,Kurtha,Blue,Cotton,Religious,11,2,2,Dirty,92.67
SLW-0593,Shirt,Grey,Cotton,Office,52,0,2,Clean,65.33
SLW-0594,Batik Shirt,Red,Batik,Office,52,3,3,Dirty,48.0
SLW-0595,T-Shirt,Grey,Cotton,Casual,95,2,2,Dirty,36.67
SLW-0596,Blouse,Green,Cotton,Casual,84,0,2,Clean,44.0
SLW-0597,Batik Shirt,Red,Batik,Casual,86,1,3,Clean,14.0
SLW-0598,T-Shirt,Black,Polyester,Casual,81,3,3,Dirty,59.5
SLW-0599,Kurti,Pink,Silk,Religious,11,0,4,Clean,86.25
SLW-0600,School Uniform,Blue,Cotton,Office,52,1,2,Clean,65.33
SLW-0601,Blouse,Red,Silk,Wedding,3,1,4,Clean,96.25
SLW-0602,Trouser,Khaki,Linen,Office,44,2,2,Dirty,63.33
SLW-0603,Jacket,Black,Polyester,Casual,94,2,3,Clean,53.0
SLW-0604,Shirt,Blue,Linen,Office,58,1,2,Clean,51.67
SLW-0605,National Dress,Cream,Cotton,Religious,12,1,2,Clean,92.0
SLW-0606,National Dress,White,Cotton,Religious,14,0,2,Clean,90.67
SLW-0607,Saree,Blue,Silk,Religious,10,0,4,Clean,87.5
SLW-0608,Blouse,Red,Cotton,Casual,79,0,2,Clean,47.33
SLW-0609,Trouser,Navy,Cotton,Casual,75,1,2,Clean,50.0
SLW-0610,Kurti,Green,Silk,Religious,14,3,4,Clean,82.5
SLW-0611,Saree,Purple,Cotton,Casual,92,0,2,Clean,38.67
SLW-0612,Kurtha,Blue,Cotton,Religious,11,0,2,Clean,92.67
SLW-0613,Dress,Yellow,Cotton,Casual,89,0,2,Clean,40.67
SLW-0614,Shirt,Blue,Linen,Office,43,2,2,Dirty,64.17
SLW-0615,Dress,Green,Cotton,Casual,105,2,2,Dirty,30.0
SLW-0616,Vest,Grey,Cotton,Home,139,2,2,Dirty,7.33
SLW-0617,National Dress,White,Silk,Wedding,3,4,4,Dirty,96.25
SLW-0618,T-Shirt,Black,Polyester,Casual,93,3,3,Dirty,53.5
SLW-0619,Shirt,Pink,Linen,Office,52,2,2,Dirty,56.67
SLW-0620,Dress,Yellow,Cotton,Casual,89,1,2,Clean,40.67
SLW-0621,Jacket,Navy,Polyester,Casual,82,3,3,Dirty,59.0
SLW-0622,Blouse,Gold,Silk,Wedding,3,1,4,Clean,96.25
SLW-0623,Blouse,Red,Cotton,Casual,101,1,2,Clean,32.67
SLW-0624,Trouser,Grey,Linen,Office,58,1,2,Clean,51.67
SLW-0625,School Uniform,White,Cotton,Office,59,0,2,Clean,60.67
SLW-0626,T-Shirt,Black,Polyester,Casual,84,0,3,Clean,58.0
SLW-0627,T-Shirt,Grey,Cotton,Casual,81,1,2,Clean,46.0
SLW-0628,Saree,Red,Silk,Religious,11,3,4,Clean,86.25
SLW-0629,Leggings,Grey,Polyester,Home,138,1,3,Clean,31.0
SLW-0630,Jacket,Black,Denim,Casual,95,2,5,Clean,68.33
SLW-0631,Shorts,Khaki,Cotton,Home,124,0,2,Clean,17.33
SLW-0632,Jacket,Navy,Polyester,Casual,98,2,3,Clean,51.0
SLW-0633,Jeans,Black,Denim,Casual,86,0,5,Clean,71.33
SLW-0634,National Dress,Cream,Silk,Wedding,2,0,4,Clean,97.5
SLW-0635,Leggings,Navy,Polyester,Home,129,0,3,Clean,35.5
SLW-0636,Trouser,Navy,Linen,Office,40,1,2,Clean,66.67
SLW-0637,Saree,Blue,Silk,Religious,13,0,4,Clean,83.75
SLW-0638,Leggings,Navy,Polyester,Home,138,3,3,Dirty,31.0
SLW-0639,Blouse,Blue,Silk,Wedding,1,1,4,Clean,98.75
SLW-0640,Dress,Red,Cotton,Casual,78,2,2,Dirty,48.0
SLW-0641,Jacket,Black,Denim,Casual,85,0,5,Clean,71.67
SLW-0642,T-Shirt,Black,Cotton,Casual,99,0,2,Clean,34.0
SLW-0643,School Uniform,Blue,Cotton,Office,48,2,2,Dirty,68.0
SLW-0644,Batik Shirt,Brown,Batik,Office,40,2,3,Clean,60.0
SLW-0645,T-Shirt,White,Polyester,Casual,86,0,3,Clean,57.0
SLW-0646,National Dress,Gold,Silk,Wedding,2,3,4,Clean,97.5
SLW-0647,Kurtha,Cream,Cotton,Religious,7,2,2,Dirty,95.33
SLW-0648,Batik Shirt,Multicolor,Batik,Casual,87,0,3,Clean,13.0
SLW-0649,Kurti,Blue,Silk,Religious,11,4,4,Dirty,86.25
SLW-0650,Trouser,Navy,Linen,Office,54,2,2,Dirty,55.0
SLW-0651,Salwar,Blue,Cotton,Casual,100,0,2,Clean,33.33
SLW-0652,Shorts,White,Cotton,Home,147,0,2,Clean,2.0
SLW-0653,National Dress,Cream,Silk,Wedding,2,4,4,Dirty,97.5
SLW-0654,Saree,Red,Cotton,Casual,80,2,2,Dirty,46.67
SLW-0655,Jacket,Black,Polyester,Casual,106,2,3,Clean,47.0
SLW-0656,Jacket,Brown,Polyester,Casual,88,0,3,Clean,56.0
SLW-0657,Blouse,Red,Cotton,Casual,88,1,2,Clean,41.33
SLW-0658,Trouser,Grey,Linen,Office,49,1,2,Clean,59.17
SLW-0659,T-Shirt,White,Cotton,Casual,89,2,2,Dirty,40.67
SLW-0660,Shirt,Grey,Linen,Office,49,0,2,Clean,59.17
SLW-0661,National Dress,Gold,Silk,Wedding,2,0,4,Clean,97.5
SLW-0662,Salwar,Pink,Silk,Wedding,2,2,4,Clean,97.5
SLW-0663,Sarong,Brown,Batik,Casual,87,2,3,Clean,13.0
SLW-0664,Shirt,Blue,Cotton,Office,46,2,2,Dirty,69.33
SLW-0665,Blouse,Blue,Silk,Wedding,2,3,4,Clean,97.5
SLW-0666,Trouser,Navy,Linen,Office,50,0,2,Clean,58.33
SLW-0667,Batik Shirt,Blue,Batik,Casual,86,3,3,Dirty,14.0
SLW-0668,T-Shirt,White,Polyester,Casual,98,1,3,Clean,51.0
SLW-0669,Kurtha,White,Cotton,Religious,8,0,2,Clean,94.67
SLW-0670,Shirt,Pink,Cotton,Office,56,1,2,Clean,62.67
SLW-0671,Blouse,Blue,Silk,Wedding,3,4,4,Dirty,96.25
SLW-0672,T-Shirt,Black,Cotton,Casual,73,0,2,Clean,51.33
SLW-0673,T-Shirt,White,Polyester,Casual,85,2,3,Clean,57.5
SLW-0674,Blouse,Green,Cotton,Casual,85,2,2,Dirty,43.33
SLW-0675,T-Shirt,Blue,Cotton,Casual,78,0,2,Clean,48.0
SLW-0676,Shorts,Khaki,Cotton,Home,131,1,2,Clean,12.67
SLW-0677,Jacket,Grey,Denim,Casual,80,3,5,Clean,73.33
SLW-0678,Saree,Green,Cotton,Casual,100,1,2,Clean,33.33
SLW-0679,Shirt,Grey,Linen,Office,55,2,2,Dirty,54.17
SLW-0680,Kurtha,Blue,Cotton,Religious,13,0,2,Clean,91.33
SLW-0681,Shorts,Khaki,Cotton,Home,143,0,2,Clean,4.67
SLW-0682,Kurti,Purple,Silk,Religious,10,1,4,Clean,87.5
SLW-0683,T-Shirt,White,Polyester,Casual,84,2,3,Clean,58.0
SLW-0684,Batik Shirt,Red,Batik,Casual,91,2,3,Clean,9.0
SLW-0685,T-Shirt,Grey,Polyester,Casual,79,3,3,Dirty,60.5
SLW-0686,Salwar,Pink,Cotton,Casual,92,1,2,Clean,38.67
SLW-0687,Salwar,Blue,Cotton,Casual,86,1,2,Clean,42.67
SLW-0688,Dress,Green,Cotton,Casual,85,0,2,Clean,43.33
SLW-0689,Kurti,Pink,Silk,Religious,13,3,4,Clean,83.75
SLW-0690,Trouser,Black,Linen,Office,52,0,2,Clean,56.67
SLW-0691,Trouser,Khaki,Cotton,Casual,85,2,2,Dirty,43.33
SLW-0692,Shirt,Blue,Linen,Office,56,2,2,Dirty,53.33
SLW-0693,Sarong,Brown,Cotton,Home,129,0,2,Clean,14.0
SLW-0694,Trouser,Black,Cotton,Casual,92,1,2,Clean,38.67
SLW-0695,Saree,Gold,Silk,Religious,12,0,4,Clean,85.0
SLW-0696,Vest,Grey,Cotton,Home,135,2,2,Dirty,10.0
SLW-0697,Shirt,White,Linen,Office,51,1,2,Clean,57.5
SLW-0698,Kurti,Yellow,Silk,Religious,10,1,4,Clean,87.5
SLW-0699,Shirt,Pink,Linen,Office,55,1,2,Clean,54.17
SLW-0700,Vest,Black,Cotton,Home,136,0,2,Clean,9.33
SLW-0701,Saree,Blue,Silk,Religious,11,4,4,Dirty,86.25
SLW-0702,Jeans,Grey,Denim,Casual,95,2,5,Clean,68.33
SLW-0703,T-Shirt,White,Cotton,Casual,83,0,2,Clean,44.67
SLW-0704,Sarong,Cream,Cotton,Home,126,2,2,Dirty,16.0
SLW-0705,Dress,Yellow,Silk,Wedding,1,4,4,Dirty,98.75
SLW-0706,Leggings,Grey,Polyester,Home,142,0,3,Clean,29.0
SLW-0707,Vest,Black,Cotton,Home,127,1,2,Clean,15.33
SLW-0708,Dress,Pink,Cotton,Casual,100,0,2,Clean,33.33
SLW-0709,T-Shirt,Black,Polyester,Casual,73,3,3,Dirty,63.5
SLW-0710,Batik Shirt,Blue,Batik,Office,60,1,3,Clean,40.0
SLW-0711,Dress,Yellow,Cotton,Casual,89,0,2,Clean,40.67
SLW-0712,Batik Shirt,Red,Batik,Casual,87,2,3,Clean,13.0
SLW-0713,Salwar,Blue,Cotton,Casual,84,0,2,Clean,44.0
SLW-0714,Jacket,Navy,Denim,Casual,90,2,5,Clean,70.0
SLW-0715,Salwar,Pink,Cotton,Casual,87,2,2,Dirty,42.0
SLW-0716,Kurtha,Blue,Cotton,Religious,13,1,2,Clean,91.33
SLW-0717,National Dress,White,Silk,Wedding,3,0,4,Clean,96.25
SLW-0718,Kurtha,White,Cotton,Religious,12,0,2,Clean,92.0
SLW-0719,Kurtha,White,Cotton,Religious,11,1,2,Clean,92.67
SLW-0720,Shirt,Grey,Linen,Office,49,2,2,Dirty,59.17
SLW-0721,Dress,Blue,Cotton,Casual,90,2,2,Dirty,40.0
SLW-0722,Kurti,Blue,Silk,Religious,9,0,4,Clean,88.75
SLW-0723,T-Shirt,Red,Polyester,Casual,78,3,3,Dirty,61.0
SLW-0724,Jacket,Brown,Polyester,Casual,93,3,3,Dirty,53.5
SLW-0725,Blouse,Red,Silk,Wedding,3,4,4,Dirty,96.25
SLW-0726,Saree,Red,Silk,Religious,11,2,4,Clean,86.25
SLW-0727,Dress,Pink,Cotton,Casual,88,1,2,Clean,41.33
SLW-0728,Shirt,Blue,Linen,Office,52,0,2,Clean,56.67
SLW-0729,Vest,Grey,Cotton,Home,133,0,2,Clean,11.33
SLW-0730,Jacket,Black,Polyester,Casual,82,0,3,Clean,59.0
SLW-0731,Jacket,Grey,Polyester,Casual,89,1,3,Clean,55.5
SLW-0732,Saree,Blue,Cotton,Casual,81,0,2,Clean,46.0
SLW-0733,Leggings,Grey,Polyester,Home,141,1,3,Clean,29.5
SLW-0734,Jacket,Black,Polyester,Casual,76,2,3,Clean,62.0
SLW-0735,T-Shirt,Grey,Cotton,Casual,95,0,2,Clean,36.67
SLW-0736,T-Shirt,Blue,Cotton,Casual,91,0,2,Clean,39.33
SLW-0737,Kurti,Blue,Silk,Religious,12,4,4,Dirty,85.0
SLW-0738,Jacket,Navy,Polyester,Casual,94,1,3,Clean,53.0
SLW-0739,Saree,Purple,Cotton,Casual,99,2,2,Dirty,34.0
SLW-0740,Salwar,Blue,Silk,Wedding,3,4,4,Dirty,96.25
SLW-0741,Blouse,Red,Silk,Wedding,1,4,4,Dirty,98.75
SLW-0742,Blouse,Red,Silk,Wedding,1,0,4,Clean,98.75
SLW-0743,Sarong,Cream,Batik,Casual,83,2,3,Clean,17.0
SLW-0744,Vest,Grey,Cotton,Home,138,2,2,Dirty,8.0
SLW-0745,Kurti,Yellow,Silk,Religious,12,0,4,Clean,85.0
SLW-0746,Jacket,Grey,Denim,Casual,82,5,5,Dirty,72.67
SLW-0747,Trouser,Khaki,Linen,Office,51,1,2,Clean,57.5
SLW-0748,National Dress,Cream,Silk,Wedding,2,3,4,Clean,97.5
SLW-0749,Dress,Red,Cotton,Casual,83,0,2,Clean,44.67
SLW-0750,Saree,Green,Cotton,Casual,78,1,2,Clean,48.0
SLW-0751,Dress,Blue,Silk,Wedding,2,3,4,Clean,97.5
SLW-0752,Shirt,Blue,Cotton,Office,41,2,2,Dirty,72.67
SLW-0753,Shirt,Grey,Cotton,Office,44,2,2,Dirty,70.67
SLW-0754,Salwar,Green,Silk,Wedding,3,2,4,Clean,96.25
SLW-0755,Saree,Purple,Silk,Religious,10,2,4,Clean,87.5
SLW-0756,School Uniform,Blue,Cotton,Office,65,0,2,Clean,56.67
SLW-0757,National Dress,White,Silk,Wedding,3,3,4,Clean,96.25
SLW-0758,T-Shirt,Black,Cotton,Casual,89,1,2,Clean,40.67
SLW-0759,Saree,Red,Silk,Religious,10,0,4,Clean,87.5
SLW-0760,T-Shirt,Grey,Polyester,Casual,92,3,3,Dirty,54.0
SLW-0761,Shorts,Blue,Cotton,Home,133,0,2,Clean,11.33
SLW-0762,Blouse,Green,Silk,Wedding,3,2,4,Clean,96.25
SLW-0763,National Dress,Cream,Cotton,Religious,15,0,2,Clean,90.0
SLW-0764,Jacket,Brown,Polyester,Casual,87,3,3,Dirty,56.5
SLW-0765,Jacket,Brown,Denim,Casual,96,2,5,Clean,68.0
SLW-0766,Sarong,Green,Cotton,Home,132,0,2,Clean,12.0
SLW-0767,Jacket,Navy,Polyester,Casual,87,3,3,Dirty,56.5
SLW-0768,National Dress,Cream,Cotton,Religious,14,2,2,Dirty,90.67
SLW-0769,Sarong,Blue,Batik,Casual,83,0,3,Clean,17.0
SLW-0770,Dress,Yellow,Silk,Wedding,4,4,4,Dirty,95.0
SLW-0771,T-Shirt,White,Polyester,Casual,92,0,3,Clean,54.0
SLW-0772,Shorts,White,Cotton,Home,133,0,2,Clean,11.33
SLW-0773,Salwar,Green,Silk,Wedding,3,2,4,Clean,96.25
SLW-0774,Shirt,Pink,Linen,Office,55,0,2,Clean,54.17
SLW-0775,Sarong,Blue,Batik,Casual,92,1,3,Clean,8.0
SLW-0776,School Uniform,White,Cotton,Office,40,1,2,Clean,73.33
SLW-0777,Jeans,Black,Denim,Casual,82,4,5,Clean,72.67
SLW-0778,Vest,Grey,Cotton,Home,136,2,2,Dirty,9.33
SLW-0779,Blouse,Red,Silk,Wedding,2,4,4,Dirty,97.5
SLW-0780,Saree,Green,Silk,Religious,12,0,4,Clean,85.0
SLW-0781,Shirt,Grey,Linen,Office,51,1,2,Clean,57.5
SLW-0782,Vest,White,Cotton,Home,127,0,2,Clean,15.33
SLW-0783,Kurti,Yellow,Silk,Religious,12,4,4,Dirty,85.0
SLW-0784,Jacket,Black,Polyester,Casual,92,0,3,Clean,54.0
SLW-0785,Sarong,Blue,Batik,Casual,91,1,3,Clean,9.0
SLW-0786,Kurtha,Blue,Cotton,Religious,13,1,2,Clean,91.33
SLW-0787,Dress,Pink,Cotton,Casual,93,0,2,Clean,38.0
SLW-0788,Jacket,Navy,Denim,Casual,91,4,5,Clean,69.67
SLW-0789,Shirt,Grey,Cotton,Office,49,2,2,Dirty,67.33
SLW-0790,Saree,Purple,Cotton,Casual,76,1,2,Clean,49.33
SLW-0791,Salwar,Blue,Silk,Wedding,3,2,4,Clean,96.25
SLW-0792,Jacket,Grey,Polyester,Casual,89,3,3,Dirty,55.5
SLW-0793,Dress,Green,Silk,Wedding,3,0,4,Clean,96.25
SLW-0794,Shirt,White,Cotton,Office,42,2,2,Dirty,72.0
SLW-0795,Shorts,White,Cotton,Home,129,2,2,Dirty,14.0
SLW-0796,Kurtha,Blue,Cotton,Religious,13,2,2,Dirty,91.33
SLW-0797,Trouser,Khaki,Linen,Office,49,0,2,Clean,59.17
SLW-0798,T-Shirt,Grey,Cotton,Casual,92,2,2,Dirty,38.67
SLW-0799,Kurti,Blue,Cotton,Casual,88,0,2,Clean,41.33
SLW-0800,Kurti,Green,Cotton,Casual,88,1,2,Clean,41.33
SLW-0801,Jacket,Navy,Polyester,Casual,94,3,3,Dirty,53.0
SLW-0802,Blouse,Red,Silk,Wedding,2,1,4,Clean,97.5
SLW-0803,Kurti,Blue,Cotton,Casual,88,2,2,Dirty,41.33
SLW-0804,National Dress,Cream,Cotton,Religious,11,0,2,Clean,92.67
SLW-0805,Shirt,Blue,Cotton,Office,47,1,2,Clean,68.67
SLW-0806,Shorts,Blue,Cotton,Home,135,2,2,Dirty,10.0
SLW-0807,Shorts,Khaki,Cotton,Home,139,2,2,Dirty,7.33
SLW-0808,Blouse,Red,Cotton,Casual,84,2,2,Dirty,44.0
SLW-0809,Salwar,Pink,Cotton,Casual,96,0,2,Clean,36.0
SLW-0810,School Uniform,Blue,Cotton,Office,44,1,2,Clean,70.67
SLW-0811,Jacket,Grey,Polyester,Casual,86,3,3,Dirty,57.0
SLW-0812,Saree,Purple,Cotton,Casual,84,1,2,Clean,44.0
SLW-0813,Shirt,Grey,Cotton,Office,58,2,2,Dirty,61.33
SLW-0814,Trouser,Grey,Cotton,Casual,89,2,2,Dirty,40.67
SLW-0815,Kurti,Green,Silk,Religious,13,3,4,Clean,83.75
SLW-0816,National Dress,Gold,Silk,Wedding,1,2,4,Clean,98.75
SLW-0817,T-Shirt,Blue,Polyester,Casual,89,1,3,Clean,55.5
SLW-0818,Vest,Black,Cotton,Home,145,1,2,Clean,3.33
SLW-0819,National Dress,Gold,Cotton,Religious,12,2,2,Dirty,92.0
SLW-0820,Dress,Yellow,Silk,Wedding,3,2,4,Clean,96.25
SLW-0821,Shirt,Grey,Linen,Office,46,2,2,Dirty,61.67
SLW-0822,T-Shirt,Grey,Polyester,Casual,97,0,3,Clean,51.5
SLW-0823,Trouser,Khaki,Cotton,Casual,104,2,2,Dirty,30.67
SLW-0824,Jacket,Grey,Denim,Casual,85,3,5,Clean,71.67
SLW-0825,Vest,Grey,Cotton,Home,134,0,2,Clean,10.67
SLW-0826,Sarong,White,Batik,Casual,98,2,3,Clean,2.0
SLW-0827,Shirt,Grey,Linen,Office,59,1,2,Clean,50.83
SLW-0828,Salwar,Pink,Silk,Wedding,2,3,4,Clean,97.5
SLW-0829,National Dress,Cream,Cotton,Religious,11,2,2,Dirty,92.67
SLW-0830,Leggings,Black,Polyester,Home,135,2,3,Clean,32.5
SLW-0831,Batik Shirt,Brown,Batik,Office,41,1,3,Clean,59.0
SLW-0832,Sarong,Cream,Batik,Casual,81,1,3,Clean,19.0
SLW-0833,Sarong,Green,Batik,Casual,80,0,3,Clean,20.0
SLW-0834,Shirt,Pink,Cotton,Office,45,2,2,Dirty,70.0
SLW-0835,Batik Shirt,Blue,Batik,Office,49,1,3,Clean,51.0
SLW-0836,School Uniform,Blue,Cotton,Office,51,0,2,Clean,66.0
SLW-0837,Trouser,Khaki,Linen,Office,59,1,2,Clean,50.83
SLW-0838,Trouser,Grey,Linen,Office,44,0,2,Clean,63.33
SLW-0839,Shirt,White,Cotton,Office,55,1,2,Clean,63.33
SLW-0840,Leggings,Navy,Polyester,Home,136,0,3,Clean,32.0
SLW-0841,Kurti,Purple,Cotton,Casual,87,0,2,Clean,42.0
SLW-0842,Salwar,Pink,Silk,Wedding,3,0,4,Clean,96.25
SLW-0843,Shorts,Black,Cotton,Home,129,0,2,Clean,14.0
SLW-0844,Blouse,Blue,Silk,Wedding,3,3,4,Clean,96.25
SLW-0845,Saree,Blue,Cotton,Casual,89,2,2,Dirty,40.67
SLW-0846,Jacket,Black,Denim,Casual,91,0,5,Clean,69.67
SLW-0847,T-Shirt,Blue,Polyester,Casual,90,0,3,Clean,55.0
SLW-0848,T-Shirt,Grey,Polyester,Casual,105,3,3,Dirty,47.5
SLW-0849,Jacket,Navy,Polyester,Casual,83,3,3,Dirty,58.5
SLW-0850,Blouse,Blue,Cotton,Casual,84,2,2,Dirty,44.0
SLW-0851,T-Shirt,White,Cotton,Casual,83,0,2,Clean,44.67
SLW-0852,Shirt,Pink,Cotton,Office,46,0,2,Clean,69.33
SLW-0853,Trouser,Navy,Linen,Office,46,1,2,Clean,61.67
SLW-0854,Sarong,Blue,Cotton,Home,147,2,2,Dirty,2.0
SLW-0855,Kurtha,Blue,Cotton,Religious,14,1,2,Clean,90.67
SLW-0856,Trouser,Navy,Cotton,Casual,84,0,2,Clean,44.0
SLW-0857,Kurti,Yellow,Silk,Religious,10,3,4,Clean,87.5
SLW-0858,Jacket,Black,Polyester,Casual,91,2,3,Clean,54.5
SLW-0859,Jeans,Blue,Denim,Casual,84,5,5,Dirty,72.0
SLW-0860,Saree,Green,Cotton,Casual,92,0,2,Clean,38.67
SLW-0861,Shirt,White,Cotton,Office,51,0,2,Clean,66.0
SLW-0862,T-Shirt,Black,Cotton,Casual,77,1,2,Clean,48.67
SLW-0863,Dress,Green,Cotton,Casual,98,1,2,Clean,34.67
SLW-0864,T-Shirt,Blue,Polyester,Casual,100,0,3,Clean,50.0
SLW-0865,Trouser,Navy,Linen,Office,46,1,2,Clean,61.67
SLW-0866,Sarong,Green,Batik,Casual,85,0,3,Clean,15.0
SLW-0867,T-Shirt,Red,Polyester,Casual,90,1,3,Clean,55.0
SLW-0868,Trouser,Grey,Cotton,Casual,90,2,2,Dirty,40.0
SLW-0869,Salwar,Blue,Cotton,Casual,92,0,2,Clean,38.67
SLW-0870,Shirt,Blue,Linen,Office,62,2,2,Dirty,48.33
SLW-0871,National Dress,Cream,Silk,Wedding,2,1,4,Clean,97.5
SLW-0872,Saree,Purple,Silk,Religious,10,3,4,Clean,87.5
SLW-0873,Shirt,Pink,Linen,Office,41,1,2,Clean,65.83
SLW-0874,Vest,Black,Cotton,Home,132,2,2,Dirty,12.0
SLW-0875,Blouse,Gold,Silk,Wedding,2,1,4,Clean,97.5
SLW-0876,Trouser,Black,Cotton,Casual,100,2,2,Dirty,33.33
SLW-0877,Jacket,Grey,Polyester,Casual,84,3,3,Dirty,58.0
SLW-0878,Batik Shirt,Blue,Batik,Casual,89,0,3,Clean,11.0
SLW-0879,Blouse,Gold,Silk,Wedding,2,4,4,Dirty,97.5
SLW-0880,Kurti,Green,Cotton,Casual,96,2,2,Dirty,36.0
SLW-0881,Saree,Purple,Cotton,Casual,105,1,2,Clean,30.0
SLW-0882,Dress,Blue,Cotton,Casual,84,0,2,Clean,44.0
SLW-0883,Salwar,Green,Cotton,Casual,84,2,2,Dirty,44.0
SLW-0884,Batik Shirt,Blue,Batik,Casual,95,3,3,Dirty,5.0
SLW-0885,Dress,Pink,Cotton,Casual,92,0,2,Clean,38.67
SLW-0886,Shorts,Black,Cotton,Home,149,1,2,Clean,0.67
SLW-0887,School Uniform,Blue,Cotton,Office,53,1,2,Clean,64.67
SLW-0888,Salwar,Green,Silk,Wedding,2,0,4,Clean,97.5
SLW-0889,T-Shirt,Black,Cotton,Casual,92,0,2,Clean,38.67
SLW-0890,Kurti,Blue,Cotton,Casual,95,0,2,Clean,36.67
SLW-0891,Shorts,Black,Cotton,Home,144,1,2,Clean,4.0
SLW-0892,School Uniform,White,Cotton,Office,53,0,2,Clean,64.67
SLW-0893,Leggings,Black,Polyester,Home,146,3,3,Dirty,27.0
SLW-0894,T-Shirt,Black,Polyester,Casual,96,3,3,Dirty,52.0
SLW-0895,Vest,Black,Cotton,Home,149,0,2,Clean,0.67
SLW-0896,Salwar,Blue,Silk,Wedding,3,3,4,Clean,96.25
SLW-0897,Jacket,Brown,Denim,Casual,86,3,5,Clean,71.33
SLW-0898,Blouse,Blue,Cotton,Casual,89,1,2,Clean,40.67
SLW-0899,Batik Shirt,Red,Batik,Casual,96,1,3,Clean,4.0
SLW-0900,Batik Shirt,Multicolor,Batik,Office,45,1,3,Clean,55.0
SLW-0901,Jacket,Navy,Polyester,Casual,90,1,3,Clean,55.0
SLW-0902,Blouse,Red,Silk,Wedding,2,0,4,Clean,97.5
SLW-0903,T-Shirt,Grey,Polyester,Casual,88,3,3,Dirty,56.0
SLW-0904,Shorts,Khaki,Cotton,Home,148,2,2,Dirty,1.33
SLW-0905,Blouse,Gold,Silk,Wedding,3,1,4,Clean,96.25
SLW-0906,Dress,Blue,Cotton,Casual,88,1,2,Clean,41.33
SLW-0907,T-Shirt,White,Cotton,Casual,78,0,2,Clean,48.0
SLW-0908,Sarong,Brown,Batik,Casual,93,3,3,Dirty,7.0
SLW-0909,Vest,White,Cotton,Home,143,0,2,Clean,4.67
SLW-0910,National Dress,White,Cotton,Religious,15,0,2,Clean,90.0
SLW-0911,Kurti,Yellow,Silk,Religious,11,0,4,Clean,86.25
SLW-0912,Kurti,Green,Silk,Religious,12,0,4,Clean,85.0
SLW-0913,Salwar,Green,Silk,Wedding,3,0,4,Clean,96.25
SLW-0914,Dress,Pink,Cotton,Casual,99,0,2,Clean,34.0
SLW-0915,National Dress,White,Cotton,Religious,11,0,2,Clean,92.67
SLW-0916,Jacket,Navy,Polyester,Casual,89,2,3,Clean,55.5
SLW-0917,Blouse,Green,Silk,Wedding,3,4,4,Dirty,96.25
SLW-0918,Kurti,Pink,Cotton,Casual,89,2,2,Dirty,40.67
SLW-0919,National Dress,White,Silk,Wedding,2,2,4,Clean,97.5
SLW-0920,Trouser,Navy,Cotton,Casual,89,2,2,Dirty,40.67
SLW-0921,Shorts,White,Cotton,Home,146,1,2,Clean,2.67
SLW-0922,Sarong,Green,Batik,Casual,80,1,3,Clean,20.0
SLW-0923,School Uniform,White,Cotton,Office,50,1,2,Clean,66.67
SLW-0924,Shirt,Pink,Linen,Office,45,2,2,Dirty,62.5
SLW-0925,Kurtha,Cream,Cotton,Religious,13,2,2,Dirty,91.33
SLW-0926,Salwar,Green,Cotton,Casual,77,1,2,Clean,48.67
SLW-0927,Saree,Green,Silk,Religious,11,2,4,Clean,86.25
SLW-0928,Saree,Green,Cotton,Casual,90,2,2,Dirty,40.0
SLW-0929,National Dress,Cream,Silk,Wedding,4,1,4,Clean,95.0
SLW-0930,Blouse,Gold,Cotton,Casual,87,2,2,Dirty,42.0
SLW-0931,Kurtha,White,Cotton,Religious,11,1,2,Clean,92.67
SLW-0932,School Uniform,Blue,Cotton,Office,61,1,2,Clean,59.33
SLW-0933,School Uniform,White,Cotton,Office,41,2,2,Dirty,72.67
SLW-0934,Jeans,Black,Denim,Casual,72,1,5,Clean,76.0
SLW-0935,National Dress,Gold,Cotton,Religious,12,1,2,Clean,92.0
SLW-0936,Batik Shirt,Red,Batik,Casual,84,3,3,Dirty,16.0
SLW-0937,Batik Shirt,Blue,Batik,Casual,80,1,3,Clean,20.0
SLW-0938,T-Shirt,Grey,Cotton,Casual,92,1,2,Clean,38.67
SLW-0939,Kurti,Blue,Silk,Religious,12,0,4,Clean,85.0
SLW-0940,National Dress,Gold,Cotton,Religious,11,2,2,Dirty,92.67
SLW-0941,Trouser,Navy,Cotton,Casual,79,2,2,Dirty,47.33
SLW-0942,Dress,Green,Silk,Wedding,3,1,4,Clean,96.25
SLW-0943,T-Shirt,Black,Polyester,Casual,92,0,3,Clean,54.0
SLW-0944,Leggings,Navy,Polyester,Home,137,1,3,Clean,31.5
SLW-0945,Batik Shirt,Brown,Batik,Office,61,3,3,Dirty,39.0
SLW-0946,Salwar,Pink,Cotton,Casual,80,2,2,Dirty,46.67
SLW-0947,Jeans,Grey,Denim,Casual,77,1,5,Clean,74.33
SLW-0948,Shirt,Pink,Cotton,Office,45,1,2,Clean,70.0
SLW-0949,Dress,Green,Cotton,Casual,87,2,2,Dirty,42.0
SLW-0950,T-Shirt,Blue,Polyester,Casual,89,2,3,Clean,55.5
SLW-0951,Jacket,Brown,Polyester,Casual,86,3,3,Dirty,57.0
SLW-0952,Batik Shirt,Red,Batik,Office,52,3,3,Dirty,48.0
SLW-0953,Leggings,Grey,Polyester,Home,127,1,3,Clean,36.5
SLW-0954,Shirt,White,Cotton,Office,58,1,2,Clean,61.33
SLW-0955,Kurti,Green,Cotton,Casual,87,0,2,Clean,42.0
SLW-0956,Sarong,Brown,Cotton,Home,146,1,2,Clean,2.67
SLW-0957,Leggings,Grey,Polyester,Home,140,3,3,Dirty,30.0
SLW-0958,Saree,Blue,Silk,Religious,12,1,4,Clean,85.0
SLW-0959,National Dress,Gold,Silk,Wedding,3,3,4,Clean,96.25
SLW-0960,Blouse,Blue,Silk,Wedding,3,1,4,Clean,96.25
SLW-0961,School Uniform,Blue,Cotton,Office,53,2,2,Dirty,64.67
SLW-0962,T-Shirt,Red,Cotton,Casual,97,1,2,Clean,35.33
SLW-0963,Dress,Green,Cotton,Casual,89,0,2,Clean,40.67
SLW-0964,Saree,Purple,Cotton,Casual,92,0,2,Clean,38.67
SLW-0965,Dress,Pink,Silk,Wedding,2,1,4,Clean,97.5
SLW-0966,Trouser,Black,Linen,Office,58,0,2,Clean,51.67
SLW-0967,Blouse,Red,Silk,Wedding,2,0,4,Clean,97.5
SLW-0968,Vest,Grey,Cotton,Home,149,0,2,Clean,0.67
SLW-0969,Saree,Red,Silk,Religious,11,1,4,Clean,86.25
SLW-0970,Salwar,White,Cotton,Casual,77,0,2,Clean,48.67
SLW-0971,National Dress,Cream,Cotton,Religious,12,2,2,Dirty,92.0
SLW-0972,Shirt,Pink,Linen,Office,45,0,2,Clean,62.5
SLW-0973,Trouser,Black,Cotton,Casual,93,1,2,Clean,38.0
SLW-0974,Sarong,Brown,Cotton,Home,132,2,2,Dirty,12.0
SLW-0975,Shorts,Black,Cotton,Home,134,0,2,Clean,10.67
SLW-0976,Jacket,Grey,Polyester,Casual,74,2,3,Clean,63.0
SLW-0977,Sarong,Green,Cotton,Home,134,2,2,Dirty,10.67
SLW-0978,Kurtha,White,Cotton,Religious,8,0,2,Clean,94.67
SLW-0979,Leggings,Navy,Polyester,Home,125,0,3,Clean,37.5
SLW-0980,Saree,Gold,Silk,Religious,13,1,4,Clean,83.75
SLW-0981,Kurti,Pink,Silk,Religious,13,4,4,Dirty,83.75
SLW-0982,Blouse,Green,Silk,Wedding,3,2,4,Clean,96.25
SLW-0983,Kurtha,White,Cotton,Religious,10,1,2,Clean,93.33
SLW-0984,Shirt,Pink,Linen,Office,49,1,2,Clean,59.17
SLW-0985,Kurti,Green,Cotton,Casual,87,0,2,Clean,42.0
SLW-0986,T-Shirt,White,Polyester,Casual,79,0,3,Clean,60.5
SLW-0987,Batik Shirt,Multicolor,Batik,Casual,98,3,3,Dirty,2.0
SLW-0988,Jeans,Black,Denim,Casual,94,4,5,Clean,68.67
SLW-0989,Sarong,Cream,Batik,Casual,86,0,3,Clean,14.0
SLW-0990,Batik Shirt,Multicolor,Batik,Casual,88,3,3,Dirty,12.0
SLW-0991,Trouser,Black,Linen,Office,51,1,2,Clean,57.5
SLW-0992,Jacket,Black,Denim,Casual,73,4,5,Clean,75.67
SLW-0993,National Dress,Gold,Silk,Wedding,2,1,4,Clean,97.5
SLW-0994,Jacket,Brown,Denim,Casual,83,4,5,Clean,72.33
SLW-0995,T-Shirt,White,Cotton,Casual,80,0,2,Clean,46.67
SLW-0996,Trouser,Black,Cotton,Casual,86,1,2,Clean,42.67
SLW-0997,Saree,Red,Cotton,Casual,100,1,2,Clean,33.33
SLW-0998,National Dress,White,Cotton,Religious,12,2,2,Dirty,92.0
SLW-0999,Vest,Grey,Cotton,Home,133,2,2,Dirty,11.33
SLW-1000,Leggings,Grey,Polyester,Home,142,0,3,Clean,29.0
SLW-1001,Saree,Gold,Cotton,Casual,97,2,2,Dirty,35.33
SLW-1002,Kurti,Purple,Cotton,Casual,94,1,2,Clean,37.33
SLW-1003,Shirt,Blue,Cotton,Office,50,1,2,Clean,66.67
SLW-1004,Kurtha,Blue,Cotton,Religious,11,2,2,Dirty,92.67
SLW-1005,Batik Shirt,Blue,Batik,Casual,92,2,3,Clean,8.0
SLW-1006,Batik Shirt,Brown,Batik,Office,52,3,3,Dirty,48.0
SLW-1007,Blouse,Green,Silk,Wedding,3,0,4,Clean,96.25
SLW-1008,Kurti,Purple,Silk,Religious,12,4,4,Dirty,85.0
SLW-1009,Jeans,Blue,Denim,Casual,95,2,5,Clean,68.33
SLW-1010,Trouser,Khaki,Linen,Office,46,1,2,Clean,61.67
SLW-1011,Dress,Green,Silk,Wedding,4,1,4,Clean,95.0
SLW-1012,School Uniform,Blue,Cotton,Office,51,1,2,Clean,66.0
SLW-1013,Saree,Purple,Cotton,Casual,102,2,2,Dirty,32.0
SLW-1014,Trouser,Black,Cotton,Casual,83,1,2,Clean,44.67
SLW-1015,Vest,Grey,Cotton,Home,149,2,2,Dirty,0.67
SLW-1016,Kurtha,Blue,Cotton,Religious,12,0,2,Clean,92.0
SLW-1017,Batik Shirt,Red,Batik,Casual,83,0,3,Clean,17.0
SLW-1018,Saree,Gold,Silk,Religious,11,3,4,Clean,86.25
SLW-1019,Salwar,Blue,Silk,Wedding,2,3,4,Clean,97.5
SLW-1020,Shirt,White,Linen,Office,52,0,2,Clean,56.67
SLW-1021,Sarong,Green,Cotton,Home,142,1,2,Clean,5.33
SLW-1022,Shirt,White,Linen,Office,46,1,2,Clean,61.67
SLW-1023,Saree,Gold,Silk,Religious,11,0,4,Clean,86.25
SLW-1024,Shorts,Khaki,Cotton,Home,149,1,2,Clean,0.67
SLW-1025,Batik Shirt,Blue,Batik,Office,60,0,3,Clean,40.0
SLW-1026,Shirt,White,Linen,Office,52,2,2,Dirty,56.67
SLW-1027,Kurti,Pink,Silk,Religious,12,4,4,Dirty,85.0
SLW-1028,Blouse,Red,Cotton,Casual,88,1,2,Clean,41.33
SLW-1029,T-Shirt,Red,Polyester,Casual,92,3,3,Dirty,54.0
SLW-1030,Vest,Black,Cotton,Home,129,0,2,Clean,14.0
SLW-1031,Jacket,Navy,Denim,Casual,86,4,5,Clean,71.33
SLW-1032,Kurti,Green,Cotton,Casual,76,2,2,Dirty,49.33
SLW-1033,Trouser,Navy,Cotton,Casual,90,1,2,Clean,40.0
SLW-1034,Saree,Blue,Silk,Religious,12,2,4,Clean,85.0
SLW-1035,T-Shirt,Black,Cotton,Casual,84,1,2,Clean,44.0
SLW-1036,Batik Shirt,Multicolor,Batik,Casual,99,1,3,Clean,1.0
SLW-1037,T-Shirt,Blue,Cotton,Casual,79,1,2,Clean,47.33
SLW-1038,Dress,Green,Silk,Wedding,1,0,4,Clean,98.75
SLW-1039,T-Shirt,Red,Cotton,Casual,89,0,2,Clean,40.67
SLW-1040,Kurti,Green,Silk,Religious,13,4,4,Dirty,83.75
SLW-1041,Dress,Blue,Cotton,Casual,99,0,2,Clean,34.0
SLW-1042,T-Shirt,Red,Polyester,Casual,84,0,3,Clean,58.0
SLW-1043,Shirt,Pink,Cotton,Office,56,2,2,Dirty,62.67
SLW-1044,Kurtha,Cream,Cotton,Religious,11,1,2,Clean,92.67
SLW-1045,Shirt,Blue,Cotton,Office,48,1,2,Clean,68.0
SLW-1046,T-Shirt,Grey,Polyester,Casual,94,2,3,Clean,53.0
SLW-1047,Salwar,Green,Cotton,Casual,92,0,2,Clean,38.67
SLW-1048,Shirt,Pink,Cotton,Office,40,0,2,Clean,73.33
SLW-1049,Shirt,Pink,Cotton,Office,58,1,2,Clean,61.33
SLW-1050,Kurti,Pink,Cotton,Casual,97,0,2,Clean,35.33
SLW-1051,Jeans,Black,Denim,Casual,83,2,5,Clean,72.33
SLW-1052,Shirt,Blue,Linen,Office,52,0,2,Clean,56.67
SLW-1053,Kurti,Green,Cotton,Casual,91,2,2,Dirty,39.33
SLW-1054,Trouser,Black,Cotton,Casual,89,2,2,Dirty,40.67
SLW-1055,Salwar,Pink,Silk,Wedding,2,3,4,Clean,97.5
SLW-1056,Dress,Red,Cotton,Casual,83,1,2,Clean,44.67
SLW-1057,Blouse,Blue,Silk,Wedding,2,3,4,Clean,97.5
SLW-1058,Saree,Gold,Silk,Religious,13,2,4,Clean,83.75
SLW-1059,T-Shirt,Black,Cotton,Casual,91,2,2,Dirty,39.33
SLW-1060,Salwar,Green,Cotton,Casual,85,1,2,Clean,43.33
SLW-1061,Batik Shirt,Multicolor,Batik,Casual,93,3,3,Dirty,7.0
SLW-1062,Kurti,Purple,Cotton,Casual,68,1,2,Clean,54.67
SLW-1063,Jacket,Black,Polyester,Casual,96,3,3,Dirty,52.0
SLW-1064,Kurtha,Blue,Cotton,Religious,9,1,2,Clean,94.0
SLW-1065,Jacket,Black,Denim,Casual,85,4,5,Clean,71.67
SLW-1066,Batik Shirt,Red,Batik,Office,43,1,3,Clean,57.0
SLW-1067,Saree,Purple,Cotton,Casual,78,2,2,Dirty,48.0
SLW-1068,Sarong,Blue,Batik,Casual,96,3,3,Dirty,4.0
SLW-1069,Kurtha,White,Cotton,Religious,11,1,2,Clean,92.67
SLW-1070,Sarong,Blue,Cotton,Home,140,0,2,Clean,6.67
SLW-1071,National Dress,Gold,Silk,Wedding,2,4,4,Dirty,97.5
SLW-1072,Jacket,Brown,Polyester,Casual,91,1,3,Clean,54.5
SLW-1073,Shirt,Pink,Linen,Office,50,1,2,Clean,58.33
SLW-1074,Vest,Black,Cotton,Home,127,2,2,Dirty,15.33
SLW-1075,Salwar,Pink,Cotton,Casual,94,2,2,Dirty,37.33
SLW-1076,Shirt,Pink,Linen,Office,47,0,2,Clean,60.83
SLW-1077,Batik Shirt,Multicolor,Batik,Office,40,2,3,Clean,60.0
SLW-1078,Leggings,Black,Polyester,Home,134,0,3,Clean,33.0
SLW-1079,Blouse,Green,Silk,Wedding,4,1,4,Clean,95.0
SLW-1080,T-Shirt,Red,Polyester,Casual,93,2,3,Clean,53.5
SLW-1081,Kurtha,Blue,Cotton,Religious,11,0,2,Clean,92.67
SLW-1082,Dress,Yellow,Silk,Wedding,2,2,4,Clean,97.5
SLW-1083,Batik Shirt,Multicolor,Batik,Office,48,3,3,Dirty,52.0
SLW-1084,Shirt,Grey,Cotton,Office,62,0,2,Clean,58.67
SLW-1085,Sarong,White,Batik,Casual,90,0,3,Clean,10.0
SLW-1086,Blouse,Red,Cotton,Casual,91,1,2,Clean,39.33
SLW-1087,Trouser,Navy,Cotton,Casual,95,0,2,Clean,36.67
SLW-1088,Jacket,Navy,Polyester,Casual,89,1,3,Clean,55.5
SLW-1089,Shirt,Pink,Cotton,Office,48,2,2,Dirty,68.0
SLW-1090,Dress,Yellow,Cotton,Casual,86,0,2,Clean,42.67
SLW-1091,Trouser,Navy,Linen,Office,49,0,2,Clean,59.17
SLW-1092,Trouser,Khaki,Linen,Office,49,2,2,Dirty,59.17
SLW-1093,Jeans,Grey,Denim,Casual,93,0,5,Clean,69.0
SLW-1094,Kurti,Yellow,Silk,Religious,12,1,4,Clean,85.0
SLW-1095,Kurti,Yellow,Cotton,Casual,93,1,2,Clean,38.0
SLW-1096,Sarong,Cream,Cotton,Home,137,2,2,Dirty,8.67
SLW-1097,National Dress,Gold,Cotton,Religious,12,1,2,Clean,92.0
SLW-1098,Kurtha,Blue,Cotton,Religious,9,0,2,Clean,94.0
SLW-1099,Batik Shirt,Red,Batik,Office,55,1,3,Clean,45.0
SLW-1100,Shirt,Pink,Cotton,Office,52,0,2,Clean,65.33
SLW-1101,Batik Shirt,Multicolor,Batik,Office,55,2,3,Clean,45.0
SLW-1102,Jacket,Brown,Polyester,Casual,67,2,3,Clean,66.5
SLW-1103,Kurti,Purple,Silk,Religious,15,3,4,Clean,81.25
SLW-1104,Batik Shirt,Red,Batik,Office,49,2,3,Clean,51.0
SLW-1105,Blouse,Gold,Cotton,Casual,95,1,2,Clean,36.67
SLW-1106,Blouse,Red,Silk,Wedding,2,2,4,Clean,97.5
SLW-1107,Trouser,Grey,Cotton,Casual,92,0,2,Clean,38.67
SLW-1108,Batik Shirt,Red,Batik,Office,43,1,3,Clean,57.0
SLW-1109,Batik Shirt,Red,Batik,Office,46,1,3,Clean,54.0
SLW-1110,Salwar,Green,Cotton,Casual,101,0,2,Clean,32.67
SLW-1111,Shorts,Blue,Cotton,Home,136,2,2,Dirty,9.33
SLW-1112,Kurti,Yellow,Cotton,Casual,89,1,2,Clean,40.67
SLW-1113,Saree,Purple,Cotton,Casual,94,1,2,Clean,37.33
SLW-1114,Salwar,Pink,Cotton,Casual,91,2,2,Dirty,39.33
SLW-1115,School Uniform,Blue,Cotton,Office,50,0,2,Clean,66.67
SLW-1116,T-Shirt,Black,Polyester,Casual,90,1,3,Clean,55.0
SLW-1117,Shirt,White,Cotton,Office,64,1,2,Clean,57.33
SLW-1118,Blouse,Red,Cotton,Casual,87,1,2,Clean,42.0
SLW-1119,Dress,Blue,Silk,Wedding,3,1,4,Clean,96.25
SLW-1120,Blouse,Blue,Silk,Wedding,3,3,4,Clean,96.25
SLW-1121,Shorts,Khaki,Cotton,Home,146,2,2,Dirty,2.67
SLW-1122,Shorts,Khaki,Cotton,Home,147,2,2,Dirty,2.0
SLW-1123,Dress,Red,Silk,Wedding,3,1,4,Clean,96.25
SLW-1124,Kurti,Green,Cotton,Casual,79,0,2,Clean,47.33
SLW-1125,T-Shirt,Blue,Polyester,Casual,99,0,3,Clean,50.5
SLW-1126,National Dress,Cream,Silk,Wedding,2,4,4,Dirty,97.5
SLW-1127,Saree,Purple,Cotton,Casual,90,1,2,Clean,40.0
SLW-1128,Salwar,White,Silk,Wedding,2,3,4,Clean,97.5
SLW-1129,Kurti,Pink,Cotton,Casual,87,0,2,Clean,42.0
SLW-1130,Vest,Grey,Cotton,Home,140,2,2,Dirty,6.67
SLW-1131,School Uniform,Blue,Cotton,Office,51,0,2,Clean,66.0
SLW-1132,School Uniform,Blue,Cotton,Office,52,0,2,Clean,65.33
SLW-1133,Batik Shirt,Red,Batik,Office,59,1,3,Clean,41.0
SLW-1134,Blouse,Blue,Cotton,Casual,91,0,2,Clean,39.33
SLW-1135,T-Shirt,White,Cotton,Casual,86,1,2,Clean,42.67
SLW-1136,Dress,Blue,Cotton,Casual,94,0,2,Clean,37.33
SLW-1137,National Dress,Gold,Cotton,Religious,13,2,2,Dirty,91.33
SLW-1138,Salwar,Green,Cotton,Casual,79,1,2,Clean,47.33
SLW-1139,Saree,Gold,Cotton,Casual,92,2,2,Dirty,38.67
SLW-1140,Kurtha,White,Cotton,Religious,13,0,2,Clean,91.33
SLW-1141,Kurtha,Blue,Cotton,Religious,11,0,2,Clean,92.67
SLW-1142,Shirt,Grey,Linen,Office,58,2,2,Dirty,51.67
SLW-1143,Kurti,Green,Silk,Religious,11,4,4,Dirty,86.25
SLW-1144,Shirt,Grey,Cotton,Office,50,2,2,Dirty,66.67
SLW-1145,T-Shirt,Grey,Polyester,Casual,86,2,3,Clean,57.0
SLW-1146,Jacket,Black,Denim,Casual,88,5,5,Dirty,70.67
SLW-1147,Saree,Red,Silk,Religious,10,3,4,Clean,87.5
SLW-1148,T-Shirt,Black,Cotton,Casual,77,2,2,Dirty,48.67
SLW-1149,Salwar,Pink,Cotton,Casual,99,0,2,Clean,34.0
SLW-1150,Saree,Gold,Silk,Religious,10,2,4,Clean,87.5
SLW-1151,Vest,Grey,Cotton,Home,130,2,2,Dirty,13.33
SLW-1152,Dress,Pink,Silk,Wedding,1,1,4,Clean,98.75
SLW-1153,Trouser,Khaki,Linen,Office,46,1,2,Clean,61.67
SLW-1154,Jeans,Blue,Denim,Casual,78,3,5,Clean,74.0
SLW-1155,Trouser,Khaki,Linen,Office,59,0,2,Clean,50.83
SLW-1156,Jacket,Grey,Polyester,Casual,95,2,3,Clean,52.5
SLW-1157,Dress,Green,Cotton,Casual,83,1,2,Clean,44.67
SLW-1158,Kurti,Blue,Cotton,Casual,103,0,2,Clean,31.33
SLW-1159,Salwar,Blue,Silk,Wedding,3,3,4,Clean,96.25
SLW-1160,Blouse,Blue,Cotton,Casual,85,0,2,Clean,43.33
SLW-1161,National Dress,White,Cotton,Religious,8,1,2,Clean,94.67
SLW-1162,Dress,Green,Silk,Wedding,4,2,4,Clean,95.0
SLW-1163,Blouse,Green,Silk,Wedding,1,2,4,Clean,98.75
SLW-1164,School Uniform,White,Cotton,Office,40,2,2,Dirty,73.33
SLW-1165,Kurti,Pink,Cotton,Casual,95,1,2,Clean,36.67
SLW-1166,Jacket,Black,Denim,Casual,105,5,5,Dirty,65.0
SLW-1167,Sarong,Green,Batik,Casual,97,0,3,Clean,3.0
SLW-1168,Sarong,Cream,Cotton,Home,142,0,2,Clean,5.33
SLW-1169,Dress,Red,Cotton,Casual,92,1,2,Clean,38.67
SLW-1170,Shorts,Blue,Cotton,Home,144,0,2,Clean,4.0
SLW-1171,Jacket,Grey,Denim,Casual,93,5,5,Dirty,69.0
SLW-1172,Saree,Red,Cotton,Casual,89,1,2,Clean,40.67
SLW-1173,Trouser,Grey,Linen,Office,50,1,2,Clean,58.33
SLW-1174,Batik Shirt,Brown,Batik,Casual,87,2,3,Clean,13.0
SLW-1175,Sarong,Blue,Batik,Casual,82,3,3,Dirty,18.0
SLW-1176,Salwar,Green,Silk,Wedding,2,1,4,Clean,97.5
SLW-1177,Trouser,Black,Linen,Office,39,0,2,Clean,67.5
SLW-1178,Sarong,Green,Cotton,Home,137,0,2,Clean,8.67
SLW-1179,Batik Shirt,Brown,Batik,Casual,81,1,3,Clean,19.0
SLW-1180,Jacket,Black,Polyester,Casual,80,3,3,Dirty,60.0
SLW-1181,Sarong,Blue,Cotton,Home,139,2,2,Dirty,7.33
SLW-1182,Blouse,Blue,Silk,Wedding,4,0,4,Clean,95.0
SLW-1183,Salwar,Green,Cotton,Casual,94,0,2,Clean,37.33
SLW-1184,Batik Shirt,Multicolor,Batik,Casual,77,1,3,Clean,23.0
SLW-1185,Batik Shirt,Blue,Batik,Casual,81,0,3,Clean,19.0
SLW-1186,Shirt,Grey,Cotton,Office,55,1,2,Clean,63.33
SLW-1187,Saree,Gold,Silk,Religious,10,3,4,Clean,87.5
SLW-1188,Trouser,Navy,Linen,Office,48,2,2,Dirty,60.0
SLW-1189,Batik Shirt,Brown,Batik,Casual,91,0,3,Clean,9.0
SLW-1190,Dress,Blue,Cotton,Casual,81,1,2,Clean,46.0
SLW-1191,Trouser,Navy,Linen,Office,50,2,2,Dirty,58.33
SLW-1192,Leggings,Navy,Polyester,Home,127,3,3,Dirty,36.5
SLW-1193,Trouser,Navy,Cotton,Casual,83,1,2,Clean,44.67
SLW-1194,Batik Shirt,Brown,Batik,Casual,90,0,3,Clean,10.0
SLW-1195,Vest,Black,Cotton,Home,125,0,2,Clean,16.67
SLW-1196,Salwar,Blue,Silk,Wedding,3,3,4,Clean,96.25
SLW-1197,Shorts,Blue,Cotton,Home,137,1,2,Clean,8.67
SLW-1198,National Dress,Gold,Silk,Wedding,3,2,4,Clean,96.25
SLW-1199,Batik Shirt,Red,Batik,Casual,89,1,3,Clean,11.0
SLW-1200,Vest,White,Cotton,Home,148,2,2,Dirty,1.33
SLW-1201,Blouse,Green,Cotton,Casual,88,2,2,Dirty,41.33
SLW-1202,National Dress,Gold,Cotton,Religious,11,2,2,Dirty,92.67
SLW-1203,Jacket,Brown,Polyester,Casual,88,1,3,Clean,56.0
SLW-1204,T-Shirt,Black,Polyester,Casual,91,0,3,Clean,54.5
SLW-1205,Dress,Red,Silk,Wedding,3,3,4,Clean,96.25
SLW-1206,National Dress,Gold,Silk,Wedding,3,3,4,Clean,96.25
SLW-1207,Kurti,Purple,Silk,Religious,10,0,4,Clean,87.5
SLW-1208,Jacket,Grey,Denim,Casual,83,0,5,Clean,72.33
SLW-1209,Leggings,Black,Polyester,Home,126,2,3,Clean,37.0
SLW-1210,Jeans,Black,Denim,Casual,100,4,5,Clean,66.67
SLW-1211,Shirt,Blue,Linen,Office,42,2,2,Dirty,65.0
SLW-1212,Vest,White,Cotton,Home,132,1,2,Clean,12.0
SLW-1213,Sarong,White,Cotton,Home,132,2,2,Dirty,12.0
SLW-1214,Sarong,Cream,Cotton,Home,145,1,2,Clean,3.33
SLW-1215,Sarong,Green,Batik,Casual,85,0,3,Clean,15.0
SLW-1216,Jacket,Brown,Polyester,Casual,96,2,3,Clean,52.0
SLW-1217,Shorts,Khaki,Cotton,Home,132,2,2,Dirty,12.0
SLW-1218,Batik Shirt,Red,Batik,Casual,89,1,3,Clean,11.0
SLW-1219,Batik Shirt,Blue,Batik,Casual,82,2,3,Clean,18.0
SLW-1220,Jacket,Navy,Polyester,Casual,103,1,3,Clean,48.5
SLW-1221,School Uniform,Blue,Cotton,Office,42,1,2,Clean,72.0
SLW-1222,Kurti,Blue,Cotton,Casual,90,2,2,Dirty,40.0
SLW-1223,T-Shirt,Black,Polyester,Casual,92,3,3,Dirty,54.0
SLW-1224,Sarong,White,Batik,Casual,90,1,3,Clean,10.0
SLW-1225,Leggings,Black,Polyester,Home,136,3,3,Dirty,32.0
SLW-1226,Dress,Pink,Cotton,Casual,87,2,2,Dirty,42.0
SLW-1227,Sarong,Cream,Batik,Casual,88,2,3,Clean,12.0
SLW-1228,Batik Shirt,Brown,Batik,Office,49,0,3,Clean,51.0
SLW-1229,Salwar,Pink,Cotton,Casual,94,0,2,Clean,37.33
SLW-1230,Dress,Pink,Silk,Wedding,4,2,4,Clean,95.0
SLW-1231,Jacket,Navy,Polyester,Casual,84,2,3,Clean,58.0
SLW-1232,Shirt,Grey,Linen,Office,41,0,2,Clean,65.83
SLW-1233,Salwar,White,Silk,Wedding,2,0,4,Clean,97.5
SLW-1234,Shirt,Grey,Cotton,Office,65,1,2,Clean,56.67
SLW-1235,Jacket,Grey,Polyester,Casual,82,0,3,Clean,59.0
SLW-1236,Salwar,White,Cotton,Casual,99,2,2,Dirty,34.0
SLW-1237,Dress,Pink,Silk,Wedding,4,3,4,Clean,95.0
SLW-1238,Shirt,Pink,Linen,Office,46,0,2,Clean,61.67
SLW-1239,Blouse,Gold,Cotton,Casual,91,2,2,Dirty,39.33
SLW-1240,Shirt,Grey,Linen,Office,59,0,2,Clean,50.83
SLW-1241,Vest,Black,Cotton,Home,134,0,2,Clean,10.67
SLW-1242,Trouser,Black,Cotton,Casual,86,2,2,Dirty,42.67
SLW-1243,National Dress,White,Silk,Wedding,2,4,4,Dirty,97.5
SLW-1244,Sarong,Cream,Batik,Casual,80,0,3,Clean,20.0
SLW-1245,Sarong,Blue,Batik,Casual,83,3,3,Dirty,17.0
SLW-1246,Jeans,Blue,Denim,Casual,79,1,5,Clean,73.67
SLW-1247,Leggings,Navy,Polyester,Home,138,0,3,Clean,31.0
SLW-1248,Kurtha,Blue,Cotton,Religious,10,2,2,Dirty,93.33
SLW-1249,Trouser,Navy,Linen,Office,51,1,2,Clean,57.5
SLW-1250,Shirt,Pink,Cotton,Office,40,0,2,Clean,73.33
SLW-1251,Leggings,Grey,Polyester,Home,140,2,3,Clean,30.0
SLW-1252,Blouse,Green,Silk,Wedding,3,0,4,Clean,96.25
SLW-1253,Batik Shirt,Brown,Batik,Office,38,0,3,Clean,62.0
SLW-1254,National Dress,White,Silk,Wedding,3,4,4,Dirty,96.25
SLW-1255,Jeans,Black,Denim,Casual,96,0,5,Clean,68.0
SLW-1256,Blouse,Green,Cotton,Casual,79,1,2,Clean,47.33
SLW-1257,Shirt,Pink,Cotton,Office,60,0,2,Clean,60.0
SLW-1258,Sarong,Cream,Cotton,Home,141,1,2,Clean,6.0
SLW-1259,T-Shirt,Grey,Polyester,Casual,83,2,3,Clean,58.5
SLW-1260,National Dress,Cream,Silk,Wedding,2,3,4,Clean,97.5
SLW-1261,Kurti,Green,Cotton,Casual,91,1,2,Clean,39.33
SLW-1262,Salwar,Pink,Silk,Wedding,3,4,4,Dirty,96.25
SLW-1263,Saree,Green,Silk,Religious,12,0,4,Clean,85.0
SLW-1264,Sarong,Brown,Cotton,Home,130,0,2,Clean,13.33
SLW-1265,Shirt,White,Linen,Office,51,2,2,Dirty,57.5
SLW-1266,Shirt,Pink,Cotton,Office,41,0,2,Clean,72.67
SLW-1267,Blouse,Green,Cotton,Casual,87,2,2,Dirty,42.0
SLW-1268,Batik Shirt,Brown,Batik,Office,44,1,3,Clean,56.0
SLW-1269,Shorts,Black,Cotton,Home,132,1,2,Clean,12.0
SLW-1270,Saree,Red,Silk,Religious,13,2,4,Clean,83.75
SLW-1271,Sarong,Brown,Batik,Casual,95,1,3,Clean,5.0
SLW-1272,Shorts,White,Cotton,Home,142,2,2,Dirty,5.33
SLW-1273,Dress,Red,Cotton,Casual,80,2,2,Dirty,46.67
SLW-1274,Kurti,Purple,Cotton,Casual,85,0,2,Clean,43.33
SLW-1275,Saree,Red,Silk,Religious,13,3,4,Clean,83.75
SLW-1276,Kurti,Blue,Cotton,Casual,88,2,2,Dirty,41.33
SLW-1277,Shorts,Blue,Cotton,Home,149,2,2,Dirty,0.67
SLW-1278,National Dress,Cream,Silk,Wedding,3,2,4,Clean,96.25
SLW-1279,Blouse,Blue,Cotton,Casual,89,1,2,Clean,40.67
SLW-1280,Salwar,Blue,Cotton,Casual,85,2,2,Dirty,43.33
SLW-1281,Shirt,Grey,Cotton,Office,50,1,2,Clean,66.67
SLW-1282,National Dress,White,Silk,Wedding,2,0,4,Clean,97.5
SLW-1283,Saree,Red,Silk,Religious,13,4,4,Dirty,83.75
SLW-1284,Saree,Gold,Silk,Religious,13,0,4,Clean,83.75
SLW-1285,Dress,Green,Cotton,Casual,82,1,2,Clean,45.33
SLW-1286,Shorts,White,Cotton,Home,127,0,2,Clean,15.33
SLW-1287,Vest,Grey,Cotton,Home,123,0,2,Clean,18.0
SLW-1288,T-Shirt,Blue,Polyester,Casual,91,3,3,Dirty,54.5
SLW-1289,Blouse,Red,Cotton,Casual,80,0,2,Clean,46.67
SLW-1290,Saree,Blue,Cotton,Casual,72,2,2,Dirty,52.0
SLW-1291,Blouse,Red,Silk,Wedding,3,4,4,Dirty,96.25
SLW-1292,National Dress,White,Cotton,Religious,15,1,2,Clean,90.0
SLW-1293,Batik Shirt,Red,Batik,Casual,87,1,3,Clean,13.0
SLW-1294,Jeans,Blue,Denim,Casual,93,4,5,Clean,69.0
SLW-1295,Trouser,Grey,Cotton,Casual,88,1,2,Clean,41.33
SLW-1296,Blouse,Red,Silk,Wedding,2,1,4,Clean,97.5
SLW-1297,Jeans,Grey,Denim,Casual,94,3,5,Clean,68.67
SLW-1298,Salwar,Pink,Silk,Wedding,2,4,4,Dirty,97.5
SLW-1299,Batik Shirt,Blue,Batik,Office,51,3,3,Dirty,49.0
SLW-1300,Kurtha,White,Cotton,Religious,12,0,2,Clean,92.0
SLW-1301,Sarong,Cream,Cotton,Home,132,0,2,Clean,12.0
SLW-1302,Saree,Green,Silk,Religious,13,1,4,Clean,83.75
SLW-1303,Shirt,White,Linen,Office,48,2,2,Dirty,60.0
SLW-1304,Kurti,Pink,Cotton,Casual,82,2,2,Dirty,45.33
SLW-1305,Leggings,Black,Polyester,Home,142,0,3,Clean,29.0
SLW-1306,Batik Shirt,Multicolor,Batik,Casual,81,1,3,Clean,19.0
SLW-1307,Kurtha,White,Cotton,Religious,12,0,2,Clean,92.0
SLW-1308,Jacket,Black,Denim,Casual,87,2,5,Clean,71.0
SLW-1309,Sarong,White,Batik,Casual,95,3,3,Dirty,5.0
SLW-1310,Saree,Green,Cotton,Casual,91,2,2,Dirty,39.33
SLW-1311,Blouse,Blue,Silk,Wedding,2,3,4,Clean,97.5
SLW-1312,Sarong,Green,Cotton,Home,144,1,2,Clean,4.0
SLW-1313,Saree,Gold,Cotton,Casual,97,1,2,Clean,35.33
SLW-1314,Leggings,Grey,Polyester,Home,142,1,3,Clean,29.0
SLW-1315,T-Shirt,Black,Cotton,Casual,88,1,2,Clean,41.33
SLW-1316,Sarong,Blue,Batik,Casual,78,1,3,Clean,22.0
SLW-1317,Dress,Pink,Silk,Wedding,2,3,4,Clean,97.5
SLW-1318,Dress,Red,Silk,Wedding,2,0,4,Clean,97.5
SLW-1319,T-Shirt,Black,Cotton,Casual,83,1,2,Clean,44.67
SLW-1320,Shorts,Blue,Cotton,Home,136,0,2,Clean,9.33
SLW-1321,Trouser,Black,Linen,Office,50,2,2,Dirty,58.33
SLW-1322,Jeans,Black,Denim,Casual,91,5,5,Dirty,69.67
SLW-1323,Dress,Yellow,Silk,Wedding,2,4,4,Dirty,97.5
SLW-1324,Shirt,Grey,Linen,Office,52,2,2,Dirty,56.67
SLW-1325,Jeans,Blue,Denim,Casual,88,2,5,Clean,70.67
SLW-1326,Sarong,Brown,Cotton,Home,122,1,2,Clean,18.67
SLW-1327,National Dress,Cream,Silk,Wedding,2,0,4,Clean,97.5
SLW-1328,Sarong,Brown,Batik,Casual,86,3,3,Dirty,14.0
SLW-1329,Shirt,Blue,Linen,Office,42,2,2,Dirty,65.0
SLW-1330,Saree,Gold,Cotton,Casual,92,0,2,Clean,38.67
SLW-1331,Trouser,Grey,Cotton,Casual,98,0,2,Clean,34.67
SLW-1332,School Uniform,White,Cotton,Office,57,2,2,Dirty,62.0
SLW-1333,Vest,Black,Cotton,Home,136,0,2,Clean,9.33
SLW-1334,Blouse,Green,Cotton,Casual,98,1,2,Clean,34.67
SLW-1335,Leggings,Black,Polyester,Home,139,1,3,Clean,30.5
SLW-1336,National Dress,Cream,Silk,Wedding,2,4,4,Dirty,97.5
SLW-1337,Kurtha,Blue,Cotton,Religious,11,2,2,Dirty,92.67
SLW-1338,Shirt,White,Linen,Office,48,2,2,Dirty,60.0
SLW-1339,Salwar,Blue,Cotton,Casual,85,2,2,Dirty,43.33
SLW-1340,Kurti,Green,Cotton,Casual,89,2,2,Dirty,40.67
SLW-1341,Kurti,Yellow,Cotton,Casual,89,0,2,Clean,40.67
SLW-1342,School Uniform,White,Cotton,Office,50,1,2,Clean,66.67
SLW-1343,Dress,Red,Silk,Wedding,3,0,4,Clean,96.25
SLW-1344,Sarong,Brown,Batik,Casual,96,1,3,Clean,4.0
SLW-1345,National Dress,Gold,Silk,Wedding,3,0,4,Clean,96.25
SLW-1346,Dress,Green,Silk,Wedding,1,0,4,Clean,98.75
SLW-1347,Leggings,Black,Polyester,Home,117,1,3,Clean,41.5
SLW-1348,Shirt,Blue,Cotton,Office,55,2,2,Dirty,63.33
SLW-1349,Leggings,Black,Polyester,Home,127,2,3,Clean,36.5
SLW-1350,Sarong,Brown,Cotton,Home,136,0,2,Clean,9.33
SLW-1351,Salwar,White,Cotton,Casual,79,0,2,Clean,47.33
SLW-1352,Blouse,Green,Cotton,Casual,75,2,2,Dirty,50.0
SLW-1353,Batik Shirt,Multicolor,Batik,Casual,91,2,3,Clean,9.0
SLW-1354,Kurti,Pink,Cotton,Casual,93,0,2,Clean,38.0
SLW-1355,T-Shirt,Black,Polyester,Casual,83,2,3,Clean,58.5
SLW-1356,Saree,Green,Cotton,Casual,69,2,2,Dirty,54.0
SLW-1357,Kurtha,Cream,Cotton,Religious,11,2,2,Dirty,92.67
SLW-1358,Trouser,Navy,Linen,Office,52,1,2,Clean,56.67
SLW-1359,Salwar,Blue,Cotton,Casual,77,2,2,Dirty,48.67
SLW-1360,National Dress,White,Silk,Wedding,3,4,4,Dirty,96.25
SLW-1361,Jeans,Grey,Denim,Casual,87,2,5,Clean,71.0
SLW-1362,Salwar,Pink,Cotton,Casual,92,1,2,Clean,38.67
SLW-1363,Saree,Red,Cotton,Casual,88,2,2,Dirty,41.33
SLW-1364,Salwar,Green,Cotton,Casual,81,2,2,Dirty,46.0
SLW-1365,Blouse,Red,Cotton,Casual,96,2,2,Dirty,36.0
SLW-1366,Saree,Blue,Cotton,Casual,86,2,2,Dirty,42.67
SLW-1367,Leggings,Navy,Polyester,Home,137,1,3,Clean,31.5
SLW-1368,Kurti,Yellow,Cotton,Casual,81,0,2,Clean,46.0
SLW-1369,Saree,Red,Silk,Religious,11,2,4,Clean,86.25
SLW-1370,National Dress,Cream,Silk,Wedding,2,2,4,Clean,97.5
SLW-1371,Saree,Red,Cotton,Casual,86,2,2,Dirty,42.67
SLW-1372,Blouse,Blue,Silk,Wedding,4,2,4,Clean,95.0
SLW-1373,Sarong,Cream,Cotton,Home,127,1,2,Clean,15.33
SLW-1374,National Dress,Cream,Silk,Wedding,1,0,4,Clean,98.75
SLW-1375,T-Shirt,White,Cotton,Casual,98,0,2,Clean,34.67
SLW-1376,Sarong,Green,Batik,Casual,86,3,3,Dirty,14.0
SLW-1377,Salwar,Pink,Silk,Wedding,2,3,4,Clean,97.5
SLW-1378,Jacket,Brown,Denim,Casual,95,3,5,Clean,68.33
SLW-1379,Jacket,Grey,Denim,Casual,83,3,5,Clean,72.33
SLW-1380,School Uniform,White,Cotton,Office,60,1,2,Clean,60.0
SLW-1381,Blouse,Gold,Silk,Wedding,3,3,4,Clean,96.25
SLW-1382,Saree,Red,Cotton,Casual,84,1,2,Clean,44.0
SLW-1383,Kurtha,Cream,Cotton,Religious,15,0,2,Clean,90.0
SLW-1384,Sarong,Blue,Cotton,Home,133,1,2,Clean,11.33
SLW-1385,Batik Shirt,Red,Batik,Office,54,0,3,Clean,46.0
SLW-1386,Saree,Gold,Cotton,Casual,90,1,2,Clean,40.0
SLW-1387,Salwar,White,Silk,Wedding,4,0,4,Clean,95.0
SLW-1388,Shirt,Pink,Cotton,Office,59,2,2,Dirty,60.67
SLW-1389,Salwar,Green,Cotton,Casual,88,0,2,Clean,41.33
SLW-1390,Trouser,Khaki,Linen,Office,45,0,2,Clean,62.5
SLW-1391,Saree,Red,Cotton,Casual,91,0,2,Clean,39.33
SLW-1392,Shirt,Blue,Cotton,Office,45,0,2,Clean,70.0
SLW-1393,Shorts,White,Cotton,Home,149,2,2,Dirty,0.67
SLW-1394,Trouser,Grey,Cotton,Casual,88,1,2,Clean,41.33
SLW-1395,National Dress,White,Silk,Wedding,2,0,4,Clean,97.5
SLW-1396,Jeans,Grey,Denim,Casual,89,4,5,Clean,70.33
SLW-1397,Blouse,Gold,Silk,Wedding,1,3,4,Clean,98.75
SLW-1398,Sarong,White,Batik,Casual,81,2,3,Clean,19.0
SLW-1399,Shorts,White,Cotton,Home,147,0,2,Clean,2.0
SLW-1400,Blouse,Blue,Silk,Wedding,2,4,4,Dirty,97.5
SLW-1401,National Dress,White,Cotton,Religious,10,0,2,Clean,93.33
SLW-1402,National Dress,Gold,Cotton,Religious,12,0,2,Clean,92.0
SLW-1403,T-Shirt,Red,Polyester,Casual,96,0,3,Clean,52.0
SLW-1404,Blouse,Green,Cotton,Casual,93,0,2,Clean,38.0
SLW-1405,Kurtha,Cream,Cotton,Religious,13,1,2,Clean,91.33
SLW-1406,Dress,Red,Silk,Wedding,2,2,4,Clean,97.5
SLW-1407,Trouser,Khaki,Linen,Office,41,2,2,Dirty,65.83
SLW-1408,Saree,Green,Cotton,Casual,98,1,2,Clean,34.67
SLW-1409,Shirt,Pink,Linen,Office,48,0,2,Clean,60.0
SLW-1410,Sarong,Green,Batik,Casual,86,2,3,Clean,14.0
SLW-1411,Dress,Blue,Cotton,Casual,97,1,2,Clean,35.33
SLW-1412,Blouse,Red,Silk,Wedding,3,2,4,Clean,96.25
SLW-1413,Saree,Red,Silk,Religious,12,0,4,Clean,85.0
SLW-1414,Trouser,Khaki,Cotton,Casual,103,1,2,Clean,31.33
SLW-1415,Vest,White,Cotton,Home,132,2,2,Dirty,12.0
SLW-1416,School Uniform,Blue,Cotton,Office,55,0,2,Clean,63.33
SLW-1417,Blouse,Blue,Silk,Wedding,3,4,4,Dirty,96.25
SLW-1418,School Uniform,Blue,Cotton,Office,51,2,2,Dirty,66.0
SLW-1419,Kurti,Yellow,Cotton,Casual,98,0,2,Clean,34.67
SLW-1420,T-Shirt,Red,Polyester,Casual,91,0,3,Clean,54.5
SLW-1421,Jacket,Black,Denim,Casual,91,5,5,Dirty,69.67
SLW-1422,Jacket,Black,Polyester,Casual,95,1,3,Clean,52.5
SLW-1423,Vest,White,Cotton,Home,135,1,2,Clean,10.0
SLW-1424,Saree,Gold,Cotton,Casual,82,0,2,Clean,45.33
SLW-1425,Saree,Green,Silk,Religious,10,0,4,Clean,87.5
SLW-1426,Batik Shirt,Brown,Batik,Casual,74,3,3,Dirty,26.0
SLW-1427,Blouse,Green,Silk,Wedding,4,1,4,Clean,95.0
SLW-1428,Shirt,White,Cotton,Office,43,2,2,Dirty,71.33
SLW-1429,Batik Shirt,Multicolor,Batik,Casual,86,3,3,Dirty,14.0
SLW-1430,School Uniform,Blue,Cotton,Office,48,1,2,Clean,68.0
SLW-1431,Jacket,Black,Polyester,Casual,90,3,3,Dirty,55.0
SLW-1432,Kurtha,Blue,Cotton,Religious,13,2,2,Dirty,91.33
SLW-1433,Kurti,Yellow,Cotton,Casual,94,2,2,Dirty,37.33
SLW-1434,Batik Shirt,Brown,Batik,Office,46,3,3,Dirty,54.0
SLW-1435,Saree,Purple,Silk,Religious,11,4,4,Dirty,86.25
SLW-1436,Kurti,Blue,Cotton,Casual,89,0,2,Clean,40.67
SLW-1437,Kurti,Pink,Cotton,Casual,86,0,2,Clean,42.67
SLW-1438,Blouse,Green,Cotton,Casual,99,2,2,Dirty,34.0
SLW-1439,Jacket,Grey,Denim,Casual,91,3,5,Clean,69.67
SLW-1440,Jeans,Black,Denim,Casual,93,5,5,Dirty,69.0
SLW-1441,Kurti,Yellow,Cotton,Casual,92,2,2,Dirty,38.67
SLW-1442,Sarong,Blue,Batik,Casual,96,1,3,Clean,4.0
SLW-1443,Jeans,Grey,Denim,Casual,89,1,5,Clean,70.33
SLW-1444,Kurti,Blue,Silk,Religious,10,3,4,Clean,87.5
SLW-1445,Jeans,Grey,Denim,Casual,90,2,5,Clean,70.0
SLW-1446,National Dress,Gold,Silk,Wedding,2,0,4,Clean,97.5
SLW-1447,Dress,Green,Silk,Wedding,2,2,4,Clean,97.5
SLW-1448,Sarong,Blue,Cotton,Home,142,1,2,Clean,5.33
SLW-1449,T-Shirt,Red,Polyester,Casual,96,2,3,Clean,52.0
SLW-1450,Blouse,Red,Cotton,Casual,88,2,2,Dirty,41.33
SLW-1451,Blouse,Gold,Cotton,Casual,90,0,2,Clean,40.0
SLW-1452,T-Shirt,Blue,Polyester,Casual,99,3,3,Dirty,50.5
SLW-1453,T-Shirt,Red,Cotton,Casual,89,2,2,Dirty,40.67
SLW-1454,Kurti,Green,Silk,Religious,15,0,4,Clean,81.25
SLW-1455,Dress,Yellow,Cotton,Casual,91,0,2,Clean,39.33
SLW-1456,Salwar,Blue,Silk,Wedding,1,3,4,Clean,98.75
SLW-1457,Blouse,Gold,Silk,Wedding,3,0,4,Clean,96.25
SLW-1458,Batik Shirt,Multicolor,Batik,Casual,90,2,3,Clean,10.0
SLW-1459,Saree,Purple,Silk,Religious,13,4,4,Dirty,83.75
SLW-1460,Sarong,Cream,Cotton,Home,143,0,2,Clean,4.67
SLW-1461,Jacket,Black,Denim,Casual,87,1,5,Clean,71.0
SLW-1462,National Dress,Cream,Silk,Wedding,2,0,4,Clean,97.5
SLW-1463,Sarong,Cream,Batik,Casual,86,2,3,Clean,14.0
SLW-1464,T-Shirt,Red,Cotton,Casual,82,1,2,Clean,45.33
SLW-1465,Jacket,Black,Polyester,Casual,83,3,3,Dirty,58.5
SLW-1466,Trouser,Navy,Cotton,Casual,92,0,2,Clean,38.67
SLW-1467,Shirt,Pink,Linen,Office,60,1,2,Clean,50.0
SLW-1468,Saree,Purple,Cotton,Casual,90,1,2,Clean,40.0
SLW-1469,School Uniform,Blue,Cotton,Office,42,1,2,Clean,72.0
SLW-1470,Saree,Red,Cotton,Casual,91,1,2,Clean,39.33
SLW-1471,T-Shirt,Red,Polyester,Casual,96,0,3,Clean,52.0
SLW-1472,Sarong,Brown,Batik,Casual,83,1,3,Clean,17.0
SLW-1473,Vest,White,Cotton,Home,136,0,2,Clean,9.33
SLW-1474,Trouser,Navy,Linen,Office,50,0,2,Clean,58.33
SLW-1475,T-Shirt,Red,Cotton,Casual,82,2,2,Dirty,45.33
SLW-1476,Jacket,Black,Polyester,Casual,92,0,3,Clean,54.0
SLW-1477,Dress,Blue,Silk,Wedding,2,1,4,Clean,97.5
SLW-1478,Kurti,Green,Silk,Religious,12,0,4,Clean,85.0
SLW-1479,T-Shirt,Blue,Cotton,Casual,81,2,2,Dirty,46.0
SLW-1480,Salwar,Blue,Cotton,Casual,84,2,2,Dirty,44.0
SLW-1481,Shorts,White,Cotton,Home,143,1,2,Clean,4.67
SLW-1482,Dress,Blue,Cotton,Casual,85,1,2,Clean,43.33
SLW-1483,Dress,Pink,Cotton,Casual,100,1,2,Clean,33.33
SLW-1484,Blouse,Blue,Silk,Wedding,2,4,4,Dirty,97.5
SLW-1485,Kurti,Blue,Cotton,Casual,89,0,2,Clean,40.67
SLW-1486,Jacket,Grey,Polyester,Casual,94,2,3,Clean,53.0
SLW-1487,T-Shirt,Red,Polyester,Casual,78,0,3,Clean,61.0
SLW-1488,Batik Shirt,Red,Batik,Casual,75,2,3,Clean,25.0
SLW-1489,Trouser,Grey,Linen,Office,40,1,2,Clean,66.67
SLW-1490,T-Shirt,Blue,Cotton,Casual,96,2,2,Dirty,36.0
SLW-1491,National Dress,Gold,Cotton,Religious,11,0,2,Clean,92.67
SLW-1492,Vest,White,Cotton,Home,149,0,2,Clean,0.67
SLW-1493,Kurtha,Cream,Cotton,Religious,11,2,2,Dirty,92.67
SLW-1494,Trouser,Navy,Cotton,Casual,89,1,2,Clean,40.67
SLW-1495,Salwar,Green,Silk,Wedding,4,0,4,Clean,95.0
SLW-1496,T-Shirt,Red,Polyester,Casual,102,2,3,Clean,49.0
SLW-1497,Jeans,Grey,Denim,Casual,102,3,5,Clean,66.0
SLW-1498,Sarong,Blue,Batik,Casual,96,1,3,Clean,4.0
SLW-1499,Salwar,Green,Silk,Wedding,3,1,4,Clean,96.25
SLW-1500,Leggings,Navy,Polyester,Home,142,2,3,Clean,29.0
SLW-1501,T-Shirt,Grey,Polyester,Casual,93,1,3,Clean,53.5
SLW-1502,Saree,Red,Cotton,Casual,84,1,2,Clean,44.0
SLW-1503,Dress,Green,Silk,Wedding,2,1,4,Clean,97.5
SLW-1504,Salwar,Pink,Silk,Wedding,2,4,4,Dirty,97.5
SLW-1505,Trouser,Black,Cotton,Casual,86,1,2,Clean,42.67
SLW-1506,National Dress,White,Silk,Wedding,2,2,4,Clean,97.5
SLW-1507,Salwar,Green,Silk,Wedding,3,2,4,Clean,96.25
SLW-1508,Kurtha,Cream,Cotton,Religious,13,1,2,Clean,91.33
SLW-1509,T-Shirt,Blue,Cotton,Casual,88,2,2,Dirty,41.33
SLW-1510,Dress,Yellow,Cotton,Casual,98,0,2,Clean,34.67
SLW-1511,Sarong,Green,Batik,Casual,80,0,3,Clean,20.0
SLW-1512,Jacket,Black,Denim,Casual,86,1,5,Clean,71.33
SLW-1513,Blouse,Blue,Cotton,Casual,82,2,2,Dirty,45.33
SLW-1514,Jacket,Brown,Polyester,Casual,74,2,3,Clean,63.0
SLW-1515,Sarong,Cream,Batik,Casual,87,1,3,Clean,13.0
SLW-1516,National Dress,Cream,Cotton,Religious,11,1,2,Clean,92.67
SLW-1517,Kurti,Green,Cotton,Casual,98,1,2,Clean,34.67
SLW-1518,Shirt,Blue,Cotton,Office,53,2,2,Dirty,64.67
SLW-1519,Vest,Grey,Cotton,Home,129,0,2,Clean,14.0
SLW-1520,Shirt,Blue,Cotton,Office,61,2,2,Dirty,59.33
SLW-1521,Shirt,White,Cotton,Office,57,2,2,Dirty,62.0
SLW-1522,Sarong,Blue,Cotton,Home,142,1,2,Clean,5.33
SLW-1523,National Dress,Gold,Cotton,Religious,11,0,2,Clean,92.67
SLW-1524,Vest,Grey,Cotton,Home,130,0,2,Clean,13.33
SLW-1525,Kurtha,White,Cotton,Religious,11,0,2,Clean,92.67
SLW-1526,Kurti,Yellow,Silk,Religious,13,3,4,Clean,83.75
SLW-1527,Jeans,Black,Denim,Casual,101,3,5,Clean,66.33
SLW-1528,Jeans,Blue,Denim,Casual,98,0,5,Clean,67.33
SLW-1529,School Uniform,Blue,Cotton,Office,47,0,2,Clean,68.67
SLW-1530,Sarong,Brown,Cotton,Home,129,1,2,Clean,14.0
SLW-1531,National Dress,Gold,Cotton,Religious,12,0,2,Clean,92.0
SLW-1532,Sarong,Cream,Cotton,Home,123,2,2,Dirty,18.0
SLW-1533,National Dress,Cream,Silk,Wedding,3,2,4,Clean,96.25
SLW-1534,Saree,Green,Silk,Religious,11,0,4,Clean,86.25
SLW-1535,Jacket,Navy,Polyester,Casual,84,2,3,Clean,58.0
SLW-1536,Batik Shirt,Red,Batik,Casual,76,0,3,Clean,24.0
SLW-1537,T-Shirt,Grey,Polyester,Casual,91,3,3,Dirty,54.5
SLW-1538,Kurti,Pink,Silk,Religious,11,4,4,Dirty,86.25
SLW-1539,Shorts,Blue,Cotton,Home,128,2,2,Dirty,14.67
SLW-1540,Shirt,Grey,Cotton,Office,32,1,2,Clean,78.67
SLW-1541,Vest,White,Cotton,Home,137,0,2,Clean,8.67
SLW-1542,Leggings,Black,Polyester,Home,152,3,3,Dirty,24.0
SLW-1543,National Dress,Gold,Silk,Wedding,4,1,4,Clean,95.0
SLW-1544,Saree,Red,Silk,Religious,11,1,4,Clean,86.25
SLW-1545,Kurti,Green,Cotton,Casual,83,2,2,Dirty,44.67
SLW-1546,Batik Shirt,Blue,Batik,Office,52,2,3,Clean,48.0
SLW-1547,Jeans,Black,Denim,Casual,81,5,5,Dirty,73.0
SLW-1548,Vest,Black,Cotton,Home,140,2,2,Dirty,6.67
SLW-1549,Sarong,White,Batik,Casual,93,0,3,Clean,7.0
SLW-1550,Trouser,Black,Linen,Office,57,0,2,Clean,52.5
SLW-1551,Salwar,Green,Cotton,Casual,87,0,2,Clean,42.0
SLW-1552,Dress,Red,Cotton,Casual,86,1,2,Clean,42.67
SLW-1553,School Uniform,Blue,Cotton,Office,44,1,2,Clean,70.67
SLW-1554,Salwar,Pink,Cotton,Casual,82,0,2,Clean,45.33
SLW-1555,Salwar,White,Cotton,Casual,86,2,2,Dirty,42.67
SLW-1556,T-Shirt,White,Polyester,Casual,90,3,3,Dirty,55.0
SLW-1557,Trouser,Grey,Cotton,Casual,94,2,2,Dirty,37.33
SLW-1558,Kurti,Green,Silk,Religious,10,4,4,Dirty,87.5
SLW-1559,Shorts,Black,Cotton,Home,149,0,2,Clean,0.67
SLW-1560,T-Shirt,White,Polyester,Casual,86,0,3,Clean,57.0
SLW-1561,Dress,Pink,Silk,Wedding,2,1,4,Clean,97.5
SLW-1562,National Dress,Gold,Cotton,Religious,10,1,2,Clean,93.33
SLW-1563,National Dress,Gold,Cotton,Religious,8,1,2,Clean,94.67
SLW-1564,Shorts,Blue,Cotton,Home,145,1,2,Clean,3.33
SLW-1565,Sarong,Cream,Batik,Casual,93,3,3,Dirty,7.0
SLW-1566,Salwar,Blue,Cotton,Casual,86,1,2,Clean,42.67
SLW-1567,National Dress,White,Silk,Wedding,3,0,4,Clean,96.25
SLW-1568,Trouser,Black,Cotton,Casual,91,0,2,Clean,39.33
SLW-1569,Blouse,Blue,Silk,Wedding,1,4,4,Dirty,98.75
SLW-1570,Saree,Purple,Silk,Religious,11,0,4,Clean,86.25
SLW-1571,Batik Shirt,Red,Batik,Casual,93,0,3,Clean,7.0
SLW-1572,Trouser,Khaki,Linen,Office,42,0,2,Clean,65.0
SLW-1573,T-Shirt,Red,Polyester,Casual,90,2,3,Clean,55.0
SLW-1574,Sarong,Cream,Batik,Casual,78,0,3,Clean,22.0
SLW-1575,Blouse,Green,Cotton,Casual,91,0,2,Clean,39.33
SLW-1576,Shirt,Grey,Linen,Office,49,2,2,Dirty,59.17
SLW-1577,Shorts,Black,Cotton,Home,125,2,2,Dirty,16.67
SLW-1578,Batik Shirt,Blue,Batik,Office,56,0,3,Clean,44.0
SLW-1579,Blouse,Gold,Cotton,Casual,82,0,2,Clean,45.33
SLW-1580,Shirt,Pink,Cotton,Office,45,1,2,Clean,70.0
SLW-1581,Kurti,Blue,Silk,Religious,12,2,4,Clean,85.0
SLW-1582,Shirt,Blue,Linen,Office,56,1,2,Clean,53.33
SLW-1583,Batik Shirt,Multicolor,Batik,Office,43,3,3,Dirty,57.0
SLW-1584,Dress,Yellow,Cotton,Casual,88,1,2,Clean,41.33
SLW-1585,Salwar,Green,Cotton,Casual,91,1,2,Clean,39.33
SLW-1586,Trouser,Black,Linen,Office,54,0,2,Clean,55.0
SLW-1587,Saree,Gold,Silk,Religious,12,0,4,Clean,85.0
SLW-1588,Batik Shirt,Multicolor,Batik,Office,47,3,3,Dirty,53.0
SLW-1589,Kurtha,Blue,Cotton,Religious,10,2,2,Dirty,93.33
SLW-1590,Dress,Pink,Cotton,Casual,88,0,2,Clean,41.33
SLW-1591,Jeans,Grey,Denim,Casual,80,2,5,Clean,73.33
SLW-1592,Sarong,Cream,Cotton,Home,114,2,2,Dirty,24.0
SLW-1593,Dress,Red,Silk,Wedding,3,3,4,Clean,96.25
SLW-1594,Jacket,Brown,Denim,Casual,94,3,5,Clean,68.67
SLW-1595,Sarong,Blue,Batik,Casual,71,0,3,Clean,29.0
SLW-1596,Trouser,Black,Linen,Office,43,1,2,Clean,64.17
SLW-1597,Salwar,Pink,Cotton,Casual,92,2,2,Dirty,38.67
SLW-1598,Trouser,Black,Cotton,Casual,102,1,2,Clean,32.0
SLW-1599,Shorts,Blue,Cotton,Home,138,2,2,Dirty,8.0
SLW-1600,Dress,Yellow,Silk,Wedding,2,2,4,Clean,97.5
SLW-1601,Saree,Purple,Silk,Religious,11,4,4,Dirty,86.25
SLW-1602,Sarong,Cream,Batik,Casual,97,0,3,Clean,3.0
SLW-1603,Jacket,Brown,Polyester,Casual,83,3,3,Dirty,58.5
SLW-1604,Blouse,Red,Cotton,Casual,82,0,2,Clean,45.33
SLW-1605,Vest,Grey,Cotton,Home,134,1,2,Clean,10.67
SLW-1606,National Dress,Cream,Silk,Wedding,2,2,4,Clean,97.5
SLW-1607,Sarong,Brown,Batik,Casual,88,1,3,Clean,12.0
SLW-1608,Trouser,Khaki,Linen,Office,59,1,2,Clean,50.83
SLW-1609,Blouse,Red,Silk,Wedding,3,1,4,Clean,96.25
SLW-1610,Dress,Pink,Cotton,Casual,86,1,2,Clean,42.67
SLW-1611,Dress,Yellow,Cotton,Casual,85,0,2,Clean,43.33
SLW-1612,Dress,Red,Cotton,Casual,77,1,2,Clean,48.67
SLW-1613,Dress,Red,Silk,Wedding,3,0,4,Clean,96.25
SLW-1614,Jeans,Blue,Denim,Casual,87,3,5,Clean,71.0
SLW-1615,School Uniform,White,Cotton,Office,48,2,2,Dirty,68.0
SLW-1616,Blouse,Green,Silk,Wedding,5,0,4,Clean,93.75
SLW-1617,Jacket,Navy,Denim,Casual,90,4,5,Clean,70.0
SLW-1618,Trouser,Khaki,Linen,Office,45,2,2,Dirty,62.5
SLW-1619,Shirt,White,Cotton,Office,47,1,2,Clean,68.67
SLW-1620,Blouse,Blue,Silk,Wedding,3,1,4,Clean,96.25
SLW-1621,Shirt,Pink,Cotton,Office,50,2,2,Dirty,66.67
SLW-1622,Salwar,Blue,Cotton,Casual,77,2,2,Dirty,48.67
SLW-1623,Salwar,White,Cotton,Casual,94,1,2,Clean,37.33
SLW-1624,Batik Shirt,Blue,Batik,Office,45,1,3,Clean,55.0
SLW-1625,Shirt,Grey,Cotton,Office,61,1,2,Clean,59.33
SLW-1626,School Uniform,Blue,Cotton,Office,56,2,2,Dirty,62.67
SLW-1627,Salwar,White,Cotton,Casual,84,0,2,Clean,44.0
SLW-1628,Jacket,Brown,Denim,Casual,96,1,5,Clean,68.0
SLW-1629,Saree,Red,Silk,Religious,12,3,4,Clean,85.0
SLW-1630,T-Shirt,Black,Cotton,Casual,93,2,2,Dirty,38.0
SLW-1631,National Dress,Cream,Cotton,Religious,12,0,2,Clean,92.0
SLW-1632,National Dress,White,Cotton,Religious,10,1,2,Clean,93.33
SLW-1633,Salwar,White,Cotton,Casual,83,1,2,Clean,44.67
SLW-1634,Vest,White,Cotton,Home,146,1,2,Clean,2.67
SLW-1635,Leggings,Grey,Polyester,Home,135,0,3,Clean,32.5
SLW-1636,Dress,Pink,Cotton,Casual,85,2,2,Dirty,43.33
SLW-1637,Jacket,Brown,Polyester,Casual,81,1,3,Clean,59.5
SLW-1638,Sarong,White,Cotton,Home,141,2,2,Dirty,6.0
SLW-1639,School Uniform,Blue,Cotton,Office,62,1,2,Clean,58.67
SLW-1640,Leggings,Navy,Polyester,Home,129,1,3,Clean,35.5
SLW-1641,Kurti,Green,Cotton,Casual,88,0,2,Clean,41.33
SLW-1642,Batik Shirt,Red,Batik,Office,58,3,3,Dirty,42.0
SLW-1643,Jacket,Brown,Polyester,Casual,87,3,3,Dirty,56.5
SLW-1644,Kurti,Pink,Silk,Religious,12,1,4,Clean,85.0
SLW-1645,Jeans,Black,Denim,Casual,80,2,5,Clean,73.33
SLW-1646,Dress,Blue,Cotton,Casual,90,0,2,Clean,40.0
SLW-1647,Shorts,White,Cotton,Home,136,2,2,Dirty,9.33
SLW-1648,Blouse,Green,Silk,Wedding,3,4,4,Dirty,96.25
SLW-1649,Salwar,Pink,Cotton,Casual,96,2,2,Dirty,36.0
SLW-1650,National Dress,Gold,Cotton,Religious,15,0,2,Clean,90.0
SLW-1651,Salwar,Blue,Cotton,Casual,92,1,2,Clean,38.67
SLW-1652,Leggings,Navy,Polyester,Home,140,1,3,Clean,30.0
SLW-1653,Trouser,Grey,Linen,Office,51,0,2,Clean,57.5
SLW-1654,Salwar,Blue,Cotton,Casual,85,0,2,Clean,43.33
SLW-1655,School Uniform,Blue,Cotton,Office,52,1,2,Clean,65.33
SLW-1656,Trouser,Grey,Cotton,Casual,85,2,2,Dirty,43.33
SLW-1657,Jacket,Black,Denim,Casual,89,3,5,Clean,70.33
SLW-1658,Jacket,Black,Polyester,Casual,97,0,3,Clean,51.5
SLW-1659,Jeans,Blue,Denim,Casual,80,1,5,Clean,73.33
SLW-1660,Trouser,Navy,Cotton,Casual,95,0,2,Clean,36.67
SLW-1661,T-Shirt,Blue,Cotton,Casual,97,0,2,Clean,35.33
SLW-1662,Trouser,Navy,Cotton,Casual,87,1,2,Clean,42.0
SLW-1663,Blouse,Green,Silk,Wedding,1,0,4,Clean,98.75
SLW-1664,National Dress,White,Cotton,Religious,11,2,2,Dirty,92.67
SLW-1665,Shirt,White,Linen,Office,57,1,2,Clean,52.5
SLW-1666,Kurti,Green,Silk,Religious,11,4,4,Dirty,86.25
SLW-1667,Salwar,Green,Silk,Wedding,2,4,4,Dirty,97.5
SLW-1668,National Dress,Gold,Silk,Wedding,2,4,4,Dirty,97.5
SLW-1669,T-Shirt,Red,Polyester,Casual,93,0,3,Clean,53.5
SLW-1670,Jeans,Grey,Denim,Casual,91,3,5,Clean,69.67
SLW-1671,Shirt,White,Cotton,Office,48,2,2,Dirty,68.0
SLW-1672,Sarong,Blue,Cotton,Home,135,2,2,Dirty,10.0
SLW-1673,National Dress,Cream,Cotton,Religious,11,2,2,Dirty,92.67
SLW-1674,Blouse,Green,Silk,Wedding,2,1,4,Clean,97.5
SLW-1675,Vest,Black,Cotton,Home,149,2,2,Dirty,0.67
SLW-1676,Salwar,Pink,Silk,Wedding,2,4,4,Dirty,97.5
SLW-1677,Vest,White,Cotton,Home,147,2,2,Dirty,2.0
SLW-1678,T-Shirt,Black,Polyester,Casual,98,3,3,Dirty,51.0
SLW-1679,Trouser,Navy,Cotton,Casual,94,0,2,Clean,37.33
SLW-1680,Saree,Purple,Cotton,Casual,84,2,2,Dirty,44.0
SLW-1681,Batik Shirt,Blue,Batik,Office,52,3,3,Dirty,48.0
SLW-1682,Shorts,White,Cotton,Home,137,1,2,Clean,8.67
SLW-1683,Saree,Purple,Silk,Religious,10,1,4,Clean,87.5
SLW-1684,Blouse,Red,Cotton,Casual,90,1,2,Clean,40.0
SLW-1685,Shirt,Blue,Cotton,Office,42,1,2,Clean,72.0
SLW-1686,Sarong,Blue,Batik,Casual,96,1,3,Clean,4.0
SLW-1687,Kurti,Purple,Silk,Religious,11,0,4,Clean,86.25
SLW-1688,Blouse,Blue,Silk,Wedding,3,2,4,Clean,96.25
SLW-1689,Kurtha,Blue,Cotton,Religious,12,2,2,Dirty,92.0
SLW-1690,Shirt,Grey,Linen,Office,48,0,2,Clean,60.0
SLW-1691,Jacket,Navy,Polyester,Casual,92,1,3,Clean,54.0
SLW-1692,Jacket,Navy,Polyester,Casual,84,0,3,Clean,58.0
SLW-1693,Shorts,Khaki,Cotton,Home,144,2,2,Dirty,4.0
SLW-1694,Batik Shirt,Brown,Batik,Casual,78,2,3,Clean,22.0
SLW-1695,Jacket,Grey,Denim,Casual,88,1,5,Clean,70.67
SLW-1696,Shirt,Grey,Cotton,Office,61,1,2,Clean,59.33
SLW-1697,National Dress,Gold,Cotton,Religious,10,2,2,Dirty,93.33
SLW-1698,Dress,Red,Silk,Wedding,2,4,4,Dirty,97.5
SLW-1699,Batik Shirt,Multicolor,Batik,Office,53,2,3,Clean,47.0
SLW-1700,National Dress,Gold,Silk,Wedding,3,4,4,Dirty,96.25
SLW-1701,National Dress,Gold,Silk,Wedding,3,0,4,Clean,96.25
SLW-1702,Jacket,Brown,Denim,Casual,91,2,5,Clean,69.67
SLW-1703,Leggings,Grey,Polyester,Home,143,0,3,Clean,28.5
SLW-1704,T-Shirt,Blue,Cotton,Casual,95,2,2,Dirty,36.67
SLW-1705,Sarong,Blue,Cotton,Home,141,2,2,Dirty,6.0
SLW-1706,Jacket,Brown,Polyester,Casual,86,3,3,Dirty,57.0
SLW-1707,Sarong,Cream,Batik,Casual,92,2,3,Clean,8.0
SLW-1708,Shirt,White,Cotton,Office,61,2,2,Dirty,59.33
SLW-1709,Batik Shirt,Blue,Batik,Office,49,1,3,Clean,51.0
SLW-1710,Trouser,Navy,Linen,Office,44,0,2,Clean,63.33
SLW-1711,Trouser,Navy,Cotton,Casual,95,2,2,Dirty,36.67
SLW-1712,Blouse,Blue,Cotton,Casual,87,2,2,Dirty,42.0
SLW-1713,Blouse,Gold,Silk,Wedding,1,0,4,Clean,98.75
SLW-1714,School Uniform,Blue,Cotton,Office,55,2,2,Dirty,63.33
SLW-1715,Trouser,Navy,Linen,Office,46,0,2,Clean,61.67
SLW-1716,Sarong,Blue,Cotton,Home,137,1,2,Clean,8.67
SLW-1717,Sarong,White,Batik,Casual,90,0,3,Clean,10.0
SLW-1718,Sarong,Blue,Batik,Casual,89,1,3,Clean,11.0
SLW-1719,School Uniform,White,Cotton,Office,54,0,2,Clean,64.0
SLW-1720,Leggings,Grey,Polyester,Home,134,2,3,Clean,33.0
SLW-1721,Jeans,Grey,Denim,Casual,91,3,5,Clean,69.67
SLW-1722,Jeans,Black,Denim,Casual,86,3,5,Clean,71.33
SLW-1723,Sarong,White,Cotton,Home,143,1,2,Clean,4.67
SLW-1724,School Uniform,White,Cotton,Office,53,0,2,Clean,64.67
SLW-1725,Vest,Black,Cotton,Home,130,2,2,Dirty,13.33
SLW-1726,Sarong,Blue,Batik,Casual,95,0,3,Clean,5.0
SLW-1727,Leggings,Grey,Polyester,Home,133,0,3,Clean,33.5
SLW-1728,Kurtha,Cream,Cotton,Religious,13,2,2,Dirty,91.33
SLW-1729,Kurti,Pink,Silk,Religious,12,0,4,Clean,85.0
SLW-1730,Vest,Grey,Cotton,Home,149,1,2,Clean,0.67
SLW-1731,Jeans,Blue,Denim,Casual,86,5,5,Dirty,71.33
SLW-1732,Dress,Pink,Silk,Wedding,2,1,4,Clean,97.5
SLW-1733,National Dress,Gold,Silk,Wedding,2,1,4,Clean,97.5
SLW-1734,Jeans,Black,Denim,Casual,85,4,5,Clean,71.67
SLW-1735,Trouser,Grey,Linen,Office,54,0,2,Clean,55.0
SLW-1736,Trouser,Grey,Cotton,Casual,76,2,2,Dirty,49.33
SLW-1737,Sarong,Brown,Cotton,Home,129,2,2,Dirty,14.0
SLW-1738,Saree,Red,Silk,Religious,10,0,4,Clean,87.5
SLW-1739,Sarong,Brown,Cotton,Home,145,2,2,Dirty,3.33
SLW-1740,Jeans,Grey,Denim,Casual,99,4,5,Clean,67.0
SLW-1741,Batik Shirt,Brown,Batik,Casual,87,2,3,Clean,13.0
SLW-1742,Salwar,Pink,Silk,Wedding,2,2,4,Clean,97.5
SLW-1743,Shorts,Blue,Cotton,Home,138,2,2,Dirty,8.0
SLW-1744,Saree,Gold,Cotton,Casual,96,0,2,Clean,36.0
SLW-1745,Kurti,Green,Silk,Religious,10,2,4,Clean,87.5
SLW-1746,Batik Shirt,Blue,Batik,Office,51,1,3,Clean,49.0
SLW-1747,Blouse,Blue,Cotton,Casual,94,2,2,Dirty,37.33
SLW-1748,Trouser,Black,Linen,Office,53,2,2,Dirty,55.83
SLW-1749,T-Shirt,Blue,Polyester,Casual,89,0,3,Clean,55.5
SLW-1750,Batik Shirt,Multicolor,Batik,Office,56,1,3,Clean,44.0
SLW-1751,Shirt,Blue,Cotton,Office,33,1,2,Clean,78.0
SLW-1752,Trouser,Navy,Cotton,Casual,92,2,2,Dirty,38.67
SLW-1753,Batik Shirt,Blue,Batik,Office,46,2,3,Clean,54.0
SLW-1754,Jacket,Grey,Denim,Casual,75,1,5,Clean,75.0
SLW-1755,Dress,Green,Silk,Wedding,3,3,4,Clean,96.25
SLW-1756,Kurti,Purple,Silk,Religious,14,2,4,Clean,82.5
SLW-1757,Saree,Purple,Silk,Religious,11,4,4,Dirty,86.25
SLW-1758,Shirt,Pink,Linen,Office,55,1,2,Clean,54.17
SLW-1759,Saree,Blue,Cotton,Casual,99,0,2,Clean,34.0
SLW-1760,National Dress,Gold,Silk,Wedding,4,1,4,Clean,95.0
SLW-1761,Salwar,Blue,Silk,Wedding,4,3,4,Clean,95.0
SLW-1762,Blouse,Gold,Silk,Wedding,3,2,4,Clean,96.25
SLW-1763,Trouser,Grey,Cotton,Casual,88,2,2,Dirty,41.33
SLW-1764,Jacket,Brown,Denim,Casual,76,3,5,Clean,74.67
SLW-1765,Dress,Green,Cotton,Casual,86,1,2,Clean,42.67
SLW-1766,Dress,Red,Silk,Wedding,2,4,4,Dirty,97.5
SLW-1767,Saree,Purple,Cotton,Casual,103,2,2,Dirty,31.33
SLW-1768,Batik Shirt,Brown,Batik,Casual,86,2,3,Clean,14.0
SLW-1769,Jacket,Navy,Denim,Casual,88,4,5,Clean,70.67
SLW-1770,T-Shirt,White,Cotton,Casual,91,2,2,Dirty,39.33
SLW-1771,Salwar,White,Silk,Wedding,3,0,4,Clean,96.25
SLW-1772,Blouse,Red,Cotton,Casual,99,2,2,Dirty,34.0
SLW-1773,Blouse,Blue,Silk,Wedding,2,4,4,Dirty,97.5
SLW-1774,Vest,White,Cotton,Home,139,2,2,Dirty,7.33
SLW-1775,Leggings,Navy,Polyester,Home,132,0,3,Clean,34.0
SLW-1776,T-Shirt,Grey,Cotton,Casual,78,2,2,Dirty,48.0
SLW-1777,Dress,Green,Silk,Wedding,2,1,4,Clean,97.5
SLW-1778,Jeans,Grey,Denim,Casual,87,1,5,Clean,71.0
SLW-1779,Salwar,Pink,Silk,Wedding,2,2,4,Clean,97.5
SLW-1780,Dress,Pink,Cotton,Casual,83,2,2,Dirty,44.67
SLW-1781,Batik Shirt,Red,Batik,Casual,78,3,3,Dirty,22.0
SLW-1782,Jacket,Navy,Polyester,Casual,87,0,3,Clean,56.5
SLW-1783,Blouse,Gold,Cotton,Casual,77,2,2,Dirty,48.67
SLW-1784,Vest,White,Cotton,Home,144,2,2,Dirty,4.0
SLW-1785,Dress,Blue,Cotton,Casual,88,0,2,Clean,41.33
SLW-1786,Kurti,Green,Cotton,Casual,77,2,2,Dirty,48.67
SLW-1787,Salwar,Blue,Silk,Wedding,2,3,4,Clean,97.5
SLW-1788,Sarong,Green,Batik,Casual,82,1,3,Clean,18.0
SLW-1789,National Dress,Cream,Silk,Wedding,3,0,4,Clean,96.25
SLW-1790,Shirt,White,Linen,Office,58,0,2,Clean,51.67
SLW-1791,Trouser,Grey,Cotton,Casual,74,0,2,Clean,50.67
SLW-1792,Jeans,Black,Denim,Casual,88,3,5,Clean,70.67
SLW-1793,Jacket,Black,Denim,Casual,86,0,5,Clean,71.33
SLW-1794,Trouser,Black,Linen,Office,54,1,2,Clean,55.0
SLW-1795,Salwar,Blue,Cotton,Casual,89,2,2,Dirty,40.67
SLW-1796,Blouse,Gold,Silk,Wedding,2,2,4,Clean,97.5
SLW-1797,Jeans,Black,Denim,Casual,85,5,5,Dirty,71.67
SLW-1798,Shirt,White,Linen,Office,45,2,2,Dirty,62.5
SLW-1799,Jacket,Brown,Polyester,Casual,95,2,3,Clean,52.5
SLW-1800,Leggings,Navy,Polyester,Home,138,1,3,Clean,31.0
SLW-1801,Jeans,Black,Denim,Casual,101,2,5,Clean,66.33
SLW-1802,Dress,Pink,Silk,Wedding,2,3,4,Clean,97.5
SLW-1803,Sarong,Cream,Cotton,Home,132,2,2,Dirty,12.0
SLW-1804,Dress,Blue,Cotton,Casual,77,0,2,Clean,48.67
SLW-1805,Batik Shirt,Brown,Batik,Casual,75,2,3,Clean,25.0
SLW-1806,Saree,Gold,Silk,Religious,9,1,4,Clean,88.75
SLW-1807,Shirt,White,Linen,Office,51,2,2,Dirty,57.5
SLW-1808,Trouser,Khaki,Cotton,Casual,91,0,2,Clean,39.33
SLW-1809,Kurtha,Blue,Cotton,Religious,9,1,2,Clean,94.0
SLW-1810,Batik Shirt,Multicolor,Batik,Office,55,3,3,Dirty,45.0
SLW-1811,Dress,Pink,Silk,Wedding,2,1,4,Clean,97.5
SLW-1812,Saree,Green,Cotton,Casual,89,2,2,Dirty,40.67
SLW-1813,Sarong,White,Cotton,Home,149,0,2,Clean,0.67
SLW-1814,Saree,Purple,Silk,Religious,13,4,4,Dirty,83.75
SLW-1815,Saree,Purple,Cotton,Casual,86,0,2,Clean,42.67
SLW-1816,Sarong,White,Batik,Casual,81,1,3,Clean,19.0
SLW-1817,Saree,Gold,Cotton,Casual,72,1,2,Clean,52.0
SLW-1818,Jacket,Black,Polyester,Casual,82,3,3,Dirty,59.0
SLW-1819,Jacket,Grey,Denim,Casual,86,5,5,Dirty,71.33
SLW-1820,Batik Shirt,Multicolor,Batik,Casual,81,1,3,Clean,19.0
SLW-1821,Kurti,Yellow,Silk,Religious,11,3,4,Clean,86.25
SLW-1822,Saree,Green,Cotton,Casual,88,0,2,Clean,41.33
SLW-1823,Kurti,Purple,Silk,Religious,11,1,4,Clean,86.25
SLW-1824,Blouse,Green,Silk,Wedding,2,1,4,Clean,97.5
SLW-1825,Saree,Blue,Cotton,Casual,89,2,2,Dirty,40.67
SLW-1826,Leggings,Navy,Polyester,Home,141,3,3,Dirty,29.5
SLW-1827,Kurti,Green,Cotton,Casual,80,0,2,Clean,46.67
SLW-1828,Jeans,Blue,Denim,Casual,97,3,5,Clean,67.67
SLW-1829,Batik Shirt,Brown,Batik,Office,49,0,3,Clean,51.0
SLW-1830,Jacket,Navy,Polyester,Casual,88,3,3,Dirty,56.0
SLW-1831,Kurti,Green,Silk,Religious,13,0,4,Clean,83.75
SLW-1832,Dress,Pink,Silk,Wedding,3,4,4,Dirty,96.25
SLW-1833,Sarong,White,Batik,Casual,94,0,3,Clean,6.0
SLW-1834,Dress,Pink,Silk,Wedding,3,1,4,Clean,96.25
SLW-1835,School Uniform,Blue,Cotton,Office,46,0,2,Clean,69.33
SLW-1836,Jacket,Grey,Polyester,Casual,90,3,3,Dirty,55.0
SLW-1837,Blouse,Blue,Cotton,Casual,79,0,2,Clean,47.33
SLW-1838,National Dress,Cream,Silk,Wedding,3,3,4,Clean,96.25
SLW-1839,Shirt,White,Linen,Office,49,2,2,Dirty,59.17
SLW-1840,Shorts,White,Cotton,Home,136,0,2,Clean,9.33
SLW-1841,Dress,Red,Silk,Wedding,2,1,4,Clean,97.5
SLW-1842,T-Shirt,Blue,Polyester,Casual,74,3,3,Dirty,63.0
SLW-1843,National Dress,Gold,Cotton,Religious,11,0,2,Clean,92.67
SLW-1844,Salwar,White,Silk,Wedding,3,0,4,Clean,96.25
SLW-1845,Jacket,Brown,Polyester,Casual,89,0,3,Clean,55.5
SLW-1846,Trouser,Grey,Linen,Office,43,0,2,Clean,64.17
SLW-1847,Shorts,Black,Cotton,Home,148,1,2,Clean,1.33
SLW-1848,Saree,Purple,Silk,Religious,10,3,4,Clean,87.5
SLW-1849,T-Shirt,Grey,Cotton,Casual,94,1,2,Clean,37.33
SLW-1850,Shorts,White,Cotton,Home,141,2,2,Dirty,6.0
SLW-1851,Kurti,Yellow,Silk,Religious,11,2,4,Clean,86.25
SLW-1852,Vest,Grey,Cotton,Home,149,0,2,Clean,0.67
SLW-1853,School Uniform,Blue,Cotton,Office,42,2,2,Dirty,72.0
SLW-1854,Saree,Purple,Cotton,Casual,94,1,2,Clean,37.33
SLW-1855,School Uniform,Blue,Cotton,Office,56,1,2,Clean,62.67
SLW-1856,T-Shirt,Red,Polyester,Casual,83,2,3,Clean,58.5
SLW-1857,Salwar,White,Silk,Wedding,4,1,4,Clean,95.0
SLW-1858,Salwar,Green,Silk,Wedding,2,1,4,Clean,97.5
SLW-1859,Kurtha,White,Cotton,Religious,12,2,2,Dirty,92.0
SLW-1860,Batik Shirt,Multicolor,Batik,Office,51,1,3,Clean,49.0
SLW-1861,Kurtha,Blue,Cotton,Religious,11,1,2,Clean,92.67
SLW-1862,Kurti,Green,Silk,Religious,13,0,4,Clean,83.75
SLW-1863,Jeans,Blue,Denim,Casual,93,5,5,Dirty,69.0
SLW-1864,Kurtha,White,Cotton,Religious,9,0,2,Clean,94.0
SLW-1865,Dress,Yellow,Silk,Wedding,4,4,4,Dirty,95.0
SLW-1866,Batik Shirt,Red,Batik,Casual,76,0,3,Clean,24.0
SLW-1867,National Dress,White,Silk,Wedding,3,2,4,Clean,96.25
SLW-1868,Kurti,Yellow,Silk,Religious,13,0,4,Clean,83.75
SLW-1869,Leggings,Navy,Polyester,Home,129,3,3,Dirty,35.5
SLW-1870,Trouser,Grey,Linen,Office,47,2,2,Dirty,60.83
SLW-1871,Salwar,White,Cotton,Casual,80,2,2,Dirty,46.67
SLW-1872,Vest,Black,Cotton,Home,136,0,2,Clean,9.33
SLW-1873,Dress,Red,Silk,Wedding,2,3,4,Clean,97.5
SLW-1874,National Dress,Gold,Cotton,Religious,13,2,2,Dirty,91.33
SLW-1875,T-Shirt,White,Polyester,Casual,97,1,3,Clean,51.5
SLW-1876,Kurtha,Blue,Cotton,Religious,14,2,2,Dirty,90.67
SLW-1877,Jacket,Navy,Polyester,Casual,84,1,3,Clean,58.0
SLW-1878,Trouser,Grey,Cotton,Casual,86,0,2,Clean,42.67
SLW-1879,National Dress,White,Silk,Wedding,1,0,4,Clean,98.75
SLW-1880,Batik Shirt,Multicolor,Batik,Casual,82,2,3,Clean,18.0
SLW-1881,Shirt,Pink,Linen,Office,55,2,2,Dirty,54.17
SLW-1882,Jeans,Blue,Denim,Casual,99,4,5,Clean,67.0
SLW-1883,Jacket,Black,Polyester,Casual,79,0,3,Clean,60.5
SLW-1884,Leggings,Navy,Polyester,Home,133,0,3,Clean,33.5
SLW-1885,T-Shirt,Blue,Polyester,Casual,87,2,3,Clean,56.5
SLW-1886,Blouse,Gold,Silk,Wedding,3,2,4,Clean,96.25
SLW-1887,Kurti,Yellow,Silk,Religious,10,1,4,Clean,87.5
SLW-1888,Leggings,Navy,Polyester,Home,141,3,3,Dirty,29.5
SLW-1889,Sarong,Cream,Cotton,Home,134,1,2,Clean,10.67
SLW-1890,Shorts,Black,Cotton,Home,137,2,2,Dirty,8.67
SLW-1891,School Uniform,Blue,Cotton,Office,53,0,2,Clean,64.67
SLW-1892,Shirt,Grey,Cotton,Office,50,0,2,Clean,66.67
SLW-1893,Jacket,Grey,Denim,Casual,84,4,5,Clean,72.0
SLW-1894,Salwar,Green,Cotton,Casual,87,1,2,Clean,42.0
SLW-1895,Kurti,Green,Cotton,Casual,87,1,2,Clean,42.0
SLW-1896,Vest,Grey,Cotton,Home,135,1,2,Clean,10.0
SLW-1897,Trouser,Black,Cotton,Casual,86,1,2,Clean,42.67
SLW-1898,Dress,Green,Silk,Wedding,4,0,4,Clean,95.0
SLW-1899,Batik Shirt,Brown,Batik,Casual,91,3,3,Dirty,9.0
SLW-1900,Trouser,Navy,Cotton,Casual,85,2,2,Dirty,43.33
SLW-1901,Kurtha,Cream,Cotton,Religious,13,1,2,Clean,91.33
SLW-1902,Shirt,White,Linen,Office,47,2,2,Dirty,60.83
SLW-1903,Salwar,Pink,Cotton,Casual,96,1,2,Clean,36.0
SLW-1904,T-Shirt,Red,Polyester,Casual,90,0,3,Clean,55.0
SLW-1905,Trouser,Grey,Cotton,Casual,87,2,2,Dirty,42.0
SLW-1906,Batik Shirt,Multicolor,Batik,Casual,91,1,3,Clean,9.0
SLW-1907,Shirt,Blue,Cotton,Office,40,1,2,Clean,73.33
SLW-1908,Jacket,Grey,Denim,Casual,80,4,5,Clean,73.33
SLW-1909,Saree,Gold,Cotton,Casual,79,2,2,Dirty,47.33
SLW-1910,Dress,Blue,Silk,Wedding,3,1,4,Clean,96.25
SLW-1911,Salwar,Blue,Silk,Wedding,4,1,4,Clean,95.0
SLW-1912,National Dress,White,Cotton,Religious,15,0,2,Clean,90.0
SLW-1913,Blouse,Green,Silk,Wedding,3,1,4,Clean,96.25
SLW-1914,Saree,Red,Silk,Religious,12,0,4,Clean,85.0
SLW-1915,Leggings,Navy,Polyester,Home,123,0,3,Clean,38.5
SLW-1916,Trouser,Black,Cotton,Casual,84,1,2,Clean,44.0
SLW-1917,Vest,White,Cotton,Home,131,2,2,Dirty,12.67
SLW-1918,Blouse,Green,Cotton,Casual,83,1,2,Clean,44.67
SLW-1919,Kurti,Yellow,Silk,Religious,11,2,4,Clean,86.25
SLW-1920,Jacket,Grey,Denim,Casual,84,4,5,Clean,72.0
SLW-1921,Dress,Pink,Silk,Wedding,1,1,4,Clean,98.75
SLW-1922,T-Shirt,Black,Cotton,Casual,93,1,2,Clean,38.0
SLW-1923,Vest,White,Cotton,Home,129,2,2,Dirty,14.0
SLW-1924,Sarong,Green,Batik,Casual,89,3,3,Dirty,11.0
SLW-1925,School Uniform,Blue,Cotton,Office,62,0,2,Clean,58.67
SLW-1926,Jeans,Blue,Denim,Casual,81,5,5,Dirty,73.0
SLW-1927,Dress,Pink,Cotton,Casual,70,0,2,Clean,53.33
SLW-1928,Dress,Red,Cotton,Casual,85,1,2,Clean,43.33
SLW-1929,Sarong,Cream,Cotton,Home,146,2,2,Dirty,2.67
SLW-1930,Jeans,Blue,Denim,Casual,101,4,5,Clean,66.33
SLW-1931,Shirt,Grey,Cotton,Office,42,1,2,Clean,72.0
SLW-1932,Saree,Blue,Cotton,Casual,91,2,2,Dirty,39.33
SLW-1933,National Dress,Cream,Silk,Wedding,2,2,4,Clean,97.5
SLW-1934,Kurti,Pink,Silk,Religious,11,2,4,Clean,86.25
SLW-1935,Saree,Green,Cotton,Casual,106,1,2,Clean,29.33
SLW-1936,National Dress,Gold,Cotton,Religious,9,1,2,Clean,94.0
SLW-1937,Vest,Grey,Cotton,Home,140,1,2,Clean,6.67
SLW-1938,Blouse,Green,Cotton,Casual,91,1,2,Clean,39.33
SLW-1939,Dress,Pink,Cotton,Casual,95,0,2,Clean,36.67
SLW-1940,Saree,Gold,Silk,Religious,12,4,4,Dirty,85.0
SLW-1941,Blouse,Green,Silk,Wedding,3,0,4,Clean,96.25
SLW-1942,Kurtha,Blue,Cotton,Religious,11,0,2,Clean,92.67
SLW-1943,Shorts,Blue,Cotton,Home,140,1,2,Clean,6.67
SLW-1944,Saree,Green,Silk,Religious,11,1,4,Clean,86.25
SLW-1945,Kurtha,White,Cotton,Religious,12,0,2,Clean,92.0
SLW-1946,Shorts,Blue,Cotton,Home,135,1,2,Clean,10.0
SLW-1947,Jacket,Grey,Denim,Casual,90,5,5,Dirty,70.0
SLW-1948,Kurtha,Cream,Cotton,Religious,11,1,2,Clean,92.67
SLW-1949,T-Shirt,Grey,Cotton,Casual,95,2,2,Dirty,36.67
SLW-1950,Sarong,White,Batik,Casual,87,3,3,Dirty,13.0
SLW-1951,Salwar,White,Cotton,Casual,75,0,2,Clean,50.0
SLW-1952,National Dress,Cream,Cotton,Religious,13,1,2,Clean,91.33
SLW-1953,Blouse,Blue,Silk,Wedding,2,0,4,Clean,97.5
SLW-1954,Salwar,Blue,Silk,Wedding,2,2,4,Clean,97.5
SLW-1955,Shirt,Grey,Linen,Office,46,1,2,Clean,61.67
SLW-1956,Shirt,Pink,Linen,Office,58,0,2,Clean,51.67
SLW-1957,Batik Shirt,Brown,Batik,Office,37,2,3,Clean,63.0
SLW-1958,Kurti,Purple,Cotton,Casual,109,2,2,Dirty,27.33
SLW-1959,Saree,Blue,Cotton,Casual,95,1,2,Clean,36.67
SLW-1960,Shirt,Pink,Cotton,Office,51,2,2,Dirty,66.0
SLW-1961,Vest,Grey,Cotton,Home,137,2,2,Dirty,8.67
SLW-1962,Jacket,Brown,Denim,Casual,89,0,5,Clean,70.33
SLW-1963,Kurti,Yellow,Silk,Religious,12,2,4,Clean,85.0
SLW-1964,Trouser,Navy,Linen,Office,53,0,2,Clean,55.83
SLW-1965,Trouser,Khaki,Linen,Office,53,1,2,Clean,55.83
SLW-1966,Trouser,Khaki,Linen,Office,50,2,2,Dirty,58.33
SLW-1967,Blouse,Red,Cotton,Casual,86,0,2,Clean,42.67
SLW-1968,Saree,Gold,Cotton,Casual,86,1,2,Clean,42.67
SLW-1969,Shirt,Grey,Cotton,Office,48,1,2,Clean,68.0
SLW-1970,Salwar,Green,Cotton,Casual,95,1,2,Clean,36.67
SLW-1971,T-Shirt,Blue,Cotton,Casual,92,1,2,Clean,38.67
SLW-1972,Salwar,Green,Silk,Wedding,1,4,4,Dirty,98.75
SLW-1973,Shorts,Blue,Cotton,Home,143,0,2,Clean,4.67
SLW-1974,Blouse,Gold,Cotton,Casual,89,0,2,Clean,40.67
SLW-1975,Salwar,Blue,Silk,Wedding,2,1,4,Clean,97.5
SLW-1976,Salwar,Pink,Silk,Wedding,2,0,4,Clean,97.5
SLW-1977,Saree,Red,Cotton,Casual,95,1,2,Clean,36.67
SLW-1978,Batik Shirt,Multicolor,Batik,Office,55,0,3,Clean,45.0
SLW-1979,School Uniform,White,Cotton,Office,45,0,2,Clean,70.0
SLW-1980,Vest,Black,Cotton,Home,141,1,2,Clean,6.0
SLW-1981,Vest,White,Cotton,Home,130,0,2,Clean,13.33
SLW-1982,T-Shirt,Black,Cotton,Casual,78,2,2,Dirty,48.0
SLW-1983,Batik Shirt,Red,Batik,Casual,83,3,3,Dirty,17.0
SLW-1984,National Dress,Gold,Silk,Wedding,3,1,4,Clean,96.25
SLW-1985,T-Shirt,Black,Polyester,Casual,94,3,3,Dirty,53.0
SLW-1986,Saree,Gold,Silk,Religious,12,4,4,Dirty,85.0
SLW-1987,Sarong,Blue,Cotton,Home,143,0,2,Clean,4.67
SLW-1988,Blouse,Blue,Cotton,Casual,91,1,2,Clean,39.33
SLW-1989,Dress,Green,Cotton,Casual,83,2,2,Dirty,44.67
SLW-1990,School Uniform,White,Cotton,Office,52,1,2,Clean,65.33
SLW-1991,Salwar,Pink,Cotton,Casual,93,2,2,Dirty,38.0
SLW-1992,Kurti,Yellow,Cotton,Casual,93,2,2,Dirty,38.0
SLW-1993,Trouser,Khaki,Linen,Office,57,2,2,Dirty,52.5
SLW-1994,Jacket,Grey,Polyester,Casual,92,2,3,Clean,54.0
SLW-1995,Dress,Blue,Silk,Wedding,3,4,4,Dirty,96.25
SLW-1996,Kurtha,Cream,Cotton,Religious,13,0,2,Clean,91.33
SLW-1997,T-Shirt,Red,Polyester,Casual,87,2,3,Clean,56.5
SLW-1998,T-Shirt,Blue,Cotton,Casual,81,0,2,Clean,46.0
SLW-1999,Sarong,Brown,Cotton,Home,136,0,2,Clean,9.33
SLW-2000,Blouse,Green,Silk,Wedding,2,1,4,Clean,97.5
SLW-2001,T-Shirt,Grey,Polyester,Casual,83,3,3,Dirty,58.5
SLW-2002,Sarong,Green,Cotton,Home,136,2,2,Dirty,9.33
SLW-2003,Vest,Grey,Cotton,Home,131,1,2,Clean,12.67
SLW-2004,Sarong,Blue,Cotton,Home,135,1,2,Clean,10.0
SLW-2005,Kurti,Blue,Silk,Religious,9,1,4,Clean,88.75
SLW-2006,School Uniform,White,Cotton,Office,51,1,2,Clean,66.0
SLW-2007,Shorts,Khaki,Cotton,Home,138,2,2,Dirty,8.0
SLW-2008,Jeans,Blue,Denim,Casual,82,1,5,Clean,72.67
SLW-2009,Salwar,Green,Cotton,Casual,92,2,2,Dirty,38.67
SLW-2010,Blouse,Gold,Silk,Wedding,3,3,4,Clean,96.25
SLW-2011,T-Shirt,Red,Cotton,Casual,76,0,2,Clean,49.33
SLW-2012,Trouser,Grey,Linen,Office,45,0,2,Clean,62.5
SLW-2013,T-Shirt,Red,Polyester,Casual,82,2,3,Clean,59.0
SLW-2014,National Dress,White,Cotton,Religious,10,0,2,Clean,93.33
SLW-2015,Saree,Red,Silk,Religious,13,2,4,Clean,83.75
SLW-2016,Trouser,Khaki,Linen,Office,48,1,2,Clean,60.0
SLW-2017,T-Shirt,Grey,Cotton,Casual,86,2,2,Dirty,42.67
SLW-2018,Dress,Green,Silk,Wedding,1,1,4,Clean,98.75
SLW-2019,Sarong,White,Cotton,Home,143,0,2,Clean,4.67
SLW-2020,School Uniform,White,Cotton,Office,42,0,2,Clean,72.0
SLW-2021,Batik Shirt,Red,Batik,Office,50,2,3,Clean,50.0
SLW-2022,Saree,Red,Silk,Religious,12,3,4,Clean,85.0
SLW-2023,National Dress,White,Silk,Wedding,4,0,4,Clean,95.0
SLW-2024,Sarong,Cream,Cotton,Home,127,1,2,Clean,15.33
SLW-2025,Shirt,Grey,Cotton,Office,31,1,2,Clean,79.33
SLW-2026,Kurtha,Cream,Cotton,Religious,12,1,2,Clean,92.0
SLW-2027,Dress,Red,Cotton,Casual,100,2,2,Dirty,33.33
SLW-2028,Shirt,Blue,Cotton,Office,57,0,2,Clean,62.0
SLW-2029,Sarong,Green,Batik,Casual,89,2,3,Clean,11.0
SLW-2030,Batik Shirt,Brown,Batik,Casual,84,3,3,Dirty,16.0
SLW-2031,National Dress,Cream,Cotton,Religious,13,1,2,Clean,91.33
SLW-2032,Blouse,Red,Silk,Wedding,2,0,4,Clean,97.5
SLW-2033,Vest,White,Cotton,Home,141,2,2,Dirty,6.0
SLW-2034,Jeans,Blue,Denim,Casual,91,3,5,Clean,69.67
SLW-2035,Salwar,Pink,Silk,Wedding,3,0,4,Clean,96.25
SLW-2036,Dress,Red,Cotton,Casual,107,2,2,Dirty,28.67
SLW-2037,Jacket,Brown,Polyester,Casual,90,1,3,Clean,55.0
SLW-2038,Jeans,Black,Denim,Casual,84,5,5,Dirty,72.0
SLW-2039,Leggings,Black,Polyester,Home,137,2,3,Clean,31.5
SLW-2040,Trouser,Black,Linen,Office,39,2,2,Dirty,67.5
SLW-2041,Salwar,White,Silk,Wedding,2,4,4,Dirty,97.5
SLW-2042,T-Shirt,Blue,Cotton,Casual,85,1,2,Clean,43.33
SLW-2043,National Dress,White,Cotton,Religious,11,1,2,Clean,92.67
SLW-2044,Blouse,Gold,Cotton,Casual,89,2,2,Dirty,40.67
SLW-2045,Batik Shirt,Multicolor,Batik,Office,45,1,3,Clean,55.0
SLW-2046,Shirt,Blue,Cotton,Office,56,0,2,Clean,62.67
SLW-2047,Kurtha,Blue,Cotton,Religious,12,1,2,Clean,92.0
SLW-2048,Batik Shirt,Brown,Batik,Office,49,3,3,Dirty,51.0
SLW-2049,Sarong,Brown,Cotton,Home,135,0,2,Clean,10.0
SLW-2050,Kurtha,Cream,Cotton,Religious,12,2,2,Dirty,92.0
SLW-2051,Salwar,Pink,Cotton,Casual,93,2,2,Dirty,38.0
SLW-2052,Shirt,Blue,Linen,Office,44,0,2,Clean,63.33
SLW-2053,Saree,Red,Cotton,Casual,83,1,2,Clean,44.67
SLW-2054,Trouser,Grey,Cotton,Casual,85,2,2,Dirty,43.33
SLW-2055,Leggings,Black,Polyester,Home,127,0,3,Clean,36.5
SLW-2056,Shirt,Blue,Linen,Office,45,2,2,Dirty,62.5
SLW-2057,Salwar,White,Cotton,Casual,84,2,2,Dirty,44.0
SLW-2058,Saree,Gold,Silk,Religious,13,3,4,Clean,83.75
SLW-2059,Shirt,Grey,Cotton,Office,51,2,2,Dirty,66.0
SLW-2060,Kurtha,Blue,Cotton,Religious,12,1,2,Clean,92.0
SLW-2061,National Dress,Gold,Cotton,Religious,13,0,2,Clean,91.33
SLW-2062,Jeans,Grey,Denim,Casual,87,2,5,Clean,71.0
SLW-2063,Saree,Red,Silk,Religious,12,2,4,Clean,85.0
SLW-2064,Dress,Pink,Silk,Wedding,2,3,4,Clean,97.5
SLW-2065,T-Shirt,Black,Polyester,Casual,89,3,3,Dirty,55.5
SLW-2066,Kurti,Purple,Cotton,Casual,83,0,2,Clean,44.67
SLW-2067,Shirt,Pink,Linen,Office,35,1,2,Clean,70.83
SLW-2068,T-Shirt,Grey,Cotton,Casual,87,2,2,Dirty,42.0
SLW-2069,Saree,Purple,Cotton,Casual,97,0,2,Clean,35.33
SLW-2070,Saree,Blue,Silk,Religious,13,3,4,Clean,83.75
SLW-2071,Blouse,Green,Silk,Wedding,3,2,4,Clean,96.25
SLW-2072,Dress,Pink,Cotton,Casual,96,0,2,Clean,36.0
SLW-2073,Jeans,Blue,Denim,Casual,88,5,5,Dirty,70.67
SLW-2074,Jacket,Grey,Denim,Casual,89,0,5,Clean,70.33
SLW-2075,Vest,White,Cotton,Home,133,2,2,Dirty,11.33
SLW-2076,Shirt,White,Cotton,Office,48,2,2,Dirty,68.0
SLW-2077,Trouser,Khaki,Cotton,Casual,92,2,2,Dirty,38.67
SLW-2078,National Dress,Gold,Cotton,Religious,13,2,2,Dirty,91.33
SLW-2079,Dress,Blue,Silk,Wedding,2,4,4,Dirty,97.5
SLW-2080,Kurti,Pink,Silk,Religious,11,2,4,Clean,86.25
SLW-2081,Shorts,White,Cotton,Home,138,2,2,Dirty,8.0
SLW-2082,Batik Shirt,Blue,Batik,Office,53,0,3,Clean,47.0
SLW-2083,Sarong,Cream,Batik,Casual,77,1,3,Clean,23.0
SLW-2084,Blouse,Gold,Cotton,Casual,71,0,2,Clean,52.67
SLW-2085,Batik Shirt,Brown,Batik,Office,46,3,3,Dirty,54.0
SLW-2086,Batik Shirt,Multicolor,Batik,Office,42,0,3,Clean,58.0
SLW-2087,Trouser,Grey,Cotton,Casual,84,1,2,Clean,44.0
SLW-2088,Sarong,Cream,Batik,Casual,86,2,3,Clean,14.0
SLW-2089,Kurti,Blue,Silk,Religious,11,0,4,Clean,86.25
SLW-2090,Leggings,Navy,Polyester,Home,149,1,3,Clean,25.5
SLW-2091,Dress,Yellow,Silk,Wedding,3,0,4,Clean,96.25
SLW-2092,Kurtha,White,Cotton,Religious,12,2,2,Dirty,92.0
SLW-2093,Shirt,Pink,Linen,Office,53,2,2,Dirty,55.83
SLW-2094,Blouse,Red,Silk,Wedding,2,2,4,Clean,97.5
SLW-2095,Blouse,Green,Silk,Wedding,3,4,4,Dirty,96.25
SLW-2096,Jacket,Black,Polyester,Casual,87,0,3,Clean,56.5
SLW-2097,Blouse,Red,Silk,Wedding,3,2,4,Clean,96.25
SLW-2098,National Dress,White,Cotton,Religious,10,2,2,Dirty,93.33
SLW-2099,Batik Shirt,Multicolor,Batik,Office,40,1,3,Clean,60.0
SLW-2100,National Dress,Gold,Cotton,Religious,13,0,2,Clean,91.33
SLW-2101,Trouser,Navy,Cotton,Casual,90,0,2,Clean,40.0
SLW-2102,School Uniform,Blue,Cotton,Office,44,2,2,Dirty,70.67
SLW-2103,Salwar,Blue,Silk,Wedding,2,0,4,Clean,97.5
SLW-2104,Trouser,Khaki,Cotton,Casual,95,1,2,Clean,36.67
SLW-2105,Jacket,Navy,Denim,Casual,79,0,5,Clean,73.67
SLW-2106,Kurtha,Blue,Cotton,Religious,14,0,2,Clean,90.67
SLW-2107,Jeans,Black,Denim,Casual,81,4,5,Clean,73.0
SLW-2108,Trouser,Khaki,Cotton,Casual,92,0,2,Clean,38.67
SLW-2109,Leggings,Grey,Polyester,Home,135,2,3,Clean,32.5
SLW-2110,School Uniform,Blue,Cotton,Office,53,1,2,Clean,64.67
SLW-2111,Shorts,Khaki,Cotton,Home,133,2,2,Dirty,11.33
SLW-2112,Blouse,Gold,Silk,Wedding,2,2,4,Clean,97.5
SLW-2113,Kurti,Green,Cotton,Casual,88,2,2,Dirty,41.33
SLW-2114,Jeans,Grey,Denim,Casual,80,4,5,Clean,73.33
SLW-2115,T-Shirt,Red,Cotton,Casual,93,1,2,Clean,38.0
SLW-2116,Dress,Red,Cotton,Casual,84,1,2,Clean,44.0
SLW-2117,Salwar,Blue,Silk,Wedding,2,0,4,Clean,97.5
SLW-2118,Kurti,Purple,Silk,Religious,10,0,4,Clean,87.5
SLW-2119,Saree,Red,Silk,Religious,8,2,4,Clean,90.0
SLW-2120,T-Shirt,Black,Polyester,Casual,86,1,3,Clean,57.0
SLW-2121,Blouse,Red,Cotton,Casual,104,1,2,Clean,30.67
SLW-2122,Vest,Grey,Cotton,Home,144,2,2,Dirty,4.0
SLW-2123,Leggings,Black,Polyester,Home,137,1,3,Clean,31.5
SLW-2124,Sarong,Blue,Batik,Casual,86,3,3,Dirty,14.0
SLW-2125,Saree,Blue,Silk,Religious,12,1,4,Clean,85.0
SLW-2126,Shirt,Blue,Linen,Office,53,2,2,Dirty,55.83
SLW-2127,National Dress,Cream,Silk,Wedding,2,2,4,Clean,97.5
SLW-2128,Batik Shirt,Brown,Batik,Casual,95,3,3,Dirty,5.0
SLW-2129,Salwar,Blue,Silk,Wedding,3,0,4,Clean,96.25
SLW-2130,Kurtha,White,Cotton,Religious,13,1,2,Clean,91.33
SLW-2131,Dress,Red,Silk,Wedding,3,4,4,Dirty,96.25
SLW-2132,Kurti,Blue,Silk,Religious,12,2,4,Clean,85.0
SLW-2133,Salwar,Green,Silk,Wedding,3,4,4,Dirty,96.25
SLW-2134,Batik Shirt,Red,Batik,Casual,92,0,3,Clean,8.0
SLW-2135,Shirt,Pink,Linen,Office,47,1,2,Clean,60.83
SLW-2136,Leggings,Black,Polyester,Home,133,0,3,Clean,33.5
SLW-2137,Salwar,White,Silk,Wedding,3,4,4,Dirty,96.25
SLW-2138,Trouser,Khaki,Linen,Office,59,2,2,Dirty,50.83
SLW-2139,Sarong,Brown,Batik,Casual,79,2,3,Clean,21.0
SLW-2140,Sarong,Brown,Batik,Casual,77,2,3,Clean,23.0
SLW-2141,Kurti,Pink,Cotton,Casual,89,0,2,Clean,40.67
SLW-2142,Jacket,Navy,Polyester,Casual,88,1,3,Clean,56.0
SLW-2143,Sarong,Green,Batik,Casual,89,3,3,Dirty,11.0
SLW-2144,Vest,Black,Cotton,Home,139,2,2,Dirty,7.33
SLW-2145,Jacket,Navy,Polyester,Casual,86,0,3,Clean,57.0
SLW-2146,Shorts,Khaki,Cotton,Home,149,1,2,Clean,0.67
SLW-2147,Saree,Blue,Silk,Religious,9,1,4,Clean,88.75
SLW-2148,Batik Shirt,Blue,Batik,Casual,82,3,3,Dirty,18.0
SLW-2149,School Uniform,Blue,Cotton,Office,49,1,2,Clean,67.33
SLW-2150,Batik Shirt,Multicolor,Batik,Casual,76,3,3,Dirty,24.0
SLW-2151,Vest,White,Cotton,Home,136,2,2,Dirty,9.33
SLW-2152,Vest,Grey,Cotton,Home,149,0,2,Clean,0.67
SLW-2153,School Uniform,Blue,Cotton,Office,50,0,2,Clean,66.67
SLW-2154,Jeans,Grey,Denim,Casual,89,5,5,Dirty,70.33
SLW-2155,National Dress,Gold,Cotton,Religious,10,2,2,Dirty,93.33
SLW-2156,Salwar,Pink,Silk,Wedding,2,4,4,Dirty,97.5
SLW-2157,National Dress,Cream,Silk,Wedding,2,0,4,Clean,97.5
SLW-2158,Vest,Grey,Cotton,Home,135,1,2,Clean,10.0
SLW-2159,Trouser,Black,Cotton,Casual,96,2,2,Dirty,36.0
SLW-2160,Batik Shirt,Multicolor,Batik,Office,53,3,3,Dirty,47.0
SLW-2161,Shirt,Blue,Linen,Office,43,1,2,Clean,64.17
SLW-2162,Shirt,White,Cotton,Office,51,1,2,Clean,66.0
SLW-2163,Vest,White,Cotton,Home,141,1,2,Clean,6.0
SLW-2164,Shirt,Pink,Linen,Office,56,2,2,Dirty,53.33
SLW-2165,Kurti,Yellow,Silk,Religious,14,1,4,Clean,82.5
SLW-2166,Sarong,Cream,Batik,Casual,80,1,3,Clean,20.0
SLW-2167,Trouser,Navy,Cotton,Casual,82,1,2,Clean,45.33
SLW-2168,Vest,White,Cotton,Home,127,2,2,Dirty,15.33
SLW-2169,Batik Shirt,Brown,Batik,Office,48,0,3,Clean,52.0
SLW-2170,Kurti,Pink,Silk,Religious,12,1,4,Clean,85.0
SLW-2171,Sarong,White,Cotton,Home,145,1,2,Clean,3.33
SLW-2172,T-Shirt,Red,Polyester,Casual,87,3,3,Dirty,56.5
SLW-2173,Sarong,Cream,Cotton,Home,135,1,2,Clean,10.0
SLW-2174,Salwar,Pink,Silk,Wedding,3,4,4,Dirty,96.25
SLW-2175,National Dress,Gold,Cotton,Religious,10,2,2,Dirty,93.33
SLW-2176,Vest,Black,Cotton,Home,149,1,2,Clean,0.67
SLW-2177,Dress,Blue,Silk,Wedding,1,4,4,Dirty,98.75
SLW-2178,Salwar,White,Cotton,Casual,89,2,2,Dirty,40.67
SLW-2179,Jeans,Grey,Denim,Casual,102,4,5,Clean,66.0
SLW-2180,Jacket,Grey,Polyester,Casual,88,0,3,Clean,56.0
SLW-2181,Saree,Blue,Cotton,Casual,86,0,2,Clean,42.67
SLW-2182,National Dress,Gold,Cotton,Religious,11,2,2,Dirty,92.67
SLW-2183,T-Shirt,Red,Cotton,Casual,86,0,2,Clean,42.67
SLW-2184,Trouser,Black,Linen,Office,58,0,2,Clean,51.67
SLW-2185,Jeans,Black,Denim,Casual,72,5,5,Dirty,76.0
SLW-2186,Trouser,Grey,Cotton,Casual,98,2,2,Dirty,34.67
SLW-2187,Blouse,Red,Cotton,Casual,78,0,2,Clean,48.0
SLW-2188,T-Shirt,Black,Polyester,Casual,86,3,3,Dirty,57.0
SLW-2189,Jeans,Grey,Denim,Casual,84,4,5,Clean,72.0
SLW-2190,Batik Shirt,Multicolor,Batik,Office,53,2,3,Clean,47.0
SLW-2191,Blouse,Red,Cotton,Casual,76,2,2,Dirty,49.33
SLW-2192,Saree,Purple,Cotton,Casual,91,0,2,Clean,39.33
SLW-2193,Dress,Red,Cotton,Casual,102,2,2,Dirty,32.0
SLW-2194,Sarong,Brown,Batik,Casual,78,1,3,Clean,22.0
SLW-2195,T-Shirt,Red,Polyester,Casual,89,2,3,Clean,55.5
SLW-2196,Jeans,Blue,Denim,Casual,83,5,5,Dirty,72.33
SLW-2197,Sarong,Blue,Cotton,Home,141,1,2,Clean,6.0
SLW-2198,Shirt,Grey,Linen,Office,50,2,2,Dirty,58.33
SLW-2199,National Dress,Cream,Silk,Wedding,2,4,4,Dirty,97.5
SLW-2200,Kurtha,Blue,Cotton,Religious,12,0,2,Clean,92.0
SLW-2201,T-Shirt,White,Cotton,Casual,100,1,2,Clean,33.33
SLW-2202,School Uniform,White,Cotton,Office,48,1,2,Clean,68.0
SLW-2203,Saree,Green,Silk,Religious,13,2,4,Clean,83.75
SLW-2204,Trouser,Black,Cotton,Casual,78,0,2,Clean,48.0
SLW-2205,Salwar,Pink,Silk,Wedding,2,3,4,Clean,97.5
SLW-2206,Shorts,Blue,Cotton,Home,141,0,2,Clean,6.0
SLW-2207,Shorts,White,Cotton,Home,149,1,2,Clean,0.67
SLW-2208,Dress,Blue,Cotton,Casual,90,2,2,Dirty,40.0
SLW-2209,National Dress,White,Cotton,Religious,11,2,2,Dirty,92.67
SLW-2210,Kurti,Green,Cotton,Casual,87,2,2,Dirty,42.0
SLW-2211,Blouse,Green,Cotton,Casual,79,0,2,Clean,47.33
SLW-2212,Salwar,Pink,Cotton,Casual,92,2,2,Dirty,38.67
SLW-2213,Shorts,Blue,Cotton,Home,145,0,2,Clean,3.33
SLW-2214,Shirt,White,Cotton,Office,47,0,2,Clean,68.67
SLW-2215,Saree,Gold,Cotton,Casual,84,1,2,Clean,44.0
SLW-2216,Salwar,Blue,Silk,Wedding,3,0,4,Clean,96.25
SLW-2217,Jacket,Brown,Denim,Casual,84,3,5,Clean,72.0
SLW-2218,T-Shirt,Blue,Polyester,Casual,87,3,3,Dirty,56.5
SLW-2219,Saree,Red,Silk,Religious,15,1,4,Clean,81.25
SLW-2220,Saree,Red,Silk,Religious,11,1,4,Clean,86.25
SLW-2221,Vest,Black,Cotton,Home,135,2,2,Dirty,10.0
SLW-2222,T-Shirt,Grey,Cotton,Casual,83,2,2,Dirty,44.67
SLW-2223,Kurti,Purple,Silk,Religious,13,1,4,Clean,83.75
SLW-2224,National Dress,Gold,Silk,Wedding,2,1,4,Clean,97.5
SLW-2225,Sarong,White,Cotton,Home,132,1,2,Clean,12.0
SLW-2226,Salwar,Pink,Cotton,Casual,97,1,2,Clean,35.33
SLW-2227,Jacket,Grey,Polyester,Casual,97,3,3,Dirty,51.5
SLW-2228,Saree,Green,Cotton,Casual,83,1,2,Clean,44.67
SLW-2229,Dress,Blue,Silk,Wedding,1,1,4,Clean,98.75
SLW-2230,National Dress,White,Cotton,Religious,13,0,2,Clean,91.33
SLW-2231,Shorts,White,Cotton,Home,132,0,2,Clean,12.0
SLW-2232,Shorts,Blue,Cotton,Home,144,0,2,Clean,4.0
SLW-2233,Vest,White,Cotton,Home,122,0,2,Clean,18.67
SLW-2234,Saree,Purple,Cotton,Casual,94,1,2,Clean,37.33
SLW-2235,Dress,Yellow,Silk,Wedding,2,2,4,Clean,97.5
SLW-2236,Jacket,Brown,Denim,Casual,93,1,5,Clean,69.0
SLW-2237,Jeans,Grey,Denim,Casual,88,0,5,Clean,70.67
SLW-2238,Salwar,Blue,Silk,Wedding,2,3,4,Clean,97.5
SLW-2239,Jeans,Grey,Denim,Casual,85,4,5,Clean,71.67
SLW-2240,Kurti,Purple,Cotton,Casual,92,2,2,Dirty,38.67
SLW-2241,Jacket,Black,Polyester,Casual,88,0,3,Clean,56.0
SLW-2242,Dress,Red,Cotton,Casual,92,1,2,Clean,38.67
SLW-2243,Jacket,Brown,Denim,Casual,101,1,5,Clean,66.33
SLW-2244,Salwar,Green,Silk,Wedding,1,0,4,Clean,98.75
SLW-2245,Jacket,Navy,Polyester,Casual,99,0,3,Clean,50.5
SLW-2246,T-Shirt,Red,Polyester,Casual,88,3,3,Dirty,56.0
SLW-2247,Jacket,Grey,Denim,Casual,81,2,5,Clean,73.0
SLW-2248,Dress,Yellow,Cotton,Casual,78,0,2,Clean,48.0
SLW-2249,T-Shirt,Grey,Polyester,Casual,86,0,3,Clean,57.0
SLW-2250,Jacket,Brown,Denim,Casual,94,1,5,Clean,68.67
SLW-2251,Blouse,Red,Silk,Wedding,2,3,4,Clean,97.5
SLW-2252,Salwar,White,Silk,Wedding,4,4,4,Dirty,95.0
SLW-2253,Saree,Purple,Cotton,Casual,77,2,2,Dirty,48.67
SLW-2254,Saree,Green,Silk,Religious,11,3,4,Clean,86.25
SLW-2255,Shirt,White,Cotton,Office,42,1,2,Clean,72.0
SLW-2256,Saree,Purple,Cotton,Casual,90,1,2,Clean,40.0
SLW-2257,Jacket,Navy,Denim,Casual,94,5,5,Dirty,68.67
SLW-2258,Jacket,Black,Denim,Casual,85,3,5,Clean,71.67
SLW-2259,T-Shirt,Black,Cotton,Casual,69,1,2,Clean,54.0
SLW-2260,Salwar,White,Cotton,Casual,89,2,2,Dirty,40.67
SLW-2261,Batik Shirt,Multicolor,Batik,Casual,91,0,3,Clean,9.0
SLW-2262,Trouser,Black,Linen,Office,52,1,2,Clean,56.67
SLW-2263,Jacket,Navy,Polyester,Casual,96,3,3,Dirty,52.0
SLW-2264,Jeans,Black,Denim,Casual,80,4,5,Clean,73.33
SLW-2265,Sarong,Blue,Batik,Casual,92,1,3,Clean,8.0
SLW-2266,Kurti,Green,Cotton,Casual,96,2,2,Dirty,36.0
SLW-2267,Saree,Gold,Cotton,Casual,75,0,2,Clean,50.0
SLW-2268,Vest,White,Cotton,Home,140,2,2,Dirty,6.67
SLW-2269,Shorts,White,Cotton,Home,133,1,2,Clean,11.33
SLW-2270,Salwar,Blue,Silk,Wedding,2,3,4,Clean,97.5
SLW-2271,Trouser,Black,Linen,Office,52,0,2,Clean,56.67
SLW-2272,Jacket,Navy,Denim,Casual,84,1,5,Clean,72.0
SLW-2273,Sarong,Blue,Cotton,Home,132,2,2,Dirty,12.0
SLW-2274,Sarong,Green,Cotton,Home,138,1,2,Clean,8.0
SLW-2275,Blouse,Red,Cotton,Casual,80,1,2,Clean,46.67
SLW-2276,Kurti,Green,Silk,Religious,10,3,4,Clean,87.5
SLW-2277,National Dress,Gold,Cotton,Religious,13,2,2,Dirty,91.33
SLW-2278,Dress,Yellow,Silk,Wedding,2,3,4,Clean,97.5
SLW-2279,Dress,Pink,Cotton,Casual,92,0,2,Clean,38.67
SLW-2280,Kurti,Green,Silk,Religious,12,0,4,Clean,85.0
SLW-2281,Jacket,Grey,Denim,Casual,75,4,5,Clean,75.0
SLW-2282,Kurti,Green,Silk,Religious,10,4,4,Dirty,87.5
SLW-2283,Sarong,Cream,Batik,Casual,96,1,3,Clean,4.0
SLW-2284,Sarong,White,Batik,Casual,81,2,3,Clean,19.0
SLW-2285,Saree,Purple,Silk,Religious,11,0,4,Clean,86.25
SLW-2286,Blouse,Green,Silk,Wedding,3,4,4,Dirty,96.25
SLW-2287,Shirt,White,Cotton,Office,54,0,2,Clean,64.0
SLW-2288,Batik Shirt,Brown,Batik,Office,48,3,3,Dirty,52.0
SLW-2289,Saree,Blue,Cotton,Casual,83,2,2,Dirty,44.67
SLW-2290,Kurti,Purple,Silk,Religious,14,4,4,Dirty,82.5
SLW-2291,Kurtha,White,Cotton,Religious,14,2,2,Dirty,90.67
SLW-2292,Dress,Pink,Cotton,Casual,94,2,2,Dirty,37.33
SLW-2293,Shirt,White,Linen,Office,50,0,2,Clean,58.33
SLW-2294,Vest,Grey,Cotton,Home,131,1,2,Clean,12.67
SLW-2295,Shirt,White,Linen,Office,45,1,2,Clean,62.5
SLW-2296,Vest,Black,Cotton,Home,142,1,2,Clean,5.33
SLW-2297,Batik Shirt,Multicolor,Batik,Casual,90,2,3,Clean,10.0
SLW-2298,Saree,Blue,Silk,Religious,14,0,4,Clean,82.5
SLW-2299,Shirt,Pink,Cotton,Office,53,2,2,Dirty,64.67
SLW-2300,Jacket,Navy,Polyester,Casual,77,1,3,Clean,61.5
SLW-2301,Kurti,Blue,Silk,Religious,13,0,4,Clean,83.75
SLW-2302,Kurti,Purple,Cotton,Casual,81,2,2,Dirty,46.0
SLW-2303,Batik Shirt,Red,Batik,Casual,85,3,3,Dirty,15.0
SLW-2304,Shorts,White,Cotton,Home,140,2,2,Dirty,6.67
SLW-2305,T-Shirt,Grey,Cotton,Casual,101,2,2,Dirty,32.67
SLW-2306,Kurti,Green,Silk,Religious,16,2,4,Clean,80.0
SLW-2307,Kurti,Yellow,Silk,Religious,12,4,4,Dirty,85.0
SLW-2308,Jacket,Brown,Polyester,Casual,86,3,3,Dirty,57.0
SLW-2309,Kurtha,Blue,Cotton,Religious,12,0,2,Clean,92.0
SLW-2310,National Dress,White,Silk,Wedding,3,2,4,Clean,96.25
SLW-2311,Sarong,White,Cotton,Home,135,0,2,Clean,10.0
SLW-2312,Dress,Red,Cotton,Casual,100,2,2,Dirty,33.33
SLW-2313,Salwar,Green,Silk,Wedding,3,1,4,Clean,96.25
SLW-2314,Shorts,White,Cotton,Home,141,0,2,Clean,6.0
SLW-2315,Shirt,Blue,Linen,Office,53,2,2,Dirty,55.83
SLW-2316,Sarong,Cream,Cotton,Home,141,2,2,Dirty,6.0
SLW-2317,Salwar,Blue,Cotton,Casual,93,1,2,Clean,38.0
SLW-2318,Kurtha,Cream,Cotton,Religious,11,0,2,Clean,92.67
SLW-2319,T-Shirt,White,Polyester,Casual,84,2,3,Clean,58.0
SLW-2320,Batik Shirt,Red,Batik,Office,43,2,3,Clean,57.0
SLW-2321,Jeans,Grey,Denim,Casual,91,5,5,Dirty,69.67
SLW-2322,Kurti,Green,Silk,Religious,13,0,4,Clean,83.75
SLW-2323,National Dress,Cream,Cotton,Religious,12,1,2,Clean,92.0
SLW-2324,Leggings,Grey,Polyester,Home,151,3,3,Dirty,24.5
SLW-2325,Kurtha,Blue,Cotton,Religious,11,0,2,Clean,92.67
SLW-2326,Saree,Gold,Silk,Religious,13,3,4,Clean,83.75
SLW-2327,Trouser,Grey,Linen,Office,43,1,2,Clean,64.17
SLW-2328,Dress,Red,Cotton,Casual,85,1,2,Clean,43.33
SLW-2329,Blouse,Green,Silk,Wedding,3,4,4,Dirty,96.25
SLW-2330,Kurti,Pink,Cotton,Casual,93,2,2,Dirty,38.0
SLW-2331,School Uniform,White,Cotton,Office,48,2,2,Dirty,68.0
SLW-2332,National Dress,Gold,Cotton,Religious,11,2,2,Dirty,92.67
SLW-2333,Shirt,White,Cotton,Office,40,1,2,Clean,73.33
SLW-2334,Saree,Red,Silk,Religious,11,2,4,Clean,86.25
SLW-2335,Shirt,Blue,Cotton,Office,55,1,2,Clean,63.33
SLW-2336,Kurti,Yellow,Cotton,Casual,92,2,2,Dirty,38.67
SLW-2337,Saree,Red,Cotton,Casual,91,2,2,Dirty,39.33
SLW-2338,Blouse,Green,Cotton,Casual,88,1,2,Clean,41.33
SLW-2339,Salwar,Blue,Cotton,Casual,88,0,2,Clean,41.33
SLW-2340,Shorts,Khaki,Cotton,Home,132,0,2,Clean,12.0
SLW-2341,Jacket,Grey,Denim,Casual,92,1,5,Clean,69.33
SLW-2342,Dress,Blue,Cotton,Casual,90,1,2,Clean,40.0
SLW-2343,Jacket,Navy,Polyester,Casual,91,2,3,Clean,54.5
SLW-2344,Batik Shirt,Blue,Batik,Office,46,2,3,Clean,54.0
SLW-2345,Vest,White,Cotton,Home,120,0,2,Clean,20.0
SLW-2346,Dress,Red,Cotton,Casual,95,2,2,Dirty,36.67
SLW-2347,Kurtha,Blue,Cotton,Religious,11,1,2,Clean,92.67
SLW-2348,Saree,Blue,Silk,Religious,10,1,4,Clean,87.5
SLW-2349,Leggings,Navy,Polyester,Home,143,3,3,Dirty,28.5
SLW-2350,Blouse,Green,Cotton,Casual,85,2,2,Dirty,43.33
SLW-2351,Vest,White,Cotton,Home,146,1,2,Clean,2.67
SLW-2352,Vest,Black,Cotton,Home,142,0,2,Clean,5.33
SLW-2353,Trouser,Navy,Cotton,Casual,92,0,2,Clean,38.67
SLW-2354,Salwar,Green,Silk,Wedding,1,0,4,Clean,98.75
SLW-2355,Jeans,Grey,Denim,Casual,96,5,5,Dirty,68.0
SLW-2356,Batik Shirt,Red,Batik,Office,51,0,3,Clean,49.0
SLW-2357,Leggings,Navy,Polyester,Home,135,0,3,Clean,32.5
SLW-2358,Blouse,Red,Cotton,Casual,89,2,2,Dirty,40.67
SLW-2359,Shirt,White,Cotton,Office,39,1,2,Clean,74.0
SLW-2360,Batik Shirt,Blue,Batik,Office,52,2,3,Clean,48.0
SLW-2361,Kurti,Green,Cotton,Casual,80,1,2,Clean,46.67
SLW-2362,Shirt,Blue,Cotton,Office,41,0,2,Clean,72.67
SLW-2363,T-Shirt,Grey,Polyester,Casual,77,2,3,Clean,61.5
SLW-2364,Shirt,White,Cotton,Office,56,1,2,Clean,62.67
SLW-2365,T-Shirt,Black,Cotton,Casual,83,0,2,Clean,44.67
SLW-2366,T-Shirt,White,Cotton,Casual,98,0,2,Clean,34.67
SLW-2367,Kurti,Purple,Silk,Religious,11,4,4,Dirty,86.25
SLW-2368,Batik Shirt,Red,Batik,Office,39,1,3,Clean,61.0
SLW-2369,School Uniform,Blue,Cotton,Office,43,1,2,Clean,71.33
SLW-2370,Saree,Purple,Silk,Religious,13,2,4,Clean,83.75
SLW-2371,National Dress,White,Silk,Wedding,2,1,4,Clean,97.5
SLW-2372,T-Shirt,Grey,Polyester,Casual,84,2,3,Clean,58.0
SLW-2373,Dress,Blue,Cotton,Casual,89,0,2,Clean,40.67
SLW-2374,Sarong,White,Cotton,Home,142,1,2,Clean,5.33
SLW-2375,Batik Shirt,Blue,Batik,Office,56,3,3,Dirty,44.0
SLW-2376,Batik Shirt,Multicolor,Batik,Casual,98,3,3,Dirty,2.0
SLW-2377,Saree,Purple,Cotton,Casual,85,2,2,Dirty,43.33
SLW-2378,Jacket,Brown,Denim,Casual,78,4,5,Clean,74.0
SLW-2379,Kurti,Pink,Silk,Religious,11,2,4,Clean,86.25
SLW-2380,Shirt,White,Cotton,Office,51,0,2,Clean,66.0
SLW-2381,Leggings,Navy,Polyester,Home,130,3,3,Dirty,35.0
SLW-2382,Saree,Green,Silk,Religious,10,0,4,Clean,87.5
SLW-2383,Batik Shirt,Red,Batik,Office,52,3,3,Dirty,48.0
SLW-2384,Trouser,Khaki,Cotton,Casual,87,2,2,Dirty,42.0
SLW-2385,Dress,Blue,Silk,Wedding,3,1,4,Clean,96.25
SLW-2386,Saree,Blue,Silk,Religious,10,4,4,Dirty,87.5
SLW-2387,Leggings,Grey,Polyester,Home,136,2,3,Clean,32.0
SLW-2388,Saree,Blue,Cotton,Casual,81,2,2,Dirty,46.0
SLW-2389,Kurtha,Cream,Cotton,Religious,13,1,2,Clean,91.33
SLW-2390,Dress,Red,Silk,Wedding,3,0,4,Clean,96.25
SLW-2391,Dress,Green,Silk,Wedding,1,0,4,Clean,98.75
SLW-2392,Dress,Blue,Silk,Wedding,2,3,4,Clean,97.5
SLW-2393,T-Shirt,Grey,Polyester,Casual,77,2,3,Clean,61.5
SLW-2394,Kurti,Purple,Cotton,Casual,83,0,2,Clean,44.67
SLW-2395,Batik Shirt,Blue,Batik,Office,49,3,3,Dirty,51.0
SLW-2396,Shirt,White,Cotton,Office,41,2,2,Dirty,72.67
SLW-2397,Kurtha,Blue,Cotton,Religious,10,1,2,Clean,93.33
SLW-2398,Dress,Pink,Cotton,Casual,80,1,2,Clean,46.67
SLW-2399,Shorts,Blue,Cotton,Home,139,0,2,Clean,7.33
SLW-2400,School Uniform,Blue,Cotton,Office,50,0,2,Clean,66.67
SLW-2401,Jeans,Black,Denim,Casual,82,0,5,Clean,72.67
SLW-2402,National Dress,Gold,Cotton,Religious,12,2,2,Dirty,92.0
SLW-2403,Shorts,White,Cotton,Home,133,1,2,Clean,11.33
SLW-2404,School Uniform,White,Cotton,Office,48,2,2,Dirty,68.0
SLW-2405,Saree,Red,Cotton,Casual,99,2,2,Dirty,34.0
SLW-2406,Salwar,Green,Silk,Wedding,4,4,4,Dirty,95.0
SLW-2407,Batik Shirt,Red,Batik,Office,42,3,3,Dirty,58.0
SLW-2408,School Uniform,Blue,Cotton,Office,54,0,2,Clean,64.0
SLW-2409,Saree,Green,Cotton,Casual,93,1,2,Clean,38.0
SLW-2410,Batik Shirt,Multicolor,Batik,Casual,79,0,3,Clean,21.0
SLW-2411,Shirt,White,Cotton,Office,54,1,2,Clean,64.0
SLW-2412,Batik Shirt,Brown,Batik,Casual,98,1,3,Clean,2.0
SLW-2413,Jacket,Black,Denim,Casual,80,4,5,Clean,73.33
SLW-2414,Vest,Black,Cotton,Home,130,0,2,Clean,13.33
SLW-2415,Saree,Purple,Silk,Religious,13,3,4,Clean,83.75
SLW-2416,T-Shirt,Grey,Polyester,Casual,89,3,3,Dirty,55.5
SLW-2417,Kurti,Green,Cotton,Casual,91,1,2,Clean,39.33
SLW-2418,National Dress,Cream,Cotton,Religious,12,2,2,Dirty,92.0
SLW-2419,T-Shirt,Red,Polyester,Casual,90,2,3,Clean,55.0
SLW-2420,Salwar,White,Cotton,Casual,78,1,2,Clean,48.0
SLW-2421,Kurti,Purple,Cotton,Casual,95,0,2,Clean,36.67
SLW-2422,Jacket,Navy,Polyester,Casual,96,3,3,Dirty,52.0
SLW-2423,Blouse,Red,Cotton,Casual,86,1,2,Clean,42.67
SLW-2424,Shirt,White,Linen,Office,49,2,2,Dirty,59.17
SLW-2425,Sarong,Brown,Cotton,Home,125,2,2,Dirty,16.67
SLW-2426,Blouse,Red,Silk,Wedding,3,2,4,Clean,96.25
SLW-2427,Blouse,Red,Cotton,Casual,92,1,2,Clean,38.67
SLW-2428,National Dress,Gold,Silk,Wedding,2,3,4,Clean,97.5
SLW-2429,Kurti,Pink,Cotton,Casual,95,1,2,Clean,36.67
SLW-2430,Salwar,Green,Cotton,Casual,85,1,2,Clean,43.33
SLW-2431,Jeans,Grey,Denim,Casual,91,3,5,Clean,69.67
SLW-2432,National Dress,White,Cotton,Religious,10,2,2,Dirty,93.33
SLW-2433,Dress,Blue,Silk,Wedding,2,1,4,Clean,97.5
SLW-2434,School Uniform,Blue,Cotton,Office,48,1,2,Clean,68.0
SLW-2435,Blouse,Gold,Silk,Wedding,3,3,4,Clean,96.25
SLW-2436,T-Shirt,Black,Polyester,Casual,85,1,3,Clean,57.5
SLW-2437,Sarong,White,Cotton,Home,136,0,2,Clean,9.33
SLW-2438,Saree,Green,Silk,Religious,13,3,4,Clean,83.75
SLW-2439,Saree,Gold,Silk,Religious,11,0,4,Clean,86.25
SLW-2440,Trouser,Khaki,Linen,Office,40,1,2,Clean,66.67
SLW-2441,Jacket,Brown,Denim,Casual,100,5,5,Dirty,66.67
SLW-2442,Kurti,Yellow,Silk,Religious,14,1,4,Clean,82.5
SLW-2443,Jacket,Brown,Polyester,Casual,78,3,3,Dirty,61.0
SLW-2444,Jeans,Blue,Denim,Casual,92,2,5,Clean,69.33
SLW-2445,Saree,Purple,Cotton,Casual,84,1,2,Clean,44.0
SLW-2446,Sarong,Green,Cotton,Home,140,2,2,Dirty,6.67
SLW-2447,Blouse,Gold,Cotton,Casual,90,2,2,Dirty,40.0
SLW-2448,Salwar,Blue,Cotton,Casual,86,2,2,Dirty,42.67
SLW-2449,Shorts,White,Cotton,Home,131,2,2,Dirty,12.67
SLW-2450,Sarong,Brown,Batik,Casual,83,0,3,Clean,17.0
SLW-2451,Dress,Red,Silk,Wedding,2,2,4,Clean,97.5
SLW-2452,Kurti,Blue,Cotton,Casual,82,1,2,Clean,45.33
SLW-2453,Saree,Blue,Silk,Religious,11,4,4,Dirty,86.25
SLW-2454,Dress,Red,Cotton,Casual,82,2,2,Dirty,45.33
SLW-2455,Jacket,Navy,Polyester,Casual,92,0,3,Clean,54.0
SLW-2456,Dress,Pink,Silk,Wedding,4,0,4,Clean,95.0
SLW-2457,Kurtha,Cream,Cotton,Religious,11,2,2,Dirty,92.67
SLW-2458,Kurti,Pink,Silk,Religious,12,0,4,Clean,85.0
SLW-2459,School Uniform,Blue,Cotton,Office,52,0,2,Clean,65.33
SLW-2460,Dress,Yellow,Cotton,Casual,91,2,2,Dirty,39.33
SLW-2461,Kurti,Pink,Cotton,Casual,88,2,2,Dirty,41.33
SLW-2462,Shorts,White,Cotton,Home,143,1,2,Clean,4.67
SLW-2463,T-Shirt,White,Polyester,Casual,91,1,3,Clean,54.5
SLW-2464,Salwar,Blue,Cotton,Casual,79,2,2,Dirty,47.33
SLW-2465,Salwar,Blue,Silk,Wedding,3,4,4,Dirty,96.25
SLW-2466,Sarong,Brown,Batik,Casual,94,3,3,Dirty,6.0
SLW-2467,Saree,Red,Cotton,Casual,82,2,2,Dirty,45.33
SLW-2468,Trouser,Black,Cotton,Casual,88,1,2,Clean,41.33
SLW-2469,T-Shirt,White,Polyester,Casual,92,3,3,Dirty,54.0
SLW-2470,Saree,Red,Silk,Religious,11,4,4,Dirty,86.25
SLW-2471,Blouse,Green,Cotton,Casual,95,1,2,Clean,36.67
SLW-2472,Saree,Blue,Silk,Religious,15,4,4,Dirty,81.25
SLW-2473,T-Shirt,White,Cotton,Casual,82,1,2,Clean,45.33
SLW-2474,Salwar,Pink,Silk,Wedding,1,0,4,Clean,98.75
SLW-2475,Leggings,Navy,Polyester,Home,140,1,3,Clean,30.0
SLW-2476,Dress,Blue,Cotton,Casual,93,1,2,Clean,38.0
SLW-2477,T-Shirt,Black,Cotton,Casual,86,2,2,Dirty,42.67
SLW-2478,Dress,Pink,Silk,Wedding,4,1,4,Clean,95.0
SLW-2479,Blouse,Green,Cotton,Casual,78,0,2,Clean,48.0
SLW-2480,Batik Shirt,Brown,Batik,Casual,92,1,3,Clean,8.0
SLW-2481,Blouse,Blue,Silk,Wedding,2,3,4,Clean,97.5
SLW-2482,Vest,White,Cotton,Home,149,1,2,Clean,0.67
SLW-2483,Trouser,Navy,Cotton,Casual,101,1,2,Clean,32.67
SLW-2484,National Dress,Gold,Cotton,Religious,10,2,2,Dirty,93.33
SLW-2485,Blouse,Red,Silk,Wedding,2,2,4,Clean,97.5
SLW-2486,Trouser,Black,Linen,Office,55,1,2,Clean,54.17
SLW-2487,Sarong,Green,Batik,Casual,85,1,3,Clean,15.0
SLW-2488,Jeans,Black,Denim,Casual,87,3,5,Clean,71.0
SLW-2489,Dress,Blue,Silk,Wedding,3,4,4,Dirty,96.25
SLW-2490,Jeans,Grey,Denim,Casual,74,5,5,Dirty,75.33
SLW-2491,Jeans,Black,Denim,Casual,87,3,5,Clean,71.0
SLW-2492,Saree,Green,Silk,Religious,10,4,4,Dirty,87.5
SLW-2493,Sarong,Green,Cotton,Home,134,1,2,Clean,10.67
SLW-2494,Jeans,Black,Denim,Casual,98,5,5,Dirty,67.33
SLW-2495,Jacket,Black,Polyester,Casual,79,0,3,Clean,60.5
SLW-2496,Leggings,Grey,Polyester,Home,144,2,3,Clean,28.0
SLW-2497,Kurti,Pink,Silk,Religious,11,2,4,Clean,86.25
SLW-2498,T-Shirt,White,Cotton,Casual,86,1,2,Clean,42.67
SLW-2499,T-Shirt,Grey,Cotton,Casual,93,2,2,Dirty,38.0
SLW-2500,Jeans,Grey,Denim,Casual,90,3,5,Clean,70.0
SLW-2501,Salwar,Pink,Silk,Wedding,3,1,4,Clean,96.25
SLW-2502,Jacket,Navy,Polyester,Casual,94,2,3,Clean,53.0
SLW-2503,Shirt,White,Cotton,Office,48,2,2,Dirty,68.0
SLW-2504,Trouser,Black,Cotton,Casual,83,0,2,Clean,44.67
SLW-2505,Sarong,White,Cotton,Home,129,1,2,Clean,14.0
SLW-2506,Jacket,Brown,Polyester,Casual,82,0,3,Clean,59.0
SLW-2507,Shirt,Grey,Linen,Office,67,0,2,Clean,44.17
SLW-2508,T-Shirt,White,Cotton,Casual,96,0,2,Clean,36.0
SLW-2509,Sarong,White,Cotton,Home,127,2,2,Dirty,15.33
SLW-2510,Sarong,Brown,Batik,Casual,78,1,3,Clean,22.0
SLW-2511,Trouser,Black,Linen,Office,52,0,2,Clean,56.67
SLW-2512,Batik Shirt,Multicolor,Batik,Casual,91,1,3,Clean,9.0
SLW-2513,Trouser,Navy,Cotton,Casual,91,2,2,Dirty,39.33
SLW-2514,Jacket,Navy,Denim,Casual,86,0,5,Clean,71.33
SLW-2515,T-Shirt,Red,Cotton,Casual,87,1,2,Clean,42.0
SLW-2516,Trouser,Khaki,Cotton,Casual,90,0,2,Clean,40.0
SLW-2517,Leggings,Grey,Polyester,Home,138,2,3,Clean,31.0
SLW-2518,Salwar,Blue,Cotton,Casual,72,2,2,Dirty,52.0
SLW-2519,T-Shirt,White,Cotton,Casual,86,0,2,Clean,42.67
SLW-2520,T-Shirt,Red,Cotton,Casual,82,0,2,Clean,45.33
SLW-2521,Jeans,Blue,Denim,Casual,89,2,5,Clean,70.33
SLW-2522,T-Shirt,Black,Cotton,Casual,108,1,2,Clean,28.0
SLW-2523,Dress,Yellow,Cotton,Casual,90,0,2,Clean,40.0
SLW-2524,Leggings,Navy,Polyester,Home,135,1,3,Clean,32.5
SLW-2525,Jeans,Grey,Denim,Casual,94,1,5,Clean,68.67
SLW-2526,Dress,Blue,Silk,Wedding,3,0,4,Clean,96.25
SLW-2527,School Uniform,White,Cotton,Office,52,1,2,Clean,65.33
SLW-2528,Kurti,Yellow,Silk,Religious,12,0,4,Clean,85.0
SLW-2529,Salwar,White,Cotton,Casual,102,1,2,Clean,32.0
SLW-2530,Sarong,White,Batik,Casual,80,0,3,Clean,20.0
SLW-2531,Kurti,Pink,Cotton,Casual,91,2,2,Dirty,39.33
SLW-2532,Vest,White,Cotton,Home,130,1,2,Clean,13.33
SLW-2533,Jacket,Navy,Denim,Casual,91,3,5,Clean,69.67
SLW-2534,Trouser,Black,Linen,Office,44,2,2,Dirty,63.33
SLW-2535,Leggings,Navy,Polyester,Home,134,0,3,Clean,33.0
SLW-2536,Jeans,Blue,Denim,Casual,85,2,5,Clean,71.67
SLW-2537,Salwar,Green,Cotton,Casual,94,1,2,Clean,37.33
SLW-2538,Kurti,Purple,Cotton,Casual,94,0,2,Clean,37.33
SLW-2539,Salwar,Green,Cotton,Casual,79,1,2,Clean,47.33
SLW-2540,Shorts,Black,Cotton,Home,138,1,2,Clean,8.0
SLW-2541,School Uniform,White,Cotton,Office,45,0,2,Clean,70.0
SLW-2542,Jeans,Black,Denim,Casual,79,5,5,Dirty,73.67
SLW-2543,Batik Shirt,Red,Batik,Office,48,2,3,Clean,52.0
SLW-2544,Trouser,Khaki,Cotton,Casual,85,1,2,Clean,43.33
SLW-2545,Sarong,Blue,Batik,Casual,99,0,3,Clean,1.0
SLW-2546,School Uniform,White,Cotton,Office,52,1,2,Clean,65.33
SLW-2547,Blouse,Green,Silk,Wedding,1,3,4,Clean,98.75
SLW-2548,Trouser,Navy,Linen,Office,46,0,2,Clean,61.67
SLW-2549,School Uniform,Blue,Cotton,Office,56,0,2,Clean,62.67
SLW-2550,Trouser,Grey,Cotton,Casual,102,0,2,Clean,32.0
SLW-2551,Salwar,White,Cotton,Casual,76,1,2,Clean,49.33
SLW-2552,Trouser,Grey,Linen,Office,38,2,2,Dirty,68.33
SLW-2553,Dress,Yellow,Silk,Wedding,4,0,4,Clean,95.0
SLW-2554,Salwar,Pink,Silk,Wedding,3,1,4,Clean,96.25
SLW-2555,Sarong,White,Batik,Casual,81,1,3,Clean,19.0
SLW-2556,Salwar,Pink,Silk,Wedding,3,4,4,Dirty,96.25
SLW-2557,Dress,Red,Silk,Wedding,1,3,4,Clean,98.75
SLW-2558,Kurtha,Blue,Cotton,Religious,12,2,2,Dirty,92.0
SLW-2559,T-Shirt,Grey,Polyester,Casual,90,3,3,Dirty,55.0
SLW-2560,Blouse,Red,Silk,Wedding,3,3,4,Clean,96.25
SLW-2561,Sarong,White,Batik,Casual,80,2,3,Clean,20.0
SLW-2562,Shirt,White,Cotton,Office,50,2,2,Dirty,66.67
SLW-2563,Jeans,Blue,Denim,Casual,81,0,5,Clean,73.0
SLW-2564,Kurtha,Blue,Cotton,Religious,12,2,2,Dirty,92.0
SLW-2565,Jacket,Navy,Polyester,Casual,81,3,3,Dirty,59.5
SLW-2566,Salwar,Pink,Silk,Wedding,2,4,4,Dirty,97.5
SLW-2567,Leggings,Black,Polyester,Home,130,0,3,Clean,35.0
SLW-2568,Salwar,Green,Silk,Wedding,3,1,4,Clean,96.25
SLW-2569,Trouser,Khaki,Linen,Office,55,0,2,Clean,54.17
SLW-2570,Leggings,Black,Polyester,Home,136,0,3,Clean,32.0
SLW-2571,Salwar,Pink,Cotton,Casual,88,2,2,Dirty,41.33
SLW-2572,Sarong,White,Cotton,Home,126,0,2,Clean,16.0
SLW-2573,Jacket,Black,Denim,Casual,85,2,5,Clean,71.67
SLW-2574,Dress,Blue,Cotton,Casual,87,2,2,Dirty,42.0
SLW-2575,Blouse,Red,Silk,Wedding,5,4,4,Dirty,93.75
SLW-2576,Blouse,Red,Silk,Wedding,2,0,4,Clean,97.5
SLW-2577,Dress,Pink,Silk,Wedding,4,4,4,Dirty,95.0
SLW-2578,National Dress,White,Silk,Wedding,3,0,4,Clean,96.25
SLW-2579,Shorts,Khaki,Cotton,Home,140,1,2,Clean,6.67
SLW-2580,Shirt,Blue,Cotton,Office,60,0,2,Clean,60.0
SLW-2581,Shirt,White,Cotton,Office,52,0,2,Clean,65.33
SLW-2582,Kurti,Pink,Cotton,Casual,90,0,2,Clean,40.0
SLW-2583,Batik Shirt,Red,Batik,Casual,87,0,3,Clean,13.0
SLW-2584,Saree,Gold,Silk,Religious,13,3,4,Clean,83.75
SLW-2585,Salwar,Pink,Cotton,Casual,95,1,2,Clean,36.67
SLW-2586,Dress,Pink,Cotton,Casual,83,0,2,Clean,44.67
SLW-2587,Sarong,White,Batik,Casual,78,1,3,Clean,22.0
SLW-2588,Kurtha,Blue,Cotton,Religious,11,2,2,Dirty,92.67
SLW-2589,Jeans,Blue,Denim,Casual,82,1,5,Clean,72.67
SLW-2590,Jacket,Black,Denim,Casual,87,3,5,Clean,71.0
SLW-2591,Sarong,Cream,Cotton,Home,147,0,2,Clean,2.0
SLW-2592,Leggings,Navy,Polyester,Home,134,0,3,Clean,33.0
SLW-2593,Trouser,Grey,Linen,Office,49,2,2,Dirty,59.17
SLW-2594,Shorts,Khaki,Cotton,Home,138,2,2,Dirty,8.0
SLW-2595,Salwar,Pink,Cotton,Casual,93,0,2,Clean,38.0
SLW-2596,Saree,Purple,Silk,Religious,8,2,4,Clean,90.0
SLW-2597,Dress,Blue,Cotton,Casual,83,1,2,Clean,44.67
SLW-2598,Saree,Red,Cotton,Casual,89,2,2,Dirty,40.67
SLW-2599,Kurti,Yellow,Silk,Religious,13,1,4,Clean,83.75
SLW-2600,Kurti,Pink,Silk,Religious,11,0,4,Clean,86.25
SLW-2601,Shirt,White,Linen,Office,38,1,2,Clean,68.33
SLW-2602,School Uniform,White,Cotton,Office,53,0,2,Clean,64.67
SLW-2603,Batik Shirt,Red,Batik,Office,46,0,3,Clean,54.0
SLW-2604,Blouse,Gold,Cotton,Casual,79,2,2,Dirty,47.33
SLW-2605,Dress,Blue,Cotton,Casual,83,2,2,Dirty,44.67
SLW-2606,T-Shirt,Black,Cotton,Casual,86,0,2,Clean,42.67
SLW-2607,Batik Shirt,Multicolor,Batik,Office,46,1,3,Clean,54.0
SLW-2608,Dress,Blue,Silk,Wedding,1,1,4,Clean,98.75
SLW-2609,Trouser,Black,Cotton,Casual,94,0,2,Clean,37.33
SLW-2610,Trouser,Grey,Linen,Office,57,1,2,Clean,52.5
SLW-2611,National Dress,Cream,Cotton,Religious,12,1,2,Clean,92.0
SLW-2612,Shirt,Pink,Cotton,Office,43,2,2,Dirty,71.33
SLW-2613,Sarong,White,Batik,Casual,86,0,3,Clean,14.0
SLW-2614,Leggings,Black,Polyester,Home,137,1,3,Clean,31.5
SLW-2615,Kurtha,Cream,Cotton,Religious,12,0,2,Clean,92.0
SLW-2616,Jacket,Black,Polyester,Casual,92,0,3,Clean,54.0
SLW-2617,Jacket,Brown,Denim,Casual,82,1,5,Clean,72.67
SLW-2618,Kurti,Pink,Cotton,Casual,88,2,2,Dirty,41.33
SLW-2619,Shorts,White,Cotton,Home,141,0,2,Clean,6.0
SLW-2620,National Dress,Cream,Silk,Wedding,4,0,4,Clean,95.0
SLW-2621,National Dress,White,Silk,Wedding,3,0,4,Clean,96.25
SLW-2622,Salwar,Pink,Silk,Wedding,3,3,4,Clean,96.25
SLW-2623,Jeans,Blue,Denim,Casual,88,1,5,Clean,70.67
SLW-2624,Dress,Yellow,Silk,Wedding,4,4,4,Dirty,95.0
SLW-2625,Sarong,Cream,Batik,Casual,90,3,3,Dirty,10.0
SLW-2626,National Dress,Cream,Cotton,Religious,10,2,2,Dirty,93.33
SLW-2627,Saree,Blue,Cotton,Casual,97,1,2,Clean,35.33
SLW-2628,Saree,Gold,Silk,Religious,13,3,4,Clean,83.75
SLW-2629,Trouser,Grey,Linen,Office,47,1,2,Clean,60.83
SLW-2630,National Dress,White,Cotton,Religious,11,1,2,Clean,92.67
SLW-2631,Sarong,Blue,Batik,Casual,90,0,3,Clean,10.0
SLW-2632,Saree,Green,Silk,Religious,12,0,4,Clean,85.0
SLW-2633,Dress,Blue,Cotton,Casual,89,1,2,Clean,40.67
SLW-2634,Vest,White,Cotton,Home,140,1,2,Clean,6.67
SLW-2635,Jacket,Navy,Denim,Casual,99,2,5,Clean,67.0
SLW-2636,Kurtha,Blue,Cotton,Religious,13,2,2,Dirty,91.33
SLW-2637,Jacket,Navy,Denim,Casual,89,1,5,Clean,70.33
SLW-2638,Batik Shirt,Multicolor,Batik,Casual,94,3,3,Dirty,6.0
SLW-2639,Blouse,Blue,Cotton,Casual,80,0,2,Clean,46.67
SLW-2640,Blouse,Green,Silk,Wedding,3,3,4,Clean,96.25
SLW-2641,Sarong,Green,Cotton,Home,149,2,2,Dirty,0.67
SLW-2642,Salwar,Pink,Silk,Wedding,2,1,4,Clean,97.5
SLW-2643,Shirt,Blue,Cotton,Office,44,1,2,Clean,70.67
SLW-2644,Jacket,Navy,Denim,Casual,83,4,5,Clean,72.33
SLW-2645,Leggings,Grey,Polyester,Home,129,0,3,Clean,35.5
SLW-2646,Sarong,Green,Batik,Casual,82,0,3,Clean,18.0
SLW-2647,Salwar,White,Silk,Wedding,2,4,4,Dirty,97.5
SLW-2648,Shorts,Khaki,Cotton,Home,126,2,2,Dirty,16.0
SLW-2649,Dress,Yellow,Silk,Wedding,3,0,4,Clean,96.25
SLW-2650,Dress,Red,Silk,Wedding,3,1,4,Clean,96.25
SLW-2651,School Uniform,Blue,Cotton,Office,44,0,2,Clean,70.67
SLW-2652,National Dress,Cream,Cotton,Religious,14,0,2,Clean,90.67
SLW-2653,T-Shirt,White,Polyester,Casual,91,1,3,Clean,54.5
SLW-2654,Sarong,Blue,Cotton,Home,146,1,2,Clean,2.67
SLW-2655,Saree,Green,Cotton,Casual,83,2,2,Dirty,44.67
SLW-2656,Blouse,Red,Cotton,Casual,93,2,2,Dirty,38.0
SLW-2657,Dress,Blue,Cotton,Casual,80,1,2,Clean,46.67
SLW-2658,Blouse,Blue,Cotton,Casual,94,2,2,Dirty,37.33
SLW-2659,Saree,Green,Cotton,Casual,89,1,2,Clean,40.67
SLW-2660,Salwar,White,Cotton,Casual,91,2,2,Dirty,39.33
SLW-2661,Blouse,Red,Cotton,Casual,79,2,2,Dirty,47.33
SLW-2662,Jeans,Black,Denim,Casual,81,5,5,Dirty,73.0
SLW-2663,Jacket,Grey,Polyester,Casual,92,0,3,Clean,54.0
SLW-2664,Shorts,Blue,Cotton,Home,130,1,2,Clean,13.33
SLW-2665,Kurtha,White,Cotton,Religious,12,2,2,Dirty,92.0
SLW-2666,Kurti,Blue,Silk,Religious,9,2,4,Clean,88.75
SLW-2667,Jacket,Black,Polyester,Casual,93,2,3,Clean,53.5
SLW-2668,Batik Shirt,Red,Batik,Office,42,3,3,Dirty,58.0
SLW-2669,Dress,Red,Cotton,Casual,91,2,2,Dirty,39.33
SLW-2670,Shirt,Blue,Linen,Office,53,1,2,Clean,55.83
SLW-2671,Trouser,Black,Linen,Office,45,2,2,Dirty,62.5
SLW-2672,School Uniform,White,Cotton,Office,53,2,2,Dirty,64.67
SLW-2673,Saree,Gold,Silk,Religious,12,2,4,Clean,85.0
SLW-2674,School Uniform,Blue,Cotton,Office,46,0,2,Clean,69.33
SLW-2675,Salwar,Pink,Silk,Wedding,2,4,4,Dirty,97.5
SLW-2676,Vest,White,Cotton,Home,122,2,2,Dirty,18.67
SLW-2677,Shirt,Grey,Cotton,Office,52,1,2,Clean,65.33
SLW-2678,Jacket,Grey,Polyester,Casual,77,3,3,Dirty,61.5
SLW-2679,Sarong,Blue,Batik,Casual,88,0,3,Clean,12.0
SLW-2680,Shirt,Pink,Linen,Office,48,1,2,Clean,60.0
SLW-2681,Jacket,Brown,Polyester,Casual,92,0,3,Clean,54.0
SLW-2682,Salwar,Blue,Cotton,Casual,85,2,2,Dirty,43.33
SLW-2683,Dress,Green,Cotton,Casual,85,2,2,Dirty,43.33
SLW-2684,Kurtha,Blue,Cotton,Religious,13,2,2,Dirty,91.33
SLW-2685,Kurtha,White,Cotton,Religious,12,0,2,Clean,92.0
SLW-2686,Jacket,Black,Denim,Casual,90,3,5,Clean,70.0
SLW-2687,Batik Shirt,Brown,Batik,Casual,91,3,3,Dirty,9.0
SLW-2688,T-Shirt,White,Polyester,Casual,77,0,3,Clean,61.5
SLW-2689,Saree,Red,Cotton,Casual,93,1,2,Clean,38.0
SLW-2690,Salwar,Green,Cotton,Casual,92,0,2,Clean,38.67
SLW-2691,Saree,Purple,Silk,Religious,10,1,4,Clean,87.5
SLW-2692,Trouser,Grey,Linen,Office,48,0,2,Clean,60.0
SLW-2693,Shorts,Blue,Cotton,Home,137,2,2,Dirty,8.67
SLW-2694,Dress,Yellow,Silk,Wedding,2,2,4,Clean,97.5
SLW-2695,Dress,Red,Cotton,Casual,90,2,2,Dirty,40.0
SLW-2696,T-Shirt,White,Polyester,Casual,98,1,3,Clean,51.0
SLW-2697,Sarong,Brown,Cotton,Home,146,0,2,Clean,2.67
SLW-2698,Trouser,Khaki,Linen,Office,42,1,2,Clean,65.0
SLW-2699,Kurti,Pink,Cotton,Casual,92,1,2,Clean,38.67
SLW-2700,Dress,Pink,Silk,Wedding,4,4,4,Dirty,95.0
SLW-2701,Blouse,Blue,Silk,Wedding,3,4,4,Dirty,96.25
SLW-2702,Dress,Pink,Cotton,Casual,95,1,2,Clean,36.67
SLW-2703,Saree,Gold,Silk,Religious,15,2,4,Clean,81.25
SLW-2704,Kurtha,White,Cotton,Religious,13,1,2,Clean,91.33
SLW-2705,Dress,Green,Silk,Wedding,3,2,4,Clean,96.25
SLW-2706,Vest,White,Cotton,Home,146,0,2,Clean,2.67
SLW-2707,Shirt,Pink,Linen,Office,50,1,2,Clean,58.33
SLW-2708,Saree,Gold,Cotton,Casual,88,2,2,Dirty,41.33
SLW-2709,Salwar,Blue,Cotton,Casual,85,2,2,Dirty,43.33
SLW-2710,Saree,Gold,Cotton,Casual,98,0,2,Clean,34.67
SLW-2711,Saree,Red,Cotton,Casual,82,0,2,Clean,45.33
SLW-2712,Sarong,Brown,Batik,Casual,98,2,3,Clean,2.0
SLW-2713,Saree,Blue,Silk,Religious,12,3,4,Clean,85.0
SLW-2714,Shirt,Blue,Linen,Office,41,0,2,Clean,65.83
SLW-2715,School Uniform,White,Cotton,Office,52,2,2,Dirty,65.33
SLW-2716,Trouser,Grey,Cotton,Casual,73,1,2,Clean,51.33
SLW-2717,Saree,Green,Silk,Religious,12,2,4,Clean,85.0
SLW-2718,School Uniform,Blue,Cotton,Office,55,0,2,Clean,63.33
SLW-2719,Batik Shirt,Multicolor,Batik,Office,46,0,3,Clean,54.0
SLW-2720,Leggings,Black,Polyester,Home,138,3,3,Dirty,31.0
SLW-2721,Dress,Blue,Cotton,Casual,101,1,2,Clean,32.67
SLW-2722,Sarong,Brown,Cotton,Home,133,2,2,Dirty,11.33
SLW-2723,Jacket,Grey,Polyester,Casual,80,2,3,Clean,60.0
SLW-2724,Dress,Pink,Silk,Wedding,4,2,4,Clean,95.0
SLW-2725,Trouser,Khaki,Cotton,Casual,101,0,2,Clean,32.67
SLW-2726,Shirt,White,Cotton,Office,50,2,2,Dirty,66.67
SLW-2727,Salwar,White,Silk,Wedding,3,3,4,Clean,96.25
SLW-2728,Saree,Red,Silk,Religious,14,4,4,Dirty,82.5
SLW-2729,T-Shirt,Red,Polyester,Casual,82,0,3,Clean,59.0
SLW-2730,Kurti,Yellow,Silk,Religious,11,1,4,Clean,86.25
SLW-2731,Shirt,Grey,Linen,Office,57,0,2,Clean,52.5
SLW-2732,Sarong,Brown,Batik,Casual,99,1,3,Clean,1.0
SLW-2733,Jacket,Grey,Polyester,Casual,91,1,3,Clean,54.5
SLW-2734,National Dress,White,Cotton,Religious,10,0,2,Clean,93.33
SLW-2735,School Uniform,White,Cotton,Office,61,1,2,Clean,59.33
SLW-2736,Jacket,Navy,Polyester,Casual,84,3,3,Dirty,58.0
SLW-2737,Dress,Pink,Silk,Wedding,2,2,4,Clean,97.5
SLW-2738,Kurti,Blue,Silk,Religious,12,4,4,Dirty,85.0
SLW-2739,Leggings,Grey,Polyester,Home,150,2,3,Clean,25.0
SLW-2740,Saree,Blue,Silk,Religious,13,3,4,Clean,83.75
SLW-2741,Jeans,Blue,Denim,Casual,90,2,5,Clean,70.0
SLW-2742,T-Shirt,Blue,Polyester,Casual,91,2,3,Clean,54.5
SLW-2743,T-Shirt,Grey,Polyester,Casual,88,3,3,Dirty,56.0
SLW-2744,Batik Shirt,Multicolor,Batik,Casual,91,1,3,Clean,9.0
SLW-2745,Salwar,Green,Silk,Wedding,1,3,4,Clean,98.75
SLW-2746,T-Shirt,Red,Polyester,Casual,85,1,3,Clean,57.5
SLW-2747,Salwar,Pink,Silk,Wedding,3,3,4,Clean,96.25
SLW-2748,Blouse,Red,Silk,Wedding,2,4,4,Dirty,97.5
SLW-2749,Saree,Blue,Silk,Religious,12,1,4,Clean,85.0
SLW-2750,Dress,Green,Silk,Wedding,2,4,4,Dirty,97.5
SLW-2751,Batik Shirt,Blue,Batik,Casual,99,3,3,Dirty,1.0
SLW-2752,Sarong,Blue,Cotton,Home,149,1,2,Clean,0.67
SLW-2753,Shorts,Khaki,Cotton,Home,134,0,2,Clean,10.67
SLW-2754,Salwar,Pink,Cotton,Casual,86,2,2,Dirty,42.67
SLW-2755,National Dress,Cream,Cotton,Religious,11,0,2,Clean,92.67
SLW-2756,T-Shirt,White,Polyester,Casual,84,3,3,Dirty,58.0
SLW-2757,Blouse,Green,Silk,Wedding,3,2,4,Clean,96.25
SLW-2758,Dress,Yellow,Silk,Wedding,2,4,4,Dirty,97.5
SLW-2759,National Dress,White,Silk,Wedding,2,0,4,Clean,97.5
SLW-2760,Saree,Blue,Silk,Religious,12,2,4,Clean,85.0
SLW-2761,Trouser,Khaki,Linen,Office,53,2,2,Dirty,55.83
SLW-2762,Batik Shirt,Multicolor,Batik,Office,45,2,3,Clean,55.0
SLW-2763,Saree,Gold,Cotton,Casual,94,1,2,Clean,37.33
SLW-2764,Sarong,Blue,Cotton,Home,132,0,2,Clean,12.0
SLW-2765,Dress,Pink,Silk,Wedding,3,0,4,Clean,96.25
SLW-2766,Salwar,Green,Silk,Wedding,3,2,4,Clean,96.25
SLW-2767,Kurti,Pink,Cotton,Casual,87,1,2,Clean,42.0
SLW-2768,Trouser,Khaki,Linen,Office,52,2,2,Dirty,56.67
SLW-2769,Salwar,Blue,Cotton,Casual,84,0,2,Clean,44.0
SLW-2770,Jacket,Grey,Polyester,Casual,86,0,3,Clean,57.0
SLW-2771,Saree,Red,Cotton,Casual,86,2,2,Dirty,42.67
SLW-2772,Saree,Green,Silk,Religious,10,2,4,Clean,87.5
SLW-2773,Jacket,Navy,Denim,Casual,86,5,5,Dirty,71.33
SLW-2774,Shirt,White,Linen,Office,40,0,2,Clean,66.67
SLW-2775,T-Shirt,Red,Cotton,Casual,84,1,2,Clean,44.0
SLW-2776,Trouser,Black,Linen,Office,48,1,2,Clean,60.0
SLW-2777,T-Shirt,Grey,Polyester,Casual,86,2,3,Clean,57.0
SLW-2778,Trouser,Navy,Linen,Office,48,0,2,Clean,60.0
SLW-2779,Vest,White,Cotton,Home,137,2,2,Dirty,8.67
SLW-2780,Vest,Black,Cotton,Home,141,0,2,Clean,6.0
SLW-2781,Vest,Black,Cotton,Home,144,0,2,Clean,4.0
SLW-2782,Shirt,Grey,Cotton,Office,46,1,2,Clean,69.33
SLW-2783,T-Shirt,Blue,Cotton,Casual,79,2,2,Dirty,47.33
SLW-2784,Batik Shirt,Brown,Batik,Office,43,2,3,Clean,57.0
SLW-2785,Sarong,Brown,Cotton,Home,134,0,2,Clean,10.67
SLW-2786,T-Shirt,Red,Polyester,Casual,85,2,3,Clean,57.5
SLW-2787,Shorts,Blue,Cotton,Home,131,1,2,Clean,12.67
SLW-2788,Batik Shirt,Brown,Batik,Office,42,1,3,Clean,58.0
SLW-2789,Jacket,Navy,Polyester,Casual,84,1,3,Clean,58.0
SLW-2790,Kurtha,Blue,Cotton,Religious,12,2,2,Dirty,92.0
SLW-2791,Salwar,White,Cotton,Casual,92,2,2,Dirty,38.67
SLW-2792,Shorts,Black,Cotton,Home,133,1,2,Clean,11.33
SLW-2793,Batik Shirt,Blue,Batik,Office,47,1,3,Clean,53.0
SLW-2794,Dress,Green,Silk,Wedding,2,2,4,Clean,97.5
SLW-2795,Salwar,Pink,Cotton,Casual,87,1,2,Clean,42.0
SLW-2796,Blouse,Green,Silk,Wedding,2,3,4,Clean,97.5
SLW-2797,Saree,Blue,Cotton,Casual,92,2,2,Dirty,38.67
SLW-2798,Sarong,White,Cotton,Home,123,2,2,Dirty,18.0
SLW-2799,National Dress,Gold,Silk,Wedding,2,1,4,Clean,97.5
SLW-2800,Saree,Blue,Silk,Religious,12,1,4,Clean,85.0
SLW-2801,Saree,Gold,Silk,Religious,12,1,4,Clean,85.0
SLW-2802,Batik Shirt,Blue,Batik,Casual,99,3,3,Dirty,1.0
SLW-2803,Batik Shirt,Multicolor,Batik,Casual,90,0,3,Clean,10.0
SLW-2804,Vest,White,Cotton,Home,129,1,2,Clean,14.0
SLW-2805,National Dress,White,Cotton,Religious,11,0,2,Clean,92.67
SLW-2806,Kurtha,Blue,Cotton,Religious,9,2,2,Dirty,94.0
SLW-2807,Kurti,Yellow,Cotton,Casual,87,0,2,Clean,42.0
SLW-2808,Batik Shirt,Blue,Batik,Office,45,2,3,Clean,55.0
SLW-2809,Batik Shirt,Blue,Batik,Casual,94,2,3,Clean,6.0
SLW-2810,Vest,White,Cotton,Home,133,0,2,Clean,11.33
SLW-2811,Leggings,Navy,Polyester,Home,137,1,3,Clean,31.5
SLW-2812,Jacket,Navy,Denim,Casual,83,1,5,Clean,72.33
SLW-2813,Trouser,Black,Cotton,Casual,100,1,2,Clean,33.33
SLW-2814,Batik Shirt,Red,Batik,Casual,85,1,3,Clean,15.0
SLW-2815,Kurti,Pink,Cotton,Casual,100,1,2,Clean,33.33
SLW-2816,Saree,Purple,Cotton,Casual,93,2,2,Dirty,38.0
SLW-2817,National Dress,Gold,Silk,Wedding,3,4,4,Dirty,96.25
SLW-2818,Batik Shirt,Blue,Batik,Casual,90,0,3,Clean,10.0
SLW-2819,Jacket,Navy,Polyester,Casual,90,1,3,Clean,55.0
SLW-2820,T-Shirt,Grey,Polyester,Casual,74,1,3,Clean,63.0
SLW-2821,Sarong,White,Cotton,Home,135,2,2,Dirty,10.0
SLW-2822,Leggings,Navy,Polyester,Home,144,1,3,Clean,28.0
SLW-2823,Blouse,Blue,Cotton,Casual,87,2,2,Dirty,42.0
SLW-2824,Shirt,Blue,Linen,Office,41,2,2,Dirty,65.83
SLW-2825,Dress,Red,Cotton,Casual,87,2,2,Dirty,42.0
SLW-2826,Saree,Green,Cotton,Casual,99,1,2,Clean,34.0
SLW-2827,Shorts,Blue,Cotton,Home,147,0,2,Clean,2.0
SLW-2828,Shorts,White,Cotton,Home,137,0,2,Clean,8.67
SLW-2829,Batik Shirt,Blue,Batik,Office,55,3,3,Dirty,45.0
SLW-2830,Jacket,Brown,Polyester,Casual,85,1,3,Clean,57.5
SLW-2831,Vest,Black,Cotton,Home,124,1,2,Clean,17.33
SLW-2832,T-Shirt,White,Polyester,Casual,81,0,3,Clean,59.5
SLW-2833,Shirt,White,Cotton,Office,59,1,2,Clean,60.67
SLW-2834,Jeans,Black,Denim,Casual,86,2,5,Clean,71.33
SLW-2835,Kurti,Yellow,Silk,Religious,11,2,4,Clean,86.25
SLW-2836,National Dress,Cream,Silk,Wedding,2,4,4,Dirty,97.5
SLW-2837,T-Shirt,Black,Polyester,Casual,101,3,3,Dirty,49.5
SLW-2838,Blouse,Blue,Cotton,Casual,99,0,2,Clean,34.0
SLW-2839,Trouser,Navy,Cotton,Casual,103,1,2,Clean,31.33
SLW-2840,Sarong,Green,Cotton,Home,136,2,2,Dirty,9.33
SLW-2841,Trouser,Khaki,Cotton,Casual,90,0,2,Clean,40.0
SLW-2842,Dress,Red,Cotton,Casual,77,2,2,Dirty,48.67
SLW-2843,Batik Shirt,Multicolor,Batik,Office,58,1,3,Clean,42.0
SLW-2844,Jeans,Grey,Denim,Casual,79,5,5,Dirty,73.67
SLW-2845,Batik Shirt,Blue,Batik,Office,51,1,3,Clean,49.0
SLW-2846,Shirt,Grey,Linen,Office,43,0,2,Clean,64.17
SLW-2847,National Dress,Cream,Cotton,Religious,11,2,2,Dirty,92.67
SLW-2848,Batik Shirt,Multicolor,Batik,Office,44,1,3,Clean,56.0
SLW-2849,Salwar,Blue,Silk,Wedding,2,3,4,Clean,97.5
SLW-2850,Vest,Black,Cotton,Home,133,2,2,Dirty,11.33
SLW-2851,Kurti,Yellow,Cotton,Casual,84,1,2,Clean,44.0
SLW-2852,Shirt,Pink,Linen,Office,55,1,2,Clean,54.17
SLW-2853,Dress,Green,Silk,Wedding,2,4,4,Dirty,97.5
SLW-2854,Saree,Red,Silk,Religious,12,3,4,Clean,85.0
SLW-2855,Batik Shirt,Multicolor,Batik,Office,57,2,3,Clean,43.0
SLW-2856,Dress,Blue,Silk,Wedding,2,1,4,Clean,97.5
SLW-2857,Sarong,White,Cotton,Home,132,0,2,Clean,12.0
SLW-2858,Blouse,Blue,Silk,Wedding,2,0,4,Clean,97.5
SLW-2859,Trouser,Navy,Cotton,Casual,96,0,2,Clean,36.0
SLW-2860,Jeans,Grey,Denim,Casual,89,4,5,Clean,70.33
SLW-2861,Shirt,Grey,Cotton,Office,46,0,2,Clean,69.33
SLW-2862,Kurti,Blue,Silk,Religious,12,4,4,Dirty,85.0
SLW-2863,Vest,Black,Cotton,Home,129,0,2,Clean,14.0
SLW-2864,Vest,Grey,Cotton,Home,143,2,2,Dirty,4.67
SLW-2865,Kurtha,White,Cotton,Religious,12,1,2,Clean,92.0
SLW-2866,T-Shirt,Red,Polyester,Casual,85,3,3,Dirty,57.5
SLW-2867,Jacket,Grey,Polyester,Casual,82,2,3,Clean,59.0
SLW-2868,Kurtha,Blue,Cotton,Religious,10,2,2,Dirty,93.33
SLW-2869,Sarong,Green,Cotton,Home,142,0,2,Clean,5.33
SLW-2870,Jacket,Brown,Denim,Casual,96,0,5,Clean,68.0
SLW-2871,Dress,Yellow,Cotton,Casual,83,1,2,Clean,44.67
SLW-2872,Dress,Red,Cotton,Casual,91,1,2,Clean,39.33
SLW-2873,Sarong,Brown,Batik,Casual,73,1,3,Clean,27.0
SLW-2874,Trouser,Navy,Cotton,Casual,83,1,2,Clean,44.67
SLW-2875,Dress,Blue,Silk,Wedding,2,3,4,Clean,97.5
SLW-2876,T-Shirt,Red,Polyester,Casual,81,3,3,Dirty,59.5
SLW-2877,Vest,Black,Cotton,Home,130,0,2,Clean,13.33
SLW-2878,Trouser,Khaki,Cotton,Casual,83,1,2,Clean,44.67
SLW-2879,Dress,Blue,Silk,Wedding,3,4,4,Dirty,96.25
SLW-2880,Jacket,Brown,Polyester,Casual,86,0,3,Clean,57.0
SLW-2881,T-Shirt,Grey,Cotton,Casual,72,1,2,Clean,52.0
SLW-2882,Jeans,Grey,Denim,Casual,73,4,5,Clean,75.67
SLW-2883,Shirt,Grey,Linen,Office,46,1,2,Clean,61.67
SLW-2884,Sarong,Brown,Batik,Casual,91,0,3,Clean,9.0
SLW-2885,Sarong,Blue,Batik,Casual,68,1,3,Clean,32.0
SLW-2886,Shirt,White,Linen,Office,47,2,2,Dirty,60.83
SLW-2887,Vest,Grey,Cotton,Home,133,2,2,Dirty,11.33
SLW-2888,Jeans,Black,Denim,Casual,97,0,5,Clean,67.67
SLW-2889,Shirt,Pink,Linen,Office,47,1,2,Clean,60.83
SLW-2890,Shirt,Blue,Linen,Office,52,0,2,Clean,56.67
SLW-2891,National Dress,Gold,Silk,Wedding,3,1,4,Clean,96.25
SLW-2892,T-Shirt,White,Polyester,Casual,73,0,3,Clean,63.5
SLW-2893,Blouse,Red,Cotton,Casual,93,1,2,Clean,38.0
SLW-2894,Shirt,White,Cotton,Office,51,0,2,Clean,66.0
SLW-2895,School Uniform,White,Cotton,Office,53,1,2,Clean,64.67
SLW-2896,Dress,Yellow,Cotton,Casual,115,2,2,Dirty,23.33
SLW-2897,Kurti,Yellow,Cotton,Casual,73,2,2,Dirty,51.33
SLW-2898,T-Shirt,Red,Cotton,Casual,100,0,2,Clean,33.33
SLW-2899,Kurti,Pink,Cotton,Casual,85,0,2,Clean,43.33
SLW-2900,Jeans,Black,Denim,Casual,90,4,5,Clean,70.0
SLW-2901,Shirt,White,Cotton,Office,49,2,2,Dirty,67.33
SLW-2902,Kurtha,White,Cotton,Religious,11,1,2,Clean,92.67
SLW-2903,Salwar,Pink,Cotton,Casual,84,2,2,Dirty,44.0
SLW-2904,Shirt,Grey,Cotton,Office,51,1,2,Clean,66.0
SLW-2905,Saree,Blue,Cotton,Casual,77,2,2,Dirty,48.67
SLW-2906,Shirt,Blue,Linen,Office,54,1,2,Clean,55.0
SLW-2907,Dress,Pink,Silk,Wedding,2,0,4,Clean,97.5
SLW-2908,National Dress,Cream,Cotton,Religious,10,1,2,Clean,93.33
SLW-2909,Sarong,Brown,Batik,Casual,84,2,3,Clean,16.0
SLW-2910,Jeans,Grey,Denim,Casual,96,1,5,Clean,68.0
SLW-2911,Salwar,White,Silk,Wedding,2,0,4,Clean,97.5
SLW-2912,Kurti,Pink,Cotton,Casual,90,1,2,Clean,40.0
SLW-2913,Batik Shirt,Multicolor,Batik,Casual,82,3,3,Dirty,18.0
SLW-2914,National Dress,White,Cotton,Religious,13,1,2,Clean,91.33
SLW-2915,Trouser,Grey,Linen,Office,54,1,2,Clean,55.0
SLW-2916,Shorts,White,Cotton,Home,149,2,2,Dirty,0.67
SLW-2917,National Dress,Cream,Cotton,Religious,11,1,2,Clean,92.67
SLW-2918,T-Shirt,Grey,Cotton,Casual,92,2,2,Dirty,38.67
SLW-2919,Dress,Pink,Cotton,Casual,88,2,2,Dirty,41.33
SLW-2920,Saree,Purple,Cotton,Casual,97,0,2,Clean,35.33
SLW-2921,Blouse,Blue,Cotton,Casual,82,0,2,Clean,45.33
SLW-2922,National Dress,Gold,Cotton,Religious,13,2,2,Dirty,91.33
SLW-2923,Dress,Pink,Cotton,Casual,86,1,2,Clean,42.67
SLW-2924,Kurtha,Cream,Cotton,Religious,11,2,2,Dirty,92.67
SLW-2925,Leggings,Navy,Polyester,Home,138,0,3,Clean,31.0
SLW-2926,National Dress,Cream,Cotton,Religious,12,1,2,Clean,92.0
SLW-2927,Saree,Gold,Silk,Religious,11,1,4,Clean,86.25
SLW-2928,Salwar,Green,Silk,Wedding,3,2,4,Clean,96.25
SLW-2929,Shorts,Black,Cotton,Home,149,1,2,Clean,0.67
SLW-2930,Trouser,Khaki,Linen,Office,55,0,2,Clean,54.17
SLW-2931,T-Shirt,Black,Cotton,Casual,94,1,2,Clean,37.33
SLW-2932,T-Shirt,Grey,Cotton,Casual,84,2,2,Dirty,44.0
SLW-2933,National Dress,White,Silk,Wedding,2,3,4,Clean,97.5
SLW-2934,Batik Shirt,Brown,Batik,Office,55,1,3,Clean,45.0
SLW-2935,Sarong,Blue,Cotton,Home,145,0,2,Clean,3.33
SLW-2936,Dress,Pink,Cotton,Casual,98,1,2,Clean,34.67
SLW-2937,Shorts,Black,Cotton,Home,133,1,2,Clean,11.33
SLW-2938,National Dress,Cream,Cotton,Religious,11,0,2,Clean,92.67
SLW-2939,Saree,Blue,Silk,Religious,9,0,4,Clean,88.75
SLW-2940,Kurtha,Blue,Cotton,Religious,11,1,2,Clean,92.67
SLW-2941,School Uniform,White,Cotton,Office,55,0,2,Clean,63.33
SLW-2942,Salwar,White,Silk,Wedding,2,3,4,Clean,97.5
SLW-2943,Sarong,Blue,Batik,Casual,92,0,3,Clean,8.0
SLW-2944,Kurti,Blue,Silk,Religious,11,2,4,Clean,86.25
SLW-2945,Jacket,Grey,Denim,Casual,90,3,5,Clean,70.0
SLW-2946,Trouser,Black,Cotton,Casual,79,2,2,Dirty,47.33
SLW-2947,Jeans,Blue,Denim,Casual,88,5,5,Dirty,70.67
SLW-2948,National Dress,Gold,Silk,Wedding,1,0,4,Clean,98.75
SLW-2949,Salwar,White,Silk,Wedding,2,4,4,Dirty,97.5
SLW-2950,Jacket,Brown,Polyester,Casual,76,2,3,Clean,62.0
SLW-2951,Jacket,Navy,Denim,Casual,96,0,5,Clean,68.0
SLW-2952,Kurti,Pink,Silk,Religious,13,0,4,Clean,83.75
SLW-2953,Shirt,Pink,Cotton,Office,52,2,2,Dirty,65.33
SLW-2954,Kurtha,Blue,Cotton,Religious,14,2,2,Dirty,90.67
SLW-2955,National Dress,White,Silk,Wedding,2,3,4,Clean,97.5
SLW-2956,Saree,Gold,Silk,Religious,14,0,4,Clean,82.5
SLW-2957,National Dress,Cream,Cotton,Religious,13,1,2,Clean,91.33
SLW-2958,Shorts,Black,Cotton,Home,136,1,2,Clean,9.33
SLW-2959,Dress,Green,Silk,Wedding,3,4,4,Dirty,96.25
SLW-2960,Salwar,Blue,Cotton,Casual,80,0,2,Clean,46.67
SLW-2961,School Uniform,Blue,Cotton,Office,45,1,2,Clean,70.0
SLW-2962,Trouser,Grey,Cotton,Casual,83,0,2,Clean,44.67
SLW-2963,Jacket,Grey,Denim,Casual,84,1,5,Clean,72.0
SLW-2964,Dress,Green,Silk,Wedding,2,2,4,Clean,97.5
SLW-2965,Sarong,Brown,Cotton,Home,147,2,2,Dirty,2.0
SLW-2966,Sarong,Cream,Batik,Casual,86,0,3,Clean,14.0
SLW-2967,T-Shirt,Red,Cotton,Casual,90,2,2,Dirty,40.0
SLW-2968,T-Shirt,White,Polyester,Casual,84,2,3,Clean,58.0
SLW-2969,School Uniform,Blue,Cotton,Office,39,0,2,Clean,74.0
SLW-2970,Jeans,Black,Denim,Casual,89,0,5,Clean,70.33
SLW-2971,Leggings,Grey,Polyester,Home,122,2,3,Clean,39.0
SLW-2972,Batik Shirt,Red,Batik,Casual,87,1,3,Clean,13.0
SLW-2973,National Dress,Cream,Cotton,Religious,9,0,2,Clean,94.0
SLW-2974,Trouser,Khaki,Linen,Office,61,1,2,Clean,49.17
SLW-2975,Kurtha,Cream,Cotton,Religious,13,0,2,Clean,91.33
SLW-2976,Blouse,Blue,Cotton,Casual,88,0,2,Clean,41.33
SLW-2977,Dress,Green,Silk,Wedding,4,3,4,Clean,95.0
SLW-2978,Salwar,White,Cotton,Casual,82,1,2,Clean,45.33
SLW-2979,Blouse,Green,Silk,Wedding,3,1,4,Clean,96.25
SLW-2980,Jacket,Grey,Polyester,Casual,89,0,3,Clean,55.5
SLW-2981,Shorts,White,Cotton,Home,140,2,2,Dirty,6.67
SLW-2982,Dress,Red,Cotton,Casual,96,2,2,Dirty,36.0
SLW-2983,Vest,Black,Cotton,Home,143,0,2,Clean,4.67
SLW-2984,Trouser,Khaki,Linen,Office,51,0,2,Clean,57.5
SLW-2985,Kurtha,White,Cotton,Religious,9,2,2,Dirty,94.0
SLW-2986,Sarong,Cream,Cotton,Home,130,1,2,Clean,13.33
SLW-2987,Trouser,Grey,Linen,Office,49,1,2,Clean,59.17
SLW-2988,Kurti,Blue,Cotton,Casual,88,0,2,Clean,41.33
SLW-2989,Saree,Purple,Cotton,Casual,80,0,2,Clean,46.67
SLW-2990,Salwar,Pink,Cotton,Casual,104,2,2,Dirty,30.67
SLW-2991,Blouse,Blue,Cotton,Casual,98,2,2,Dirty,34.67
SLW-2992,Kurtha,Cream,Cotton,Religious,12,1,2,Clean,92.0
SLW-2993,Dress,Green,Silk,Wedding,3,1,4,Clean,96.25
SLW-2994,Saree,Purple,Cotton,Casual,86,2,2,Dirty,42.67
SLW-2995,Blouse,Green,Silk,Wedding,2,2,4,Clean,97.5
SLW-2996,National Dress,Cream,Cotton,Religious,12,0,2,Clean,92.0
SLW-2997,Shirt,Pink,Linen,Office,51,0,2,Clean,57.5
SLW-2998,Jacket,Navy,Denim,Casual,79,3,5,Clean,73.67
SLW-2999,Sarong,Brown,Cotton,Home,140,0,2,Clean,6.67
SLW-3000,Trouser,Navy,Linen,Office,49,2,2,Dirty,59.17
SLW-3001,Leggings,Grey,Polyester,Home,122,0,3,Clean,39.0
SLW-3002,National Dress,Gold,Cotton,Religious,10,1,2,Clean,93.33
SLW-3003,Blouse,Red,Cotton,Casual,85,0,2,Clean,43.33
SLW-3004,Jeans,Black,Denim,Casual,101,4,5,Clean,66.33
SLW-3005,Kurti,Green,Silk,Religious,12,2,4,Clean,85.0
SLW-3006,Batik Shirt,Brown,Batik,Casual,78,2,3,Clean,22.0
SLW-3007,Kurti,Blue,Cotton,Casual,91,0,2,Clean,39.33
SLW-3008,Salwar,Green,Cotton,Casual,77,2,2,Dirty,48.67
SLW-3009,Vest,Black,Cotton,Home,146,1,2,Clean,2.67
SLW-3010,Dress,Blue,Silk,Wedding,2,0,4,Clean,97.5
SLW-3011,Salwar,Pink,Cotton,Casual,87,0,2,Clean,42.0
SLW-3012,Blouse,Green,Cotton,Casual,97,1,2,Clean,35.33
SLW-3013,Salwar,Green,Silk,Wedding,1,3,4,Clean,98.75
SLW-3014,Saree,Gold,Silk,Religious,9,3,4,Clean,88.75
SLW-3015,Kurti,Pink,Silk,Religious,11,1,4,Clean,86.25
SLW-3016,Salwar,Green,Silk,Wedding,3,1,4,Clean,96.25
SLW-3017,Saree,Gold,Cotton,Casual,77,1,2,Clean,48.67
SLW-3018,Sarong,Blue,Cotton,Home,115,1,2,Clean,23.33
SLW-3019,National Dress,Cream,Silk,Wedding,2,4,4,Dirty,97.5
SLW-3020,Leggings,Grey,Polyester,Home,142,1,3,Clean,29.0
SLW-3021,Kurti,Yellow,Cotton,Casual,96,2,2,Dirty,36.0
SLW-3022,Batik Shirt,Multicolor,Batik,Casual,84,0,3,Clean,16.0
SLW-3023,Saree,Green,Silk,Religious,11,2,4,Clean,86.25
SLW-3024,Trouser,Khaki,Cotton,Casual,96,0,2,Clean,36.0
SLW-3025,Salwar,Blue,Cotton,Casual,74,1,2,Clean,50.67
SLW-3026,Batik Shirt,Blue,Batik,Casual,85,0,3,Clean,15.0
SLW-3027,Sarong,Cream,Batik,Casual,89,2,3,Clean,11.0
SLW-3028,Dress,Pink,Silk,Wedding,3,2,4,Clean,96.25
SLW-3029,Trouser,Black,Cotton,Casual,84,2,2,Dirty,44.0
SLW-3030,Sarong,Brown,Cotton,Home,138,1,2,Clean,8.0
SLW-3031,Kurti,Pink,Silk,Religious,8,3,4,Clean,90.0
SLW-3032,Jeans,Black,Denim,Casual,83,5,5,Dirty,72.33
SLW-3033,Saree,Red,Silk,Religious,12,4,4,Dirty,85.0
SLW-3034,Kurti,Pink,Cotton,Casual,81,0,2,Clean,46.0
SLW-3035,Saree,Green,Cotton,Casual,88,2,2,Dirty,41.33
SLW-3036,Leggings,Grey,Polyester,Home,141,2,3,Clean,29.5
SLW-3037,Saree,Blue,Silk,Religious,11,0,4,Clean,86.25
SLW-3038,Salwar,Green,Cotton,Casual,89,2,2,Dirty,40.67
SLW-3039,Saree,Red,Silk,Religious,10,2,4,Clean,87.5
SLW-3040,Shirt,Blue,Cotton,Office,48,0,2,Clean,68.0
SLW-3041,Dress,Green,Silk,Wedding,3,2,4,Clean,96.25
SLW-3042,Leggings,Grey,Polyester,Home,139,3,3,Dirty,30.5
SLW-3043,Jacket,Grey,Denim,Casual,83,2,5,Clean,72.33
SLW-3044,Jacket,Brown,Polyester,Casual,89,2,3,Clean,55.5
SLW-3045,Jacket,Grey,Denim,Casual,93,1,5,Clean,69.0
SLW-3046,Salwar,Pink,Silk,Wedding,1,3,4,Clean,98.75
SLW-3047,School Uniform,Blue,Cotton,Office,56,2,2,Dirty,62.67
SLW-3048,Sarong,Cream,Batik,Casual,85,1,3,Clean,15.0
SLW-3049,Sarong,Cream,Batik,Casual,90,1,3,Clean,10.0
SLW-3050,Sarong,Blue,Batik,Casual,96,3,3,Dirty,4.0
SLW-3051,Saree,Green,Cotton,Casual,78,2,2,Dirty,48.0
SLW-3052,Shorts,Khaki,Cotton,Home,132,0,2,Clean,12.0
SLW-3053,Sarong,Blue,Batik,Casual,85,3,3,Dirty,15.0
SLW-3054,Salwar,Green,Cotton,Casual,82,2,2,Dirty,45.33
SLW-3055,Dress,Red,Cotton,Casual,100,1,2,Clean,33.33
SLW-3056,Blouse,Gold,Cotton,Casual,82,2,2,Dirty,45.33
SLW-3057,Batik Shirt,Blue,Batik,Office,46,2,3,Clean,54.0
SLW-3058,National Dress,White,Cotton,Religious,12,1,2,Clean,92.0
SLW-3059,Blouse,Green,Silk,Wedding,2,1,4,Clean,97.5
SLW-3060,Kurti,Purple,Cotton,Casual,85,2,2,Dirty,43.33
SLW-3061,National Dress,White,Cotton,Religious,12,2,2,Dirty,92.0
SLW-3062,Jacket,Brown,Polyester,Casual,85,1,3,Clean,57.5
SLW-3063,Leggings,Black,Polyester,Home,137,0,3,Clean,31.5
SLW-3064,Vest,Black,Cotton,Home,133,1,2,Clean,11.33
SLW-3065,Batik Shirt,Blue,Batik,Office,40,2,3,Clean,60.0
SLW-3066,T-Shirt,Red,Polyester,Casual,90,0,3,Clean,55.0
SLW-3067,Shirt,White,Linen,Office,60,2,2,Dirty,50.0
SLW-3068,Blouse,Gold,Silk,Wedding,3,2,4,Clean,96.25
SLW-3069,Sarong,Green,Cotton,Home,139,0,2,Clean,7.33
SLW-3070,Blouse,Blue,Silk,Wedding,3,3,4,Clean,96.25
SLW-3071,Trouser,Black,Linen,Office,42,1,2,Clean,65.0
SLW-3072,Shirt,Pink,Cotton,Office,60,0,2,Clean,60.0
SLW-3073,Shirt,Blue,Cotton,Office,51,2,2,Dirty,66.0
SLW-3074,National Dress,Gold,Cotton,Religious,14,0,2,Clean,90.67
SLW-3075,T-Shirt,White,Polyester,Casual,82,2,3,Clean,59.0
SLW-3076,Salwar,Green,Silk,Wedding,4,0,4,Clean,95.0
SLW-3077,Batik Shirt,Red,Batik,Casual,93,3,3,Dirty,7.0
SLW-3078,Saree,Green,Cotton,Casual,91,0,2,Clean,39.33
SLW-3079,Batik Shirt,Brown,Batik,Casual,89,0,3,Clean,11.0
SLW-3080,Saree,Green,Cotton,Casual,86,1,2,Clean,42.67
SLW-3081,T-Shirt,White,Polyester,Casual,96,1,3,Clean,52.0
SLW-3082,T-Shirt,Red,Polyester,Casual,88,3,3,Dirty,56.0
SLW-3083,Salwar,Pink,Silk,Wedding,1,2,4,Clean,98.75
SLW-3084,Shirt,White,Linen,Office,43,2,2,Dirty,64.17
SLW-3085,Blouse,Gold,Silk,Wedding,2,2,4,Clean,97.5
SLW-3086,Dress,Yellow,Silk,Wedding,3,3,4,Clean,96.25
SLW-3087,Dress,Pink,Silk,Wedding,2,2,4,Clean,97.5
SLW-3088,Kurti,Blue,Silk,Religious,13,3,4,Clean,83.75
SLW-3089,Vest,Grey,Cotton,Home,122,1,2,Clean,18.67
SLW-3090,Kurti,Yellow,Silk,Religious,12,1,4,Clean,85.0
SLW-3091,Trouser,Black,Linen,Office,39,1,2,Clean,67.5
SLW-3092,Sarong,Green,Batik,Casual,93,2,3,Clean,7.0
SLW-3093,Trouser,Navy,Cotton,Casual,87,0,2,Clean,42.0
SLW-3094,Leggings,Navy,Polyester,Home,141,3,3,Dirty,29.5
SLW-3095,Trouser,Black,Linen,Office,44,2,2,Dirty,63.33
SLW-3096,T-Shirt,Red,Polyester,Casual,96,3,3,Dirty,52.0
SLW-3097,Batik Shirt,Red,Batik,Casual,95,3,3,Dirty,5.0
SLW-3098,Saree,Blue,Silk,Religious,12,1,4,Clean,85.0
SLW-3099,Blouse,Blue,Silk,Wedding,2,1,4,Clean,97.5
SLW-3100,T-Shirt,Grey,Polyester,Casual,92,0,3,Clean,54.0
SLW-3101,Batik Shirt,Blue,Batik,Casual,83,0,3,Clean,17.0
SLW-3102,Jacket,Brown,Polyester,Casual,93,3,3,Dirty,53.5
SLW-3103,Batik Shirt,Red,Batik,Office,59,3,3,Dirty,41.0
SLW-3104,Shirt,White,Linen,Office,56,1,2,Clean,53.33
SLW-3105,Vest,White,Cotton,Home,132,2,2,Dirty,12.0
SLW-3106,Batik Shirt,Brown,Batik,Office,52,3,3,Dirty,48.0
SLW-3107,Kurtha,Cream,Cotton,Religious,10,0,2,Clean,93.33
SLW-3108,Sarong,Green,Batik,Casual,92,0,3,Clean,8.0
SLW-3109,Jacket,Grey,Denim,Casual,91,5,5,Dirty,69.67
SLW-3110,Shirt,Pink,Cotton,Office,38,2,2,Dirty,74.67
SLW-3111,Vest,Grey,Cotton,Home,128,2,2,Dirty,14.67
SLW-3112,Kurti,Pink,Silk,Religious,11,2,4,Clean,86.25
SLW-3113,Leggings,Black,Polyester,Home,135,1,3,Clean,32.5
SLW-3114,Saree,Purple,Cotton,Casual,79,0,2,Clean,47.33
SLW-3115,T-Shirt,White,Cotton,Casual,90,2,2,Dirty,40.0
SLW-3116,Shorts,Black,Cotton,Home,140,2,2,Dirty,6.67
SLW-3117,Sarong,White,Cotton,Home,136,1,2,Clean,9.33
SLW-3118,Sarong,Green,Cotton,Home,131,0,2,Clean,12.67
SLW-3119,Dress,Yellow,Cotton,Casual,95,2,2,Dirty,36.67
SLW-3120,Blouse,Blue,Cotton,Casual,99,2,2,Dirty,34.0
SLW-3121,T-Shirt,Red,Polyester,Casual,84,2,3,Clean,58.0
SLW-3122,Kurtha,White,Cotton,Religious,11,1,2,Clean,92.67
SLW-3123,Saree,Red,Silk,Religious,12,1,4,Clean,85.0
SLW-3124,National Dress,White,Cotton,Religious,11,0,2,Clean,92.67
SLW-3125,Salwar,White,Cotton,Casual,87,0,2,Clean,42.0
SLW-3126,National Dress,Gold,Cotton,Religious,13,1,2,Clean,91.33
SLW-3127,Saree,Green,Silk,Religious,9,1,4,Clean,88.75
SLW-3128,Blouse,Gold,Silk,Wedding,4,4,4,Dirty,95.0
SLW-3129,Batik Shirt,Multicolor,Batik,Casual,88,2,3,Clean,12.0
SLW-3130,Saree,Green,Silk,Religious,11,3,4,Clean,86.25
SLW-3131,Sarong,Cream,Cotton,Home,137,0,2,Clean,8.67
SLW-3132,Jacket,Brown,Denim,Casual,87,1,5,Clean,71.0
SLW-3133,Dress,Red,Silk,Wedding,1,3,4,Clean,98.75
SLW-3134,Blouse,Gold,Cotton,Casual,98,1,2,Clean,34.67
SLW-3135,National Dress,Gold,Cotton,Religious,12,1,2,Clean,92.0
SLW-3136,Blouse,Red,Silk,Wedding,3,3,4,Clean,96.25
SLW-3137,Shirt,White,Cotton,Office,55,0,2,Clean,63.33
SLW-3138,Trouser,Khaki,Linen,Office,43,2,2,Dirty,64.17
SLW-3139,Shorts,White,Cotton,Home,141,1,2,Clean,6.0
SLW-3140,Sarong,Green,Batik,Casual,86,3,3,Dirty,14.0
SLW-3141,Dress,Pink,Silk,Wedding,3,4,4,Dirty,96.25
SLW-3142,Salwar,Green,Silk,Wedding,1,4,4,Dirty,98.75
SLW-3143,National Dress,Gold,Silk,Wedding,2,0,4,Clean,97.5
SLW-3144,Sarong,Brown,Cotton,Home,133,1,2,Clean,11.33
SLW-3145,Shirt,White,Cotton,Office,52,2,2,Dirty,65.33
SLW-3146,T-Shirt,Red,Cotton,Casual,91,2,2,Dirty,39.33
SLW-3147,Jacket,Black,Denim,Casual,83,3,5,Clean,72.33
SLW-3148,Dress,Green,Silk,Wedding,2,4,4,Dirty,97.5
SLW-3149,Dress,Yellow,Cotton,Casual,87,2,2,Dirty,42.0
SLW-3150,Sarong,Blue,Cotton,Home,130,0,2,Clean,13.33
SLW-3151,Salwar,Green,Silk,Wedding,3,1,4,Clean,96.25
SLW-3152,Shirt,Blue,Linen,Office,47,1,2,Clean,60.83
SLW-3153,Jacket,Grey,Polyester,Casual,67,1,3,Clean,66.5
SLW-3154,Leggings,Black,Polyester,Home,135,3,3,Dirty,32.5
SLW-3155,Jacket,Brown,Denim,Casual,80,2,5,Clean,73.33
SLW-3156,Shorts,White,Cotton,Home,124,2,2,Dirty,17.33
SLW-3157,Kurtha,White,Cotton,Religious,10,1,2,Clean,93.33
SLW-3158,Kurti,Pink,Silk,Religious,12,1,4,Clean,85.0
SLW-3159,Salwar,White,Cotton,Casual,97,2,2,Dirty,35.33
SLW-3160,Trouser,Navy,Cotton,Casual,90,1,2,Clean,40.0
SLW-3161,Saree,Gold,Cotton,Casual,83,0,2,Clean,44.67
SLW-3162,Kurti,Blue,Silk,Religious,12,3,4,Clean,85.0
SLW-3163,Kurtha,Cream,Cotton,Religious,11,1,2,Clean,92.67
SLW-3164,T-Shirt,Black,Polyester,Casual,83,1,3,Clean,58.5
SLW-3165,School Uniform,White,Cotton,Office,43,0,2,Clean,71.33
SLW-3166,Shirt,Grey,Linen,Office,39,1,2,Clean,67.5
SLW-3167,Trouser,Navy,Cotton,Casual,85,0,2,Clean,43.33
SLW-3168,Blouse,Red,Silk,Wedding,3,4,4,Dirty,96.25
SLW-3169,Kurtha,Cream,Cotton,Religious,11,0,2,Clean,92.67
SLW-3170,Shorts,Blue,Cotton,Home,134,0,2,Clean,10.67
SLW-3171,Batik Shirt,Multicolor,Batik,Office,44,1,3,Clean,56.0
SLW-3172,T-Shirt,Blue,Cotton,Casual,92,1,2,Clean,38.67
SLW-3173,Vest,Black,Cotton,Home,127,0,2,Clean,15.33
SLW-3174,T-Shirt,Grey,Cotton,Casual,93,0,2,Clean,38.0
SLW-3175,Kurti,Blue,Silk,Religious,10,0,4,Clean,87.5
SLW-3176,Leggings,Grey,Polyester,Home,131,3,3,Dirty,34.5
SLW-3177,Blouse,Red,Silk,Wedding,1,0,4,Clean,98.75
SLW-3178,Kurtha,Blue,Cotton,Religious,11,2,2,Dirty,92.67
SLW-3179,Kurtha,Blue,Cotton,Religious,13,0,2,Clean,91.33
SLW-3180,Sarong,Cream,Batik,Casual,91,0,3,Clean,9.0
SLW-3181,Trouser,Navy,Linen,Office,55,0,2,Clean,54.17
SLW-3182,Leggings,Black,Polyester,Home,142,2,3,Clean,29.0
SLW-3183,Salwar,Green,Silk,Wedding,2,2,4,Clean,97.5
SLW-3184,Vest,Grey,Cotton,Home,135,2,2,Dirty,10.0
SLW-3185,Salwar,Pink,Silk,Wedding,2,0,4,Clean,97.5
SLW-3186,Trouser,Grey,Linen,Office,57,1,2,Clean,52.5
SLW-3187,Blouse,Red,Silk,Wedding,2,1,4,Clean,97.5
SLW-3188,Blouse,Blue,Cotton,Casual,94,0,2,Clean,37.33
SLW-3189,Shorts,Blue,Cotton,Home,145,0,2,Clean,3.33
SLW-3190,Blouse,Green,Silk,Wedding,4,3,4,Clean,95.0
SLW-3191,T-Shirt,White,Polyester,Casual,85,1,3,Clean,57.5
SLW-3192,T-Shirt,Red,Cotton,Casual,92,1,2,Clean,38.67
SLW-3193,Shirt,Blue,Linen,Office,63,2,2,Dirty,47.5
SLW-3194,Saree,Green,Silk,Religious,11,4,4,Dirty,86.25
SLW-3195,Kurtha,White,Cotton,Religious,9,0,2,Clean,94.0
SLW-3196,Kurtha,Cream,Cotton,Religious,9,1,2,Clean,94.0
SLW-3197,Leggings,Grey,Polyester,Home,143,3,3,Dirty,28.5
SLW-3198,Blouse,Green,Cotton,Casual,74,2,2,Dirty,50.67
SLW-3199,Sarong,Cream,Cotton,Home,135,1,2,Clean,10.0
SLW-3200,Vest,Black,Cotton,Home,141,0,2,Clean,6.0
SLW-3201,Kurtha,White,Cotton,Religious,12,2,2,Dirty,92.0
SLW-3202,Batik Shirt,Red,Batik,Casual,90,2,3,Clean,10.0
SLW-3203,Jeans,Black,Denim,Casual,89,1,5,Clean,70.33
SLW-3204,Sarong,White,Batik,Casual,96,3,3,Dirty,4.0
SLW-3205,Trouser,Navy,Cotton,Casual,81,2,2,Dirty,46.0
SLW-3206,Jacket,Black,Denim,Casual,83,4,5,Clean,72.33
SLW-3207,Trouser,Grey,Linen,Office,45,2,2,Dirty,62.5
SLW-3208,Shorts,White,Cotton,Home,144,1,2,Clean,4.0
SLW-3209,Salwar,Blue,Silk,Wedding,3,2,4,Clean,96.25
SLW-3210,Sarong,Brown,Cotton,Home,141,1,2,Clean,6.0
SLW-3211,Kurti,Yellow,Silk,Religious,13,1,4,Clean,83.75
SLW-3212,Dress,Blue,Cotton,Casual,79,2,2,Dirty,47.33
SLW-3213,Jacket,Brown,Denim,Casual,99,4,5,Clean,67.0
SLW-3214,Salwar,Green,Cotton,Casual,98,1,2,Clean,34.67
SLW-3215,Vest,Grey,Cotton,Home,143,0,2,Clean,4.67
SLW-3216,Batik Shirt,Red,Batik,Casual,99,0,3,Clean,1.0
SLW-3217,Jeans,Grey,Denim,Casual,76,5,5,Dirty,74.67
SLW-3218,Salwar,Blue,Silk,Wedding,2,1,4,Clean,97.5
SLW-3219,National Dress,Gold,Cotton,Religious,10,0,2,Clean,93.33
SLW-3220,School Uniform,Blue,Cotton,Office,54,1,2,Clean,64.0
SLW-3221,Vest,White,Cotton,Home,129,2,2,Dirty,14.0
SLW-3222,Sarong,Brown,Cotton,Home,144,0,2,Clean,4.0
SLW-3223,Kurti,Green,Cotton,Casual,97,1,2,Clean,35.33
SLW-3224,Blouse,Blue,Silk,Wedding,3,2,4,Clean,96.25
SLW-3225,Jacket,Black,Polyester,Casual,89,0,3,Clean,55.5
SLW-3226,Blouse,Green,Silk,Wedding,2,2,4,Clean,97.5
SLW-3227,Trouser,Grey,Linen,Office,44,2,2,Dirty,63.33
SLW-3228,Batik Shirt,Blue,Batik,Office,57,0,3,Clean,43.0
SLW-3229,Dress,Pink,Cotton,Casual,93,1,2,Clean,38.0
SLW-3230,Salwar,Green,Silk,Wedding,2,0,4,Clean,97.5
SLW-3231,Shirt,Blue,Cotton,Office,47,0,2,Clean,68.67
SLW-3232,Shirt,Grey,Linen,Office,37,1,2,Clean,69.17
SLW-3233,Trouser,Navy,Cotton,Casual,80,2,2,Dirty,46.67
SLW-3234,Salwar,Pink,Cotton,Casual,101,1,2,Clean,32.67
SLW-3235,Batik Shirt,Brown,Batik,Office,42,2,3,Clean,58.0
SLW-3236,Blouse,Blue,Silk,Wedding,3,2,4,Clean,96.25
SLW-3237,Batik Shirt,Multicolor,Batik,Office,56,1,3,Clean,44.0
SLW-3238,Blouse,Red,Silk,Wedding,1,3,4,Clean,98.75
SLW-3239,Batik Shirt,Multicolor,Batik,Casual,89,0,3,Clean,11.0
SLW-3240,Jacket,Brown,Denim,Casual,94,1,5,Clean,68.67
SLW-3241,National Dress,White,Cotton,Religious,12,1,2,Clean,92.0
SLW-3242,Shirt,Pink,Linen,Office,67,2,2,Dirty,44.17
SLW-3243,Kurti,Purple,Cotton,Casual,76,2,2,Dirty,49.33
SLW-3244,Vest,Grey,Cotton,Home,146,1,2,Clean,2.67
SLW-3245,Kurti,Yellow,Cotton,Casual,86,1,2,Clean,42.67
SLW-3246,Dress,Yellow,Cotton,Casual,93,2,2,Dirty,38.0
SLW-3247,Salwar,Pink,Silk,Wedding,3,3,4,Clean,96.25
SLW-3248,Saree,Gold,Silk,Religious,10,4,4,Dirty,87.5
SLW-3249,Dress,Blue,Silk,Wedding,3,3,4,Clean,96.25
SLW-3250,Salwar,White,Cotton,Casual,74,2,2,Dirty,50.67
SLW-3251,Salwar,Green,Cotton,Casual,92,0,2,Clean,38.67
SLW-3252,Dress,Blue,Silk,Wedding,3,0,4,Clean,96.25
SLW-3253,School Uniform,White,Cotton,Office,53,1,2,Clean,64.67
SLW-3254,Kurti,Blue,Silk,Religious,13,3,4,Clean,83.75
SLW-3255,Batik Shirt,Red,Batik,Office,52,2,3,Clean,48.0
SLW-3256,Sarong,White,Batik,Casual,89,1,3,Clean,11.0
SLW-3257,Shirt,Grey,Linen,Office,44,1,2,Clean,63.33
SLW-3258,T-Shirt,Red,Polyester,Casual,83,2,3,Clean,58.5
SLW-3259,Sarong,Cream,Cotton,Home,147,0,2,Clean,2.0
SLW-3260,Kurtha,Cream,Cotton,Religious,14,2,2,Dirty,90.67
SLW-3261,Sarong,Blue,Batik,Casual,86,2,3,Clean,14.0
SLW-3262,National Dress,Gold,Cotton,Religious,12,0,2,Clean,92.0
SLW-3263,Dress,Red,Silk,Wedding,2,0,4,Clean,97.5
SLW-3264,School Uniform,White,Cotton,Office,57,1,2,Clean,62.0
SLW-3265,Blouse,Blue,Cotton,Casual,92,0,2,Clean,38.67
SLW-3266,Dress,Green,Silk,Wedding,4,4,4,Dirty,95.0
SLW-3267,Kurti,Pink,Cotton,Casual,81,1,2,Clean,46.0
SLW-3268,Kurtha,Cream,Cotton,Religious,11,1,2,Clean,92.67
SLW-3269,Blouse,Gold,Silk,Wedding,3,4,4,Dirty,96.25
SLW-3270,Vest,Black,Cotton,Home,143,0,2,Clean,4.67
SLW-3271,Trouser,Khaki,Linen,Office,48,1,2,Clean,60.0
SLW-3272,Trouser,Navy,Cotton,Casual,81,1,2,Clean,46.0
SLW-3273,Blouse,Green,Cotton,Casual,94,2,2,Dirty,37.33
SLW-3274,Batik Shirt,Multicolor,Batik,Casual,93,3,3,Dirty,7.0
SLW-3275,National Dress,Cream,Silk,Wedding,2,3,4,Clean,97.5
SLW-3276,School Uniform,Blue,Cotton,Office,58,0,2,Clean,61.33
SLW-3277,Salwar,White,Silk,Wedding,3,2,4,Clean,96.25
SLW-3278,Blouse,Red,Cotton,Casual,88,0,2,Clean,41.33
SLW-3279,Kurti,Pink,Cotton,Casual,88,2,2,Dirty,41.33
SLW-3280,School Uniform,White,Cotton,Office,53,2,2,Dirty,64.67
SLW-3281,Trouser,Black,Linen,Office,44,2,2,Dirty,63.33
SLW-3282,National Dress,Gold,Cotton,Religious,12,2,2,Dirty,92.0
SLW-3283,Kurti,Purple,Cotton,Casual,72,0,2,Clean,52.0
SLW-3284,Jacket,Brown,Polyester,Casual,94,1,3,Clean,53.0
SLW-3285,Jacket,Black,Polyester,Casual,77,0,3,Clean,61.5
SLW-3286,Trouser,Navy,Cotton,Casual,98,2,2,Dirty,34.67
SLW-3287,Sarong,Cream,Cotton,Home,135,1,2,Clean,10.0
SLW-3288,National Dress,Cream,Silk,Wedding,2,4,4,Dirty,97.5
SLW-3289,Batik Shirt,Multicolor,Batik,Casual,83,2,3,Clean,17.0
SLW-3290,Kurti,Yellow,Cotton,Casual,85,0,2,Clean,43.33
SLW-3291,Blouse,Green,Cotton,Casual,97,0,2,Clean,35.33
SLW-3292,Shorts,Khaki,Cotton,Home,118,0,2,Clean,21.33
SLW-3293,Sarong,Blue,Cotton,Home,148,2,2,Dirty,1.33
SLW-3294,Jeans,Blue,Denim,Casual,90,2,5,Clean,70.0
SLW-3295,Batik Shirt,Brown,Batik,Office,42,0,3,Clean,58.0
SLW-3296,T-Shirt,Black,Polyester,Casual,80,1,3,Clean,60.0
SLW-3297,T-Shirt,Black,Cotton,Casual,99,0,2,Clean,34.0
SLW-3298,T-Shirt,Black,Polyester,Casual,81,3,3,Dirty,59.5
SLW-3299,Sarong,Cream,Batik,Casual,79,2,3,Clean,21.0
SLW-3300,Sarong,White,Cotton,Home,147,2,2,Dirty,2.0
SLW-3301,T-Shirt,White,Polyester,Casual,90,3,3,Dirty,55.0
SLW-3302,Shirt,Pink,Cotton,Office,44,0,2,Clean,70.67
SLW-3303,Jacket,Grey,Denim,Casual,89,2,5,Clean,70.33
SLW-3304,Jeans,Blue,Denim,Casual,80,0,5,Clean,73.33
SLW-3305,National Dress,Gold,Cotton,Religious,13,0,2,Clean,91.33
SLW-3306,Kurti,Yellow,Cotton,Casual,95,0,2,Clean,36.67
SLW-3307,Jacket,Black,Polyester,Casual,91,3,3,Dirty,54.5
SLW-3308,T-Shirt,Blue,Cotton,Casual,90,0,2,Clean,40.0
SLW-3309,Dress,Yellow,Cotton,Casual,100,2,2,Dirty,33.33
SLW-3310,Batik Shirt,Blue,Batik,Casual,87,3,3,Dirty,13.0
SLW-3311,Shorts,Blue,Cotton,Home,128,2,2,Dirty,14.67
SLW-3312,Leggings,Grey,Polyester,Home,141,0,3,Clean,29.5
SLW-3313,School Uniform,White,Cotton,Office,62,2,2,Dirty,58.67
SLW-3314,National Dress,Gold,Silk,Wedding,2,4,4,Dirty,97.5
SLW-3315,Kurtha,Cream,Cotton,Religious,11,0,2,Clean,92.67
SLW-3316,Kurti,Yellow,Cotton,Casual,90,1,2,Clean,40.0
SLW-3317,Batik Shirt,Brown,Batik,Casual,87,1,3,Clean,13.0
SLW-3318,Shirt,Blue,Linen,Office,44,2,2,Dirty,63.33
SLW-3319,Kurtha,Blue,Cotton,Religious,13,0,2,Clean,91.33
SLW-3320,Shorts,Khaki,Cotton,Home,149,2,2,Dirty,0.67
SLW-3321,Sarong,Green,Batik,Casual,89,0,3,Clean,11.0
SLW-3322,Blouse,Green,Silk,Wedding,2,4,4,Dirty,97.5
SLW-3323,Trouser,Black,Linen,Office,40,0,2,Clean,66.67
SLW-3324,Sarong,Blue,Batik,Casual,89,3,3,Dirty,11.0
SLW-3325,Kurti,Yellow,Silk,Religious,13,2,4,Clean,83.75
SLW-3326,Shirt,Blue,Linen,Office,52,2,2,Dirty,56.67
SLW-3327,Kurti,Pink,Cotton,Casual,87,2,2,Dirty,42.0
SLW-3328,Sarong,Brown,Batik,Casual,83,1,3,Clean,17.0
SLW-3329,Kurti,Pink,Cotton,Casual,80,0,2,Clean,46.67
SLW-3330,Batik Shirt,Blue,Batik,Casual,93,3,3,Dirty,7.0
SLW-3331,Blouse,Green,Silk,Wedding,3,1,4,Clean,96.25
SLW-3332,Jacket,Navy,Denim,Casual,77,3,5,Clean,74.33
SLW-3333,Kurti,Pink,Silk,Religious,14,4,4,Dirty,82.5
SLW-3334,Jacket,Grey,Denim,Casual,92,5,5,Dirty,69.33
SLW-3335,Trouser,Khaki,Linen,Office,58,1,2,Clean,51.67
SLW-3336,T-Shirt,Blue,Cotton,Casual,78,0,2,Clean,48.0
SLW-3337,Shirt,Pink,Cotton,Office,41,0,2,Clean,72.67
SLW-3338,Kurti,Blue,Silk,Religious,11,2,4,Clean,86.25
SLW-3339,Leggings,Navy,Polyester,Home,142,1,3,Clean,29.0
SLW-3340,Leggings,Navy,Polyester,Home,152,0,3,Clean,24.0
SLW-3341,Dress,Red,Silk,Wedding,3,0,4,Clean,96.25
SLW-3342,Trouser,Khaki,Cotton,Casual,86,0,2,Clean,42.67
SLW-3343,School Uniform,Blue,Cotton,Office,43,2,2,Dirty,71.33
SLW-3344,Vest,Black,Cotton,Home,147,1,2,Clean,2.0
SLW-3345,Batik Shirt,Blue,Batik,Casual,81,0,3,Clean,19.0
SLW-3346,Jacket,Brown,Denim,Casual,99,5,5,Dirty,67.0
SLW-3347,Trouser,Grey,Cotton,Casual,86,0,2,Clean,42.67
SLW-3348,Blouse,Green,Silk,Wedding,4,3,4,Clean,95.0
SLW-3349,Jeans,Grey,Denim,Casual,92,1,5,Clean,69.33
SLW-3350,Sarong,Green,Cotton,Home,136,0,2,Clean,9.33
SLW-3351,Shirt,Pink,Linen,Office,46,0,2,Clean,61.67
SLW-3352,Sarong,White,Cotton,Home,135,0,2,Clean,10.0
SLW-3353,Vest,Black,Cotton,Home,141,1,2,Clean,6.0
SLW-3354,Leggings,Black,Polyester,Home,138,2,3,Clean,31.0
SLW-3355,Batik Shirt,Brown,Batik,Casual,83,2,3,Clean,17.0
SLW-3356,National Dress,Cream,Silk,Wedding,2,3,4,Clean,97.5
SLW-3357,Sarong,Green,Batik,Casual,88,2,3,Clean,12.0
SLW-3358,Jacket,Navy,Denim,Casual,73,5,5,Dirty,75.67
SLW-3359,Sarong,Green,Cotton,Home,141,0,2,Clean,6.0
SLW-3360,Batik Shirt,Multicolor,Batik,Office,44,2,3,Clean,56.0
SLW-3361,Saree,Gold,Cotton,Casual,79,2,2,Dirty,47.33
SLW-3362,Trouser,Navy,Cotton,Casual,76,2,2,Dirty,49.33
SLW-3363,Batik Shirt,Blue,Batik,Casual,75,1,3,Clean,25.0
SLW-3364,Saree,Purple,Silk,Religious,9,2,4,Clean,88.75
SLW-3365,Blouse,Green,Cotton,Casual,83,0,2,Clean,44.67
SLW-3366,National Dress,White,Cotton,Religious,14,2,2,Dirty,90.67
SLW-3367,Salwar,Blue,Cotton,Casual,84,2,2,Dirty,44.0
SLW-3368,Trouser,Khaki,Cotton,Casual,89,2,2,Dirty,40.67
SLW-3369,Sarong,White,Cotton,Home,141,1,2,Clean,6.0
SLW-3370,Blouse,Blue,Cotton,Casual,88,1,2,Clean,41.33
SLW-3371,Blouse,Green,Cotton,Casual,87,1,2,Clean,42.0
SLW-3372,Batik Shirt,Multicolor,Batik,Office,42,3,3,Dirty,58.0
SLW-3373,Shirt,White,Linen,Office,58,2,2,Dirty,51.67
SLW-3374,Jacket,Navy,Denim,Casual,100,5,5,Dirty,66.67
SLW-3375,Sarong,Green,Batik,Casual,76,2,3,Clean,24.0
SLW-3376,School Uniform,Blue,Cotton,Office,43,1,2,Clean,71.33
SLW-3377,Sarong,Cream,Cotton,Home,135,1,2,Clean,10.0
SLW-3378,Shirt,White,Cotton,Office,44,0,2,Clean,70.67
SLW-3379,Salwar,Green,Silk,Wedding,3,1,4,Clean,96.25
SLW-3380,Batik Shirt,Brown,Batik,Casual,82,1,3,Clean,18.0
SLW-3381,Saree,Blue,Cotton,Casual,103,1,2,Clean,31.33
SLW-3382,Batik Shirt,Blue,Batik,Casual,96,0,3,Clean,4.0
SLW-3383,Dress,Red,Silk,Wedding,3,3,4,Clean,96.25
SLW-3384,Kurti,Pink,Cotton,Casual,95,2,2,Dirty,36.67
SLW-3385,Blouse,Gold,Silk,Wedding,3,2,4,Clean,96.25
SLW-3386,Batik Shirt,Brown,Batik,Office,46,3,3,Dirty,54.0
SLW-3387,Shirt,Grey,Cotton,Office,45,0,2,Clean,70.0
SLW-3388,Jacket,Black,Polyester,Casual,88,1,3,Clean,56.0
SLW-3389,Vest,Black,Cotton,Home,144,2,2,Dirty,4.0
SLW-3390,Dress,Yellow,Cotton,Casual,88,0,2,Clean,41.33
SLW-3391,Kurti,Blue,Cotton,Casual,76,0,2,Clean,49.33
SLW-3392,Sarong,Green,Batik,Casual,82,0,3,Clean,18.0
SLW-3393,Shirt,White,Cotton,Office,49,2,2,Dirty,67.33
SLW-3394,Kurtha,White,Cotton,Religious,11,0,2,Clean,92.67
SLW-3395,Leggings,Black,Polyester,Home,153,3,3,Dirty,23.5
SLW-3396,T-Shirt,White,Polyester,Casual,78,3,3,Dirty,61.0
SLW-3397,Batik Shirt,Blue,Batik,Office,53,0,3,Clean,47.0
SLW-3398,T-Shirt,Red,Polyester,Casual,98,3,3,Dirty,51.0
SLW-3399,Batik Shirt,Brown,Batik,Office,63,3,3,Dirty,37.0
SLW-3400,Blouse,Red,Cotton,Casual,85,2,2,Dirty,43.33
SLW-3401,Dress,Yellow,Cotton,Casual,91,1,2,Clean,39.33
SLW-3402,Kurtha,Blue,Cotton,Religious,12,1,2,Clean,92.0
SLW-3403,Kurti,Pink,Silk,Religious,12,0,4,Clean,85.0
SLW-3404,Trouser,Black,Linen,Office,49,2,2,Dirty,59.17
SLW-3405,Dress,Green,Cotton,Casual,91,2,2,Dirty,39.33
SLW-3406,Kurti,Blue,Cotton,Casual,70,0,2,Clean,53.33
SLW-3407,Batik Shirt,Blue,Batik,Office,54,0,3,Clean,46.0
SLW-3408,Kurti,Purple,Cotton,Casual,88,0,2,Clean,41.33
SLW-3409,Saree,Blue,Silk,Religious,11,4,4,Dirty,86.25
SLW-3410,Shirt,Pink,Linen,Office,62,1,2,Clean,48.33
SLW-3411,Salwar,Green,Silk,Wedding,2,4,4,Dirty,97.5
SLW-3412,Saree,Gold,Cotton,Casual,85,0,2,Clean,43.33
SLW-3413,Kurtha,White,Cotton,Religious,14,0,2,Clean,90.67
SLW-3414,Saree,Purple,Silk,Religious,10,2,4,Clean,87.5
SLW-3415,Shorts,White,Cotton,Home,133,2,2,Dirty,11.33
SLW-3416,T-Shirt,Black,Polyester,Casual,86,1,3,Clean,57.0
SLW-3417,Dress,Pink,Silk,Wedding,3,2,4,Clean,96.25
SLW-3418,Shirt,Grey,Cotton,Office,51,1,2,Clean,66.0
SLW-3419,Sarong,Brown,Cotton,Home,127,2,2,Dirty,15.33
SLW-3420,Trouser,Navy,Cotton,Casual,84,2,2,Dirty,44.0
SLW-3421,Sarong,Brown,Batik,Casual,83,1,3,Clean,17.0
SLW-3422,Blouse,Red,Silk,Wedding,2,4,4,Dirty,97.5
SLW-3423,Shorts,Blue,Cotton,Home,141,1,2,Clean,6.0
SLW-3424,National Dress,White,Cotton,Religious,12,2,2,Dirty,92.0
SLW-3425,Kurtha,Cream,Cotton,Religious,9,0,2,Clean,94.0
SLW-3426,National Dress,Cream,Cotton,Religious,13,2,2,Dirty,91.33
SLW-3427,Salwar,Green,Cotton,Casual,89,2,2,Dirty,40.67
SLW-3428,Kurti,Purple,Silk,Religious,14,2,4,Clean,82.5
SLW-3429,Kurti,Purple,Cotton,Casual,91,1,2,Clean,39.33
SLW-3430,T-Shirt,Blue,Polyester,Casual,95,3,3,Dirty,52.5
SLW-3431,Saree,Green,Cotton,Casual,91,0,2,Clean,39.33
SLW-3432,Jacket,Brown,Denim,Casual,97,0,5,Clean,67.67
SLW-3433,National Dress,Gold,Silk,Wedding,3,0,4,Clean,96.25
SLW-3434,National Dress,Cream,Silk,Wedding,2,1,4,Clean,97.5
SLW-3435,Kurti,Green,Silk,Religious,15,1,4,Clean,81.25
SLW-3436,Dress,Yellow,Silk,Wedding,3,2,4,Clean,96.25
SLW-3437,National Dress,White,Cotton,Religious,12,1,2,Clean,92.0
SLW-3438,Blouse,Green,Silk,Wedding,1,0,4,Clean,98.75
SLW-3439,Sarong,Blue,Cotton,Home,127,0,2,Clean,15.33
SLW-3440,Sarong,White,Cotton,Home,140,2,2,Dirty,6.67
SLW-3441,Saree,Green,Silk,Religious,12,2,4,Clean,85.0
SLW-3442,National Dress,Gold,Cotton,Religious,11,2,2,Dirty,92.67
SLW-3443,Leggings,Black,Polyester,Home,139,2,3,Clean,30.5
SLW-3444,Sarong,Cream,Cotton,Home,149,0,2,Clean,0.67
SLW-3445,T-Shirt,Black,Polyester,Casual,92,1,3,Clean,54.0
SLW-3446,Jacket,Navy,Denim,Casual,80,2,5,Clean,73.33
SLW-3447,Shirt,Blue,Cotton,Office,49,2,2,Dirty,67.33
SLW-3448,Saree,Red,Cotton,Casual,82,0,2,Clean,45.33
SLW-3449,Saree,Red,Cotton,Casual,85,1,2,Clean,43.33
SLW-3450,Sarong,Cream,Cotton,Home,134,2,2,Dirty,10.67
SLW-3451,Jeans,Blue,Denim,Casual,84,5,5,Dirty,72.0
SLW-3452,Shirt,Grey,Cotton,Office,42,0,2,Clean,72.0
SLW-3453,Dress,Green,Cotton,Casual,87,0,2,Clean,42.0
SLW-3454,Kurtha,Blue,Cotton,Religious,11,1,2,Clean,92.67
SLW-3455,Saree,Purple,Cotton,Casual,67,2,2,Dirty,55.33
SLW-3456,Jacket,Black,Denim,Casual,102,3,5,Clean,66.0
SLW-3457,Batik Shirt,Brown,Batik,Office,56,1,3,Clean,44.0
SLW-3458,Kurtha,White,Cotton,Religious,11,0,2,Clean,92.67
SLW-3459,School Uniform,Blue,Cotton,Office,50,1,2,Clean,66.67
SLW-3460,Shirt,Pink,Cotton,Office,42,2,2,Dirty,72.0
SLW-3461,Trouser,Black,Linen,Office,60,0,2,Clean,50.0
SLW-3462,Vest,Black,Cotton,Home,149,2,2,Dirty,0.67
SLW-3463,National Dress,Cream,Cotton,Religious,12,2,2,Dirty,92.0
SLW-3464,Kurtha,Cream,Cotton,Religious,13,0,2,Clean,91.33
SLW-3465,National Dress,Gold,Silk,Wedding,3,0,4,Clean,96.25
SLW-3466,Kurtha,White,Cotton,Religious,9,1,2,Clean,94.0
SLW-3467,Blouse,Blue,Cotton,Casual,85,2,2,Dirty,43.33
SLW-3468,National Dress,White,Cotton,Religious,12,2,2,Dirty,92.0
SLW-3469,Kurtha,Blue,Cotton,Religious,11,1,2,Clean,92.67
SLW-3470,Kurti,Green,Silk,Religious,11,0,4,Clean,86.25
SLW-3471,Jacket,Grey,Polyester,Casual,87,3,3,Dirty,56.5
SLW-3472,Dress,Yellow,Silk,Wedding,2,4,4,Dirty,97.5
SLW-3473,Saree,Blue,Cotton,Casual,88,1,2,Clean,41.33
SLW-3474,Jacket,Brown,Polyester,Casual,80,3,3,Dirty,60.0
SLW-3475,Dress,Pink,Silk,Wedding,2,2,4,Clean,97.5
SLW-3476,Jeans,Grey,Denim,Casual,79,5,5,Dirty,73.67
SLW-3477,Trouser,Navy,Linen,Office,55,0,2,Clean,54.17
SLW-3478,National Dress,Cream,Silk,Wedding,1,1,4,Clean,98.75
SLW-3479,Blouse,Blue,Cotton,Casual,96,0,2,Clean,36.0
SLW-3480,National Dress,Cream,Cotton,Religious,14,1,2,Clean,90.67
SLW-3481,Jacket,Navy,Denim,Casual,85,3,5,Clean,71.67
SLW-3482,Leggings,Grey,Polyester,Home,117,2,3,Clean,41.5
SLW-3483,School Uniform,White,Cotton,Office,47,0,2,Clean,68.67
SLW-3484,Vest,Grey,Cotton,Home,137,0,2,Clean,8.67
SLW-3485,Dress,Green,Cotton,Casual,80,2,2,Dirty,46.67
SLW-3486,National Dress,White,Silk,Wedding,2,4,4,Dirty,97.5
SLW-3487,Dress,Pink,Cotton,Casual,98,2,2,Dirty,34.67
SLW-3488,Shirt,Pink,Cotton,Office,53,1,2,Clean,64.67
SLW-3489,Dress,Yellow,Cotton,Casual,81,1,2,Clean,46.0
SLW-3490,Shirt,Grey,Linen,Office,40,1,2,Clean,66.67
SLW-3491,T-Shirt,White,Cotton,Casual,85,1,2,Clean,43.33
SLW-3492,Saree,Gold,Cotton,Casual,86,1,2,Clean,42.67
SLW-3493,T-Shirt,White,Cotton,Casual,91,2,2,Dirty,39.33
SLW-3494,Shirt,Grey,Linen,Office,46,0,2,Clean,61.67
SLW-3495,Blouse,Red,Silk,Wedding,3,4,4,Dirty,96.25
SLW-3496,Kurtha,White,Cotton,Religious,14,1,2,Clean,90.67
SLW-3497,Batik Shirt,Blue,Batik,Office,54,0,3,Clean,46.0
SLW-3498,Shirt,Blue,Linen,Office,49,0,2,Clean,59.17
SLW-3499,Shirt,Grey,Cotton,Office,48,0,2,Clean,68.0
SLW-3500,T-Shirt,Blue,Cotton,Casual,85,1,2,Clean,43.33
SLW-3501,National Dress,Gold,Cotton,Religious,13,2,2,Dirty,91.33
SLW-3502,Saree,Blue,Silk,Religious,11,4,4,Dirty,86.25
SLW-3503,Sarong,Blue,Cotton,Home,138,1,2,Clean,8.0
SLW-3504,Blouse,Blue,Silk,Wedding,3,2,4,Clean,96.25
SLW-3505,Jeans,Grey,Denim,Casual,84,4,5,Clean,72.0
SLW-3506,Sarong,Brown,Cotton,Home,127,1,2,Clean,15.33
SLW-3507,Vest,Grey,Cotton,Home,140,0,2,Clean,6.67
SLW-3508,National Dress,Gold,Silk,Wedding,2,1,4,Clean,97.5
SLW-3509,Salwar,Green,Silk,Wedding,3,1,4,Clean,96.25
SLW-3510,National Dress,Gold,Silk,Wedding,2,4,4,Dirty,97.5
SLW-3511,Kurtha,Cream,Cotton,Religious,13,2,2,Dirty,91.33
SLW-3512,Salwar,Blue,Silk,Wedding,2,3,4,Clean,97.5
SLW-3513,Kurtha,Cream,Cotton,Religious,14,0,2,Clean,90.67
SLW-3514,Blouse,Blue,Cotton,Casual,75,0,2,Clean,50.0
SLW-3515,Vest,Grey,Cotton,Home,141,2,2,Dirty,6.0
SLW-3516,National Dress,Cream,Cotton,Religious,12,1,2,Clean,92.0
SLW-3517,Blouse,Red,Cotton,Casual,82,2,2,Dirty,45.33
SLW-3518,Shirt,Blue,Linen,Office,52,0,2,Clean,56.67
SLW-3519,T-Shirt,Red,Polyester,Casual,96,0,3,Clean,52.0
SLW-3520,Kurtha,Cream,Cotton,Religious,8,2,2,Dirty,94.67
SLW-3521,Shirt,Pink,Cotton,Office,53,0,2,Clean,64.67
SLW-3522,Shorts,Khaki,Cotton,Home,118,2,2,Dirty,21.33
SLW-3523,Vest,Black,Cotton,Home,130,2,2,Dirty,13.33
SLW-3524,T-Shirt,Grey,Polyester,Casual,99,2,3,Clean,50.5
SLW-3525,Sarong,White,Cotton,Home,133,2,2,Dirty,11.33
SLW-3526,Leggings,Black,Polyester,Home,128,1,3,Clean,36.0
SLW-3527,Shirt,Pink,Cotton,Office,48,2,2,Dirty,68.0
SLW-3528,Jeans,Black,Denim,Casual,102,1,5,Clean,66.0
SLW-3529,Batik Shirt,Brown,Batik,Casual,75,3,3,Dirty,25.0
SLW-3530,Dress,Green,Silk,Wedding,2,0,4,Clean,97.5
SLW-3531,Kurti,Pink,Cotton,Casual,98,1,2,Clean,34.67
SLW-3532,Batik Shirt,Blue,Batik,Casual,99,1,3,Clean,1.0
SLW-3533,Trouser,Navy,Cotton,Casual,87,2,2,Dirty,42.0
SLW-3534,Sarong,White,Batik,Casual,79,3,3,Dirty,21.0
SLW-3535,Saree,Red,Cotton,Casual,102,0,2,Clean,32.0
SLW-3536,Leggings,Grey,Polyester,Home,150,3,3,Dirty,25.0
SLW-3537,National Dress,Cream,Cotton,Religious,13,0,2,Clean,91.33
SLW-3538,Trouser,Black,Cotton,Casual,82,2,2,Dirty,45.33
SLW-3539,Dress,Green,Cotton,Casual,87,0,2,Clean,42.0
SLW-3540,Jacket,Navy,Polyester,Casual,86,0,3,Clean,57.0
SLW-3541,Shirt,Pink,Cotton,Office,51,1,2,Clean,66.0
SLW-3542,Saree,Gold,Cotton,Casual,98,0,2,Clean,34.67
SLW-3543,School Uniform,Blue,Cotton,Office,55,1,2,Clean,63.33
SLW-3544,Salwar,Green,Silk,Wedding,2,0,4,Clean,97.5
SLW-3545,Jacket,Navy,Denim,Casual,97,1,5,Clean,67.67
SLW-3546,Blouse,Green,Cotton,Casual,90,0,2,Clean,40.0
SLW-3547,Shorts,Khaki,Cotton,Home,143,2,2,Dirty,4.67
SLW-3548,Saree,Purple,Cotton,Casual,98,2,2,Dirty,34.67
SLW-3549,T-Shirt,Grey,Polyester,Casual,80,1,3,Clean,60.0
SLW-3550,Salwar,Green,Cotton,Casual,87,2,2,Dirty,42.0
SLW-3551,T-Shirt,White,Cotton,Casual,84,0,2,Clean,44.0
SLW-3552,Saree,Red,Silk,Religious,9,3,4,Clean,88.75
SLW-3553,Blouse,Gold,Silk,Wedding,3,3,4,Clean,96.25
SLW-3554,Jacket,Brown,Polyester,Casual,105,2,3,Clean,47.5
SLW-3555,Dress,Pink,Cotton,Casual,75,1,2,Clean,50.0
SLW-3556,Sarong,Blue,Batik,Casual,87,0,3,Clean,13.0
SLW-3557,Trouser,Grey,Linen,Office,53,1,2,Clean,55.83
SLW-3558,Salwar,Blue,Cotton,Casual,88,2,2,Dirty,41.33
SLW-3559,Jeans,Blue,Denim,Casual,87,4,5,Clean,71.0
SLW-3560,Shorts,Blue,Cotton,Home,127,0,2,Clean,15.33
SLW-3561,Jacket,Brown,Denim,Casual,89,4,5,Clean,70.33
SLW-3562,Dress,Blue,Cotton,Casual,82,1,2,Clean,45.33
SLW-3563,Salwar,White,Cotton,Casual,72,2,2,Dirty,52.0
SLW-3564,Jeans,Blue,Denim,Casual,96,5,5,Dirty,68.0
SLW-3565,National Dress,Cream,Silk,Wedding,3,1,4,Clean,96.25
SLW-3566,Jacket,Grey,Denim,Casual,88,5,5,Dirty,70.67
SLW-3567,Trouser,Navy,Cotton,Casual,89,0,2,Clean,40.67
SLW-3568,Leggings,Grey,Polyester,Home,146,3,3,Dirty,27.0
SLW-3569,Vest,White,Cotton,Home,139,2,2,Dirty,7.33
SLW-3570,Shirt,White,Linen,Office,55,0,2,Clean,54.17
SLW-3571,Jacket,Brown,Polyester,Casual,85,2,3,Clean,57.5
SLW-3572,Dress,Green,Cotton,Casual,97,0,2,Clean,35.33
SLW-3573,National Dress,White,Cotton,Religious,12,2,2,Dirty,92.0
SLW-3574,Dress,Red,Cotton,Casual,89,0,2,Clean,40.67
SLW-3575,Trouser,Khaki,Linen,Office,42,2,2,Dirty,65.0
SLW-3576,Jeans,Grey,Denim,Casual,90,2,5,Clean,70.0
SLW-3577,Jeans,Black,Denim,Casual,82,1,5,Clean,72.67
SLW-3578,Sarong,Blue,Batik,Casual,83,0,3,Clean,17.0
SLW-3579,Batik Shirt,Red,Batik,Office,45,1,3,Clean,55.0
SLW-3580,Trouser,Khaki,Cotton,Casual,80,2,2,Dirty,46.67
SLW-3581,Dress,Red,Silk,Wedding,4,3,4,Clean,95.0
SLW-3582,Batik Shirt,Multicolor,Batik,Casual,97,1,3,Clean,3.0
SLW-3583,Saree,Blue,Silk,Religious,14,3,4,Clean,82.5
SLW-3584,Blouse,Gold,Silk,Wedding,2,1,4,Clean,97.5
SLW-3585,Blouse,Red,Silk,Wedding,3,0,4,Clean,96.25
SLW-3586,Saree,Red,Cotton,Casual,78,1,2,Clean,48.0
SLW-3587,School Uniform,Blue,Cotton,Office,45,2,2,Dirty,70.0
SLW-3588,Saree,Red,Cotton,Casual,81,0,2,Clean,46.0
SLW-3589,Trouser,Navy,Cotton,Casual,96,1,2,Clean,36.0
SLW-3590,Dress,Blue,Cotton,Casual,85,1,2,Clean,43.33
SLW-3591,National Dress,White,Cotton,Religious,13,2,2,Dirty,91.33
SLW-3592,Jacket,Navy,Denim,Casual,92,5,5,Dirty,69.33
SLW-3593,Dress,Red,Cotton,Casual,104,2,2,Dirty,30.67
SLW-3594,Blouse,Red,Silk,Wedding,1,4,4,Dirty,98.75
SLW-3595,Jeans,Black,Denim,Casual,96,5,5,Dirty,68.0
SLW-3596,Dress,Pink,Cotton,Casual,96,0,2,Clean,36.0
SLW-3597,Sarong,Green,Cotton,Home,130,0,2,Clean,13.33
SLW-3598,Vest,White,Cotton,Home,146,0,2,Clean,2.67
SLW-3599,Shirt,Blue,Linen,Office,52,0,2,Clean,56.67
SLW-3600,Batik Shirt,Multicolor,Batik,Casual,86,0,3,Clean,14.0
SLW-3601,Sarong,Blue,Cotton,Home,131,0,2,Clean,12.67
SLW-3602,Blouse,Red,Silk,Wedding,2,1,4,Clean,97.5
SLW-3603,National Dress,Gold,Silk,Wedding,4,0,4,Clean,95.0
SLW-3604,Saree,Gold,Cotton,Casual,88,2,2,Dirty,41.33
SLW-3605,Sarong,Brown,Batik,Casual,93,3,3,Dirty,7.0
SLW-3606,Batik Shirt,Red,Batik,Office,45,2,3,Clean,55.0
SLW-3607,School Uniform,White,Cotton,Office,45,2,2,Dirty,70.0
SLW-3608,Kurti,Purple,Silk,Religious,13,1,4,Clean,83.75
SLW-3609,Jeans,Blue,Denim,Casual,78,3,5,Clean,74.0
SLW-3610,National Dress,White,Silk,Wedding,2,1,4,Clean,97.5
SLW-3611,Shirt,Blue,Linen,Office,50,1,2,Clean,58.33
SLW-3612,Sarong,Blue,Cotton,Home,138,1,2,Clean,8.0
SLW-3613,Sarong,Cream,Cotton,Home,136,1,2,Clean,9.33
SLW-3614,Dress,Red,Cotton,Casual,90,0,2,Clean,40.0
SLW-3615,Trouser,Grey,Cotton,Casual,92,1,2,Clean,38.67
SLW-3616,Sarong,Cream,Batik,Casual,93,0,3,Clean,7.0
SLW-3617,Shorts,Khaki,Cotton,Home,130,1,2,Clean,13.33
SLW-3618,Batik Shirt,Red,Batik,Office,48,1,3,Clean,52.0
SLW-3619,Batik Shirt,Multicolor,Batik,Office,57,2,3,Clean,43.0
SLW-3620,Trouser,Navy,Cotton,Casual,94,2,2,Dirty,37.33
SLW-3621,Shirt,Grey,Cotton,Office,41,0,2,Clean,72.67
SLW-3622,Blouse,Blue,Cotton,Casual,90,2,2,Dirty,40.0
SLW-3623,Batik Shirt,Blue,Batik,Casual,74,2,3,Clean,26.0
SLW-3624,Kurti,Yellow,Silk,Religious,12,4,4,Dirty,85.0
SLW-3625,Jeans,Grey,Denim,Casual,101,4,5,Clean,66.33
SLW-3626,Salwar,White,Silk,Wedding,2,1,4,Clean,97.5
SLW-3627,National Dress,Gold,Silk,Wedding,2,0,4,Clean,97.5
SLW-3628,Vest,Grey,Cotton,Home,144,0,2,Clean,4.0
SLW-3629,National Dress,White,Silk,Wedding,1,3,4,Clean,98.75
SLW-3630,Kurti,Blue,Silk,Religious,11,0,4,Clean,86.25
SLW-3631,Saree,Green,Silk,Religious,12,2,4,Clean,85.0
SLW-3632,T-Shirt,Black,Polyester,Casual,83,1,3,Clean,58.5
SLW-3633,Jeans,Grey,Denim,Casual,86,1,5,Clean,71.33
SLW-3634,Sarong,Brown,Batik,Casual,93,1,3,Clean,7.0
SLW-3635,Dress,Green,Cotton,Casual,90,2,2,Dirty,40.0
SLW-3636,Saree,Blue,Silk,Religious,12,2,4,Clean,85.0
SLW-3637,Trouser,Khaki,Linen,Office,47,0,2,Clean,60.83
SLW-3638,Trouser,Black,Linen,Office,52,1,2,Clean,56.67
SLW-3639,National Dress,Cream,Silk,Wedding,2,2,4,Clean,97.5
SLW-3640,National Dress,Gold,Silk,Wedding,3,1,4,Clean,96.25
SLW-3641,Sarong,Cream,Batik,Casual,84,1,3,Clean,16.0
SLW-3642,Kurti,Purple,Silk,Religious,11,3,4,Clean,86.25
SLW-3643,Shirt,Pink,Cotton,Office,44,0,2,Clean,70.67
SLW-3644,Trouser,Black,Linen,Office,49,0,2,Clean,59.17
SLW-3645,Blouse,Red,Cotton,Casual,82,1,2,Clean,45.33
SLW-3646,National Dress,Gold,Cotton,Religious,10,0,2,Clean,93.33
SLW-3647,Saree,Gold,Silk,Religious,12,1,4,Clean,85.0
SLW-3648,Batik Shirt,Brown,Batik,Casual,89,1,3,Clean,11.0
SLW-3649,National Dress,White,Silk,Wedding,3,4,4,Dirty,96.25
SLW-3650,Shorts,Khaki,Cotton,Home,134,2,2,Dirty,10.67
SLW-3651,T-Shirt,Black,Polyester,Casual,90,1,3,Clean,55.0
SLW-3652,National Dress,White,Silk,Wedding,3,3,4,Clean,96.25
SLW-3653,Kurti,Pink,Silk,Religious,12,1,4,Clean,85.0
SLW-3654,T-Shirt,Black,Polyester,Casual,82,3,3,Dirty,59.0
SLW-3655,T-Shirt,White,Cotton,Casual,89,1,2,Clean,40.67
SLW-3656,Shirt,Pink,Linen,Office,52,1,2,Clean,56.67
SLW-3657,Saree,Green,Cotton,Casual,88,1,2,Clean,41.33
SLW-3658,Shorts,Khaki,Cotton,Home,121,2,2,Dirty,19.33
SLW-3659,Vest,Grey,Cotton,Home,139,0,2,Clean,7.33
SLW-3660,Sarong,Green,Cotton,Home,149,1,2,Clean,0.67
SLW-3661,Blouse,Green,Cotton,Casual,85,0,2,Clean,43.33
SLW-3662,Kurti,Green,Silk,Religious,10,4,4,Dirty,87.5
SLW-3663,School Uniform,White,Cotton,Office,52,2,2,Dirty,65.33
SLW-3664,T-Shirt,Red,Cotton,Casual,90,1,2,Clean,40.0
SLW-3665,T-Shirt,Blue,Polyester,Casual,96,3,3,Dirty,52.0
SLW-3666,Jeans,Grey,Denim,Casual,79,4,5,Clean,73.67
SLW-3667,Dress,Green,Silk,Wedding,3,0,4,Clean,96.25
SLW-3668,Saree,Gold,Silk,Religious,12,3,4,Clean,85.0
SLW-3669,Saree,Red,Silk,Religious,11,1,4,Clean,86.25
SLW-3670,Sarong,Blue,Cotton,Home,140,2,2,Dirty,6.67
SLW-3671,Dress,Yellow,Silk,Wedding,3,3,4,Clean,96.25
SLW-3672,Jeans,Black,Denim,Casual,94,5,5,Dirty,68.67
SLW-3673,Jeans,Black,Denim,Casual,79,3,5,Clean,73.67
SLW-3674,Trouser,Black,Linen,Office,54,2,2,Dirty,55.0
SLW-3675,Shorts,Black,Cotton,Home,137,0,2,Clean,8.67
SLW-3676,Jeans,Blue,Denim,Casual,88,4,5,Clean,70.67
SLW-3677,National Dress,Cream,Cotton,Religious,12,1,2,Clean,92.0
SLW-3678,Vest,Grey,Cotton,Home,136,2,2,Dirty,9.33
SLW-3679,Jacket,Grey,Polyester,Casual,96,3,3,Dirty,52.0
SLW-3680,Salwar,Green,Cotton,Casual,87,0,2,Clean,42.0
SLW-3681,Leggings,Navy,Polyester,Home,129,3,3,Dirty,35.5
SLW-3682,National Dress,Cream,Silk,Wedding,2,1,4,Clean,97.5
SLW-3683,Sarong,White,Batik,Casual,89,2,3,Clean,11.0
SLW-3684,Salwar,Pink,Cotton,Casual,96,2,2,Dirty,36.0
SLW-3685,T-Shirt,Red,Cotton,Casual,92,2,2,Dirty,38.67
SLW-3686,Trouser,Grey,Cotton,Casual,82,0,2,Clean,45.33
SLW-3687,National Dress,Gold,Silk,Wedding,4,4,4,Dirty,95.0
SLW-3688,Trouser,Black,Cotton,Casual,89,0,2,Clean,40.67
SLW-3689,Batik Shirt,Multicolor,Batik,Office,57,0,3,Clean,43.0
SLW-3690,Jeans,Grey,Denim,Casual,86,5,5,Dirty,71.33
SLW-3691,Jacket,Navy,Denim,Casual,91,0,5,Clean,69.67
SLW-3692,Jacket,Navy,Denim,Casual,93,3,5,Clean,69.0
SLW-3693,Blouse,Green,Silk,Wedding,3,3,4,Clean,96.25
SLW-3694,Salwar,Green,Cotton,Casual,95,1,2,Clean,36.67
SLW-3695,Kurti,Yellow,Cotton,Casual,94,1,2,Clean,37.33
SLW-3696,Vest,White,Cotton,Home,135,2,2,Dirty,10.0
SLW-3697,Batik Shirt,Brown,Batik,Office,46,2,3,Clean,54.0
SLW-3698,T-Shirt,Black,Cotton,Casual,90,2,2,Dirty,40.0
SLW-3699,Leggings,Navy,Polyester,Home,145,3,3,Dirty,27.5
SLW-3700,T-Shirt,Black,Polyester,Casual,86,0,3,Clean,57.0
SLW-3701,Blouse,Red,Silk,Wedding,3,3,4,Clean,96.25
SLW-3702,Batik Shirt,Multicolor,Batik,Office,58,0,3,Clean,42.0
SLW-3703,Jacket,Grey,Polyester,Casual,81,3,3,Dirty,59.5
SLW-3704,Salwar,Pink,Silk,Wedding,2,3,4,Clean,97.5
SLW-3705,Saree,Gold,Cotton,Casual,87,1,2,Clean,42.0
SLW-3706,Salwar,Pink,Cotton,Casual,90,0,2,Clean,40.0
SLW-3707,Dress,Pink,Silk,Wedding,2,1,4,Clean,97.5
SLW-3708,Batik Shirt,Brown,Batik,Office,58,3,3,Dirty,42.0
SLW-3709,Saree,Red,Cotton,Casual,90,0,2,Clean,40.0
SLW-3710,Salwar,Pink,Silk,Wedding,3,1,4,Clean,96.25
SLW-3711,T-Shirt,Red,Cotton,Casual,77,1,2,Clean,48.67
SLW-3712,Trouser,Black,Linen,Office,42,2,2,Dirty,65.0
SLW-3713,Blouse,Gold,Cotton,Casual,89,2,2,Dirty,40.67
SLW-3714,Batik Shirt,Blue,Batik,Casual,73,2,3,Clean,27.0
SLW-3715,Jeans,Black,Denim,Casual,95,0,5,Clean,68.33
SLW-3716,Batik Shirt,Blue,Batik,Casual,86,2,3,Clean,14.0
SLW-3717,Kurti,Yellow,Cotton,Casual,110,0,2,Clean,26.67
SLW-3718,Dress,Red,Silk,Wedding,4,0,4,Clean,95.0
SLW-3719,Sarong,White,Batik,Casual,86,2,3,Clean,14.0
SLW-3720,Trouser,Black,Cotton,Casual,87,2,2,Dirty,42.0
SLW-3721,Batik Shirt,Blue,Batik,Office,55,1,3,Clean,45.0
SLW-3722,Jeans,Grey,Denim,Casual,99,4,5,Clean,67.0
SLW-3723,Vest,Grey,Cotton,Home,124,1,2,Clean,17.33
SLW-3724,Dress,Pink,Silk,Wedding,1,2,4,Clean,98.75
SLW-3725,Shorts,White,Cotton,Home,133,1,2,Clean,11.33
SLW-3726,Trouser,Grey,Cotton,Casual,92,1,2,Clean,38.67
SLW-3727,Blouse,Green,Silk,Wedding,3,1,4,Clean,96.25
SLW-3728,Trouser,Khaki,Cotton,Casual,95,1,2,Clean,36.67
SLW-3729,Kurti,Pink,Silk,Religious,10,0,4,Clean,87.5
SLW-3730,Blouse,Red,Cotton,Casual,71,1,2,Clean,52.67
SLW-3731,Sarong,Green,Cotton,Home,144,1,2,Clean,4.0
SLW-3732,Salwar,White,Silk,Wedding,2,1,4,Clean,97.5
SLW-3733,Kurti,Purple,Silk,Religious,8,0,4,Clean,90.0
SLW-3734,T-Shirt,Black,Cotton,Casual,89,2,2,Dirty,40.67
SLW-3735,Shirt,Pink,Linen,Office,54,1,2,Clean,55.0
SLW-3736,Jacket,Navy,Polyester,Casual,87,3,3,Dirty,56.5
SLW-3737,Sarong,Blue,Cotton,Home,134,2,2,Dirty,10.67
SLW-3738,Sarong,Blue,Cotton,Home,136,2,2,Dirty,9.33
SLW-3739,Blouse,Green,Cotton,Casual,85,0,2,Clean,43.33
SLW-3740,Trouser,Navy,Cotton,Casual,78,1,2,Clean,48.0
SLW-3741,Kurti,Yellow,Silk,Religious,10,3,4,Clean,87.5
SLW-3742,Salwar,White,Silk,Wedding,3,4,4,Dirty,96.25
SLW-3743,Shirt,Pink,Linen,Office,51,1,2,Clean,57.5
SLW-3744,Trouser,Black,Cotton,Casual,89,2,2,Dirty,40.67
SLW-3745,Salwar,Blue,Silk,Wedding,2,3,4,Clean,97.5
SLW-3746,Kurti,Green,Silk,Religious,11,1,4,Clean,86.25
SLW-3747,Blouse,Red,Cotton,Casual,72,2,2,Dirty,52.0
SLW-3748,Saree,Red,Silk,Religious,12,3,4,Clean,85.0
SLW-3749,T-Shirt,Black,Polyester,Casual,98,3,3,Dirty,51.0
SLW-3750,Jacket,Black,Denim,Casual,77,3,5,Clean,74.33
SLW-3751,Dress,Blue,Silk,Wedding,2,4,4,Dirty,97.5
SLW-3752,National Dress,White,Silk,Wedding,3,1,4,Clean,96.25
SLW-3753,Vest,Black,Cotton,Home,148,2,2,Dirty,1.33
SLW-3754,Batik Shirt,Multicolor,Batik,Casual,84,0,3,Clean,16.0
SLW-3755,Salwar,Pink,Cotton,Casual,83,0,2,Clean,44.67
SLW-3756,Leggings,Grey,Polyester,Home,122,2,3,Clean,39.0
SLW-3757,Vest,White,Cotton,Home,138,1,2,Clean,8.0
SLW-3758,Salwar,Green,Silk,Wedding,4,2,4,Clean,95.0
SLW-3759,Jacket,Black,Denim,Casual,89,5,5,Dirty,70.33
SLW-3760,Trouser,Khaki,Cotton,Casual,87,0,2,Clean,42.0
SLW-3761,Batik Shirt,Brown,Batik,Casual,90,2,3,Clean,10.0
SLW-3762,Leggings,Navy,Polyester,Home,137,0,3,Clean,31.5
SLW-3763,Shirt,Pink,Cotton,Office,45,1,2,Clean,70.0
SLW-3764,Trouser,Khaki,Linen,Office,54,2,2,Dirty,55.0
SLW-3765,Kurtha,White,Cotton,Religious,12,0,2,Clean,92.0
SLW-3766,T-Shirt,Blue,Cotton,Casual,88,0,2,Clean,41.33
SLW-3767,Batik Shirt,Blue,Batik,Casual,81,0,3,Clean,19.0
SLW-3768,Shirt,Blue,Cotton,Office,57,2,2,Dirty,62.0
SLW-3769,Salwar,Blue,Silk,Wedding,3,0,4,Clean,96.25
SLW-3770,Saree,Green,Silk,Religious,11,2,4,Clean,86.25
SLW-3771,Kurti,Blue,Cotton,Casual,95,2,2,Dirty,36.67
SLW-3772,T-Shirt,Grey,Polyester,Casual,84,0,3,Clean,58.0
SLW-3773,School Uniform,Blue,Cotton,Office,45,0,2,Clean,70.0
SLW-3774,Shorts,White,Cotton,Home,131,1,2,Clean,12.67
SLW-3775,Kurtha,White,Cotton,Religious,9,2,2,Dirty,94.0
SLW-3776,Jacket,Black,Polyester,Casual,91,1,3,Clean,54.5
SLW-3777,Jeans,Grey,Denim,Casual,75,0,5,Clean,75.0
SLW-3778,Blouse,Green,Cotton,Casual,79,1,2,Clean,47.33
SLW-3779,Saree,Gold,Silk,Religious,8,2,4,Clean,90.0
SLW-3780,Dress,Blue,Silk,Wedding,2,3,4,Clean,97.5
SLW-3781,Kurti,Green,Silk,Religious,11,2,4,Clean,86.25
SLW-3782,Salwar,Blue,Silk,Wedding,2,0,4,Clean,97.5
SLW-3783,T-Shirt,Blue,Polyester,Casual,80,0,3,Clean,60.0
SLW-3784,Blouse,Blue,Cotton,Casual,79,2,2,Dirty,47.33
SLW-3785,Trouser,Khaki,Linen,Office,52,0,2,Clean,56.67
SLW-3786,T-Shirt,White,Polyester,Casual,84,3,3,Dirty,58.0
SLW-3787,Kurtha,White,Cotton,Religious,12,1,2,Clean,92.0
SLW-3788,Blouse,Gold,Silk,Wedding,2,1,4,Clean,97.5
SLW-3789,Salwar,White,Cotton,Casual,89,2,2,Dirty,40.67
SLW-3790,Leggings,Grey,Polyester,Home,148,1,3,Clean,26.0
SLW-3791,Salwar,Blue,Silk,Wedding,3,3,4,Clean,96.25
SLW-3792,Blouse,Red,Silk,Wedding,2,1,4,Clean,97.5
SLW-3793,School Uniform,Blue,Cotton,Office,51,1,2,Clean,66.0
SLW-3794,Shorts,Khaki,Cotton,Home,136,2,2,Dirty,9.33
SLW-3795,Shirt,Pink,Linen,Office,50,1,2,Clean,58.33
SLW-3796,Batik Shirt,Red,Batik,Casual,85,2,3,Clean,15.0
SLW-3797,Salwar,Green,Cotton,Casual,86,0,2,Clean,42.67
SLW-3798,Batik Shirt,Red,Batik,Office,51,1,3,Clean,49.0
SLW-3799,Vest,White,Cotton,Home,130,2,2,Dirty,13.33
SLW-3800,Blouse,Green,Cotton,Casual,80,2,2,Dirty,46.67
SLW-3801,Dress,Blue,Cotton,Casual,78,2,2,Dirty,48.0
SLW-3802,Kurti,Yellow,Cotton,Casual,76,0,2,Clean,49.33
SLW-3803,Salwar,Blue,Cotton,Casual,79,1,2,Clean,47.33
SLW-3804,Jacket,Navy,Denim,Casual,89,1,5,Clean,70.33
SLW-3805,National Dress,White,Cotton,Religious,10,2,2,Dirty,93.33
SLW-3806,Salwar,Blue,Silk,Wedding,3,0,4,Clean,96.25
SLW-3807,Salwar,White,Silk,Wedding,3,4,4,Dirty,96.25
SLW-3808,Trouser,Khaki,Cotton,Casual,74,0,2,Clean,50.67
SLW-3809,Shorts,Blue,Cotton,Home,143,2,2,Dirty,4.67
SLW-3810,Leggings,Black,Polyester,Home,144,0,3,Clean,28.0
SLW-3811,Shirt,Blue,Linen,Office,44,1,2,Clean,63.33
SLW-3812,Sarong,Brown,Batik,Casual,90,0,3,Clean,10.0
SLW-3813,Trouser,Khaki,Linen,Office,44,1,2,Clean,63.33
SLW-3814,Saree,Gold,Silk,Religious,12,3,4,Clean,85.0
SLW-3815,Sarong,Cream,Batik,Casual,79,0,3,Clean,21.0
SLW-3816,Jeans,Black,Denim,Casual,75,3,5,Clean,75.0
SLW-3817,Salwar,Pink,Cotton,Casual,85,2,2,Dirty,43.33
SLW-3818,Trouser,Khaki,Linen,Office,49,2,2,Dirty,59.17
SLW-3819,Vest,Black,Cotton,Home,134,2,2,Dirty,10.67
SLW-3820,Trouser,Khaki,Cotton,Casual,79,0,2,Clean,47.33
SLW-3821,Blouse,Blue,Cotton,Casual,85,2,2,Dirty,43.33
SLW-3822,T-Shirt,Red,Cotton,Casual,89,2,2,Dirty,40.67
SLW-3823,Shirt,White,Linen,Office,49,0,2,Clean,59.17
SLW-3824,Batik Shirt,Blue,Batik,Office,51,0,3,Clean,49.0
SLW-3825,Dress,Blue,Silk,Wedding,2,4,4,Dirty,97.5
SLW-3826,Sarong,Brown,Cotton,Home,147,2,2,Dirty,2.0
SLW-3827,Kurti,Pink,Cotton,Casual,79,1,2,Clean,47.33
SLW-3828,Salwar,White,Cotton,Casual,91,2,2,Dirty,39.33
SLW-3829,Kurtha,White,Cotton,Religious,13,2,2,Dirty,91.33
SLW-3830,Jeans,Grey,Denim,Casual,91,3,5,Clean,69.67
SLW-3831,Salwar,Blue,Cotton,Casual,86,1,2,Clean,42.67
SLW-3832,Kurti,Blue,Cotton,Casual,84,0,2,Clean,44.0
SLW-3833,Shirt,Blue,Cotton,Office,56,0,2,Clean,62.67
SLW-3834,Jeans,Blue,Denim,Casual,78,5,5,Dirty,74.0
SLW-3835,Jeans,Grey,Denim,Casual,81,4,5,Clean,73.0
SLW-3836,Kurtha,Cream,Cotton,Religious,11,2,2,Dirty,92.67
SLW-3837,Batik Shirt,Brown,Batik,Casual,96,0,3,Clean,4.0
SLW-3838,Trouser,Navy,Cotton,Casual,90,0,2,Clean,40.0
SLW-3839,Blouse,Gold,Cotton,Casual,81,2,2,Dirty,46.0
SLW-3840,Sarong,Green,Cotton,Home,135,2,2,Dirty,10.0
SLW-3841,Kurtha,White,Cotton,Religious,11,1,2,Clean,92.67
SLW-3842,Sarong,Brown,Batik,Casual,83,1,3,Clean,17.0
SLW-3843,National Dress,White,Cotton,Religious,13,2,2,Dirty,91.33
SLW-3844,Batik Shirt,Blue,Batik,Casual,78,2,3,Clean,22.0
SLW-3845,Batik Shirt,Red,Batik,Casual,99,0,3,Clean,1.0
SLW-3846,Shirt,Blue,Linen,Office,54,2,2,Dirty,55.0
SLW-3847,Shorts,Black,Cotton,Home,146,2,2,Dirty,2.67
SLW-3848,National Dress,White,Silk,Wedding,2,2,4,Clean,97.5
SLW-3849,Jacket,Brown,Polyester,Casual,86,2,3,Clean,57.0
SLW-3850,Saree,Green,Silk,Religious,9,4,4,Dirty,88.75
SLW-3851,Salwar,Blue,Cotton,Casual,84,1,2,Clean,44.0
SLW-3852,Kurti,Purple,Silk,Religious,12,4,4,Dirty,85.0
SLW-3853,National Dress,White,Cotton,Religious,13,2,2,Dirty,91.33
SLW-3854,Trouser,Navy,Cotton,Casual,80,0,2,Clean,46.67
SLW-3855,Sarong,Cream,Batik,Casual,85,1,3,Clean,15.0
SLW-3856,T-Shirt,Black,Polyester,Casual,86,1,3,Clean,57.0
SLW-3857,Kurti,Green,Silk,Religious,9,4,4,Dirty,88.75
SLW-3858,Kurti,Pink,Cotton,Casual,92,1,2,Clean,38.67
SLW-3859,Saree,Green,Silk,Religious,10,4,4,Dirty,87.5
SLW-3860,Batik Shirt,Red,Batik,Casual,86,2,3,Clean,14.0
SLW-3861,Jeans,Blue,Denim,Casual,84,5,5,Dirty,72.0
SLW-3862,Jeans,Blue,Denim,Casual,82,3,5,Clean,72.67
SLW-3863,T-Shirt,Red,Cotton,Casual,87,2,2,Dirty,42.0
SLW-3864,Salwar,Pink,Cotton,Casual,86,0,2,Clean,42.67
SLW-3865,Batik Shirt,Brown,Batik,Casual,85,2,3,Clean,15.0
SLW-3866,Salwar,Pink,Cotton,Casual,82,1,2,Clean,45.33
SLW-3867,Shorts,White,Cotton,Home,140,0,2,Clean,6.67
SLW-3868,Kurtha,Cream,Cotton,Religious,14,1,2,Clean,90.67
SLW-3869,Sarong,Cream,Cotton,Home,139,2,2,Dirty,7.33
SLW-3870,Batik Shirt,Blue,Batik,Casual,94,2,3,Clean,6.0
SLW-3871,School Uniform,Blue,Cotton,Office,41,0,2,Clean,72.67
SLW-3872,Batik Shirt,Blue,Batik,Casual,89,2,3,Clean,11.0
SLW-3873,Shirt,Grey,Linen,Office,43,1,2,Clean,64.17
SLW-3874,Saree,Blue,Silk,Religious,9,1,4,Clean,88.75
SLW-3875,Sarong,Green,Cotton,Home,132,0,2,Clean,12.0
SLW-3876,National Dress,White,Silk,Wedding,3,3,4,Clean,96.25
SLW-3877,Kurtha,White,Cotton,Religious,13,0,2,Clean,91.33
SLW-3878,Jacket,Brown,Polyester,Casual,89,2,3,Clean,55.5
SLW-3879,Batik Shirt,Red,Batik,Office,40,2,3,Clean,60.0
SLW-3880,School Uniform,White,Cotton,Office,48,1,2,Clean,68.0
SLW-3881,Jacket,Navy,Denim,Casual,90,0,5,Clean,70.0
SLW-3882,Shirt,Blue,Cotton,Office,51,1,2,Clean,66.0
SLW-3883,Shirt,Pink,Linen,Office,38,2,2,Dirty,68.33
SLW-3884,Dress,Blue,Silk,Wedding,2,4,4,Dirty,97.5
SLW-3885,T-Shirt,Grey,Cotton,Casual,87,0,2,Clean,42.0
SLW-3886,Salwar,Pink,Cotton,Casual,91,0,2,Clean,39.33
SLW-3887,Saree,Purple,Silk,Religious,8,3,4,Clean,90.0
SLW-3888,Salwar,White,Silk,Wedding,2,2,4,Clean,97.5
SLW-3889,Leggings,Navy,Polyester,Home,139,2,3,Clean,30.5
SLW-3890,Vest,Black,Cotton,Home,144,0,2,Clean,4.0
SLW-3891,Kurti,Yellow,Silk,Religious,13,3,4,Clean,83.75
SLW-3892,Saree,Blue,Cotton,Casual,92,1,2,Clean,38.67
SLW-3893,Kurtha,Blue,Cotton,Religious,10,1,2,Clean,93.33
SLW-3894,T-Shirt,Red,Polyester,Casual,74,2,3,Clean,63.0
SLW-3895,Jacket,Grey,Polyester,Casual,85,1,3,Clean,57.5
SLW-3896,Trouser,Grey,Linen,Office,56,0,2,Clean,53.33
SLW-3897,Shorts,Black,Cotton,Home,149,1,2,Clean,0.67
SLW-3898,Trouser,Black,Linen,Office,54,0,2,Clean,55.0
SLW-3899,Salwar,White,Silk,Wedding,3,1,4,Clean,96.25
SLW-3900,Saree,Red,Cotton,Casual,90,2,2,Dirty,40.0
SLW-3901,Batik Shirt,Multicolor,Batik,Casual,84,2,3,Clean,16.0
SLW-3902,Kurtha,Cream,Cotton,Religious,11,0,2,Clean,92.67
SLW-3903,Trouser,Navy,Cotton,Casual,99,2,2,Dirty,34.0
SLW-3904,Dress,Pink,Silk,Wedding,2,3,4,Clean,97.5
SLW-3905,Trouser,Black,Cotton,Casual,99,2,2,Dirty,34.0
SLW-3906,Jeans,Grey,Denim,Casual,85,0,5,Clean,71.67
SLW-3907,National Dress,White,Cotton,Religious,13,2,2,Dirty,91.33
SLW-3908,Salwar,Blue,Cotton,Casual,78,1,2,Clean,48.0
SLW-3909,National Dress,Gold,Silk,Wedding,3,4,4,Dirty,96.25
SLW-3910,Kurti,Purple,Silk,Religious,10,0,4,Clean,87.5
SLW-3911,Dress,Pink,Cotton,Casual,78,0,2,Clean,48.0
SLW-3912,Jacket,Navy,Denim,Casual,89,1,5,Clean,70.33
SLW-3913,Batik Shirt,Brown,Batik,Casual,95,2,3,Clean,5.0
SLW-3914,Jacket,Black,Polyester,Casual,82,2,3,Clean,59.0
SLW-3915,Shorts,Khaki,Cotton,Home,126,1,2,Clean,16.0
SLW-3916,Saree,Red,Cotton,Casual,87,1,2,Clean,42.0
SLW-3917,Shirt,Blue,Cotton,Office,49,2,2,Dirty,67.33
SLW-3918,Blouse,Red,Silk,Wedding,3,4,4,Dirty,96.25
SLW-3919,T-Shirt,Red,Polyester,Casual,94,2,3,Clean,53.0
SLW-3920,T-Shirt,Black,Polyester,Casual,87,2,3,Clean,56.5
SLW-3921,Sarong,Brown,Cotton,Home,149,2,2,Dirty,0.67
SLW-3922,Jeans,Black,Denim,Casual,89,1,5,Clean,70.33
SLW-3923,Leggings,Grey,Polyester,Home,135,0,3,Clean,32.5
SLW-3924,Jacket,Brown,Denim,Casual,76,4,5,Clean,74.67
SLW-3925,Sarong,White,Batik,Casual,86,2,3,Clean,14.0
SLW-3926,Kurti,Pink,Silk,Religious,11,3,4,Clean,86.25
SLW-3927,T-Shirt,White,Polyester,Casual,94,2,3,Clean,53.0
SLW-3928,Sarong,Cream,Cotton,Home,141,1,2,Clean,6.0
SLW-3929,Jeans,Blue,Denim,Casual,79,2,5,Clean,73.67
SLW-3930,Batik Shirt,Multicolor,Batik,Office,51,3,3,Dirty,49.0
SLW-3931,National Dress,Gold,Cotton,Religious,13,0,2,Clean,91.33
SLW-3932,Jacket,Brown,Polyester,Casual,98,1,3,Clean,51.0
SLW-3933,Batik Shirt,Blue,Batik,Office,55,3,3,Dirty,45.0
SLW-3934,Saree,Gold,Silk,Religious,13,2,4,Clean,83.75
SLW-3935,Dress,Green,Silk,Wedding,3,3,4,Clean,96.25
SLW-3936,T-Shirt,Red,Polyester,Casual,90,2,3,Clean,55.0
SLW-3937,Jacket,Grey,Denim,Casual,96,1,5,Clean,68.0
SLW-3938,Batik Shirt,Multicolor,Batik,Office,42,3,3,Dirty,58.0
SLW-3939,Saree,Blue,Cotton,Casual,85,0,2,Clean,43.33
SLW-3940,Salwar,White,Silk,Wedding,2,3,4,Clean,97.5
SLW-3941,Shirt,Blue,Linen,Office,52,2,2,Dirty,56.67
SLW-3942,Batik Shirt,Red,Batik,Office,57,1,3,Clean,43.0
SLW-3943,Sarong,Green,Batik,Casual,83,1,3,Clean,17.0
SLW-3944,Shorts,White,Cotton,Home,118,2,2,Dirty,21.33
SLW-3945,Jacket,Navy,Denim,Casual,85,0,5,Clean,71.67
SLW-3946,Trouser,Khaki,Cotton,Casual,94,0,2,Clean,37.33
SLW-3947,Trouser,Black,Cotton,Casual,91,1,2,Clean,39.33
SLW-3948,Shorts,Khaki,Cotton,Home,141,1,2,Clean,6.0
SLW-3949,Kurtha,Blue,Cotton,Religious,11,2,2,Dirty,92.67
SLW-3950,Saree,Green,Silk,Religious,10,2,4,Clean,87.5
SLW-3951,Jacket,Navy,Polyester,Casual,91,3,3,Dirty,54.5
SLW-3952,Batik Shirt,Blue,Batik,Office,44,0,3,Clean,56.0
SLW-3953,Saree,Blue,Silk,Religious,15,1,4,Clean,81.25
SLW-3954,Jacket,Navy,Polyester,Casual,91,0,3,Clean,54.5
SLW-3955,Sarong,Green,Batik,Casual,83,2,3,Clean,17.0
SLW-3956,Kurti,Yellow,Silk,Religious,11,0,4,Clean,86.25
SLW-3957,Dress,Green,Silk,Wedding,2,2,4,Clean,97.5
SLW-3958,Dress,Yellow,Silk,Wedding,2,0,4,Clean,97.5
SLW-3959,National Dress,White,Silk,Wedding,3,4,4,Dirty,96.25
SLW-3960,Salwar,Pink,Silk,Wedding,3,4,4,Dirty,96.25
SLW-3961,National Dress,White,Silk,Wedding,2,2,4,Clean,97.5
SLW-3962,Blouse,Gold,Cotton,Casual,101,1,2,Clean,32.67
SLW-3963,Trouser,Navy,Cotton,Casual,88,1,2,Clean,41.33
SLW-3964,Dress,Pink,Silk,Wedding,3,0,4,Clean,96.25
SLW-3965,Kurti,Green,Silk,Religious,11,1,4,Clean,86.25
SLW-3966,Blouse,Gold,Cotton,Casual,90,2,2,Dirty,40.0
SLW-3967,National Dress,White,Silk,Wedding,3,0,4,Clean,96.25
SLW-3968,Jeans,Black,Denim,Casual,74,0,5,Clean,75.33
SLW-3969,National Dress,Cream,Cotton,Religious,15,0,2,Clean,90.0
SLW-3970,Sarong,Cream,Cotton,Home,148,2,2,Dirty,1.33
SLW-3971,Batik Shirt,Multicolor,Batik,Casual,85,0,3,Clean,15.0
SLW-3972,Shorts,White,Cotton,Home,129,2,2,Dirty,14.0
SLW-3973,Salwar,Pink,Cotton,Casual,90,2,2,Dirty,40.0
SLW-3974,National Dress,Cream,Silk,Wedding,3,2,4,Clean,96.25
SLW-3975,Dress,Pink,Silk,Wedding,3,0,4,Clean,96.25
SLW-3976,Shorts,Black,Cotton,Home,139,2,2,Dirty,7.33
SLW-3977,T-Shirt,Blue,Polyester,Casual,91,0,3,Clean,54.5
SLW-3978,Shirt,Grey,Linen,Office,58,1,2,Clean,51.67
SLW-3979,Salwar,Pink,Cotton,Casual,91,1,2,Clean,39.33
SLW-3980,Shirt,Blue,Cotton,Office,43,0,2,Clean,71.33
SLW-3981,Sarong,White,Batik,Casual,97,0,3,Clean,3.0
SLW-3982,Trouser,Grey,Cotton,Casual,99,2,2,Dirty,34.0
SLW-3983,National Dress,Cream,Cotton,Religious,16,1,2,Clean,89.33
SLW-3984,T-Shirt,White,Cotton,Casual,80,2,2,Dirty,46.67
SLW-3985,Shorts,White,Cotton,Home,139,0,2,Clean,7.33
SLW-3986,Dress,Green,Silk,Wedding,1,2,4,Clean,98.75
SLW-3987,T-Shirt,White,Polyester,Casual,91,0,3,Clean,54.5
SLW-3988,Trouser,Navy,Cotton,Casual,84,0,2,Clean,44.0
SLW-3989,Shirt,Grey,Cotton,Office,61,1,2,Clean,59.33
SLW-3990,Salwar,Blue,Silk,Wedding,2,4,4,Dirty,97.5
SLW-3991,National Dress,White,Silk,Wedding,1,2,4,Clean,98.75
SLW-3992,Kurti,Blue,Cotton,Casual,84,1,2,Clean,44.0
SLW-3993,Jacket,Navy,Denim,Casual,74,0,5,Clean,75.33
SLW-3994,Trouser,Black,Linen,Office,54,2,2,Dirty,55.0
SLW-3995,Sarong,Cream,Batik,Casual,73,1,3,Clean,27.0
SLW-3996,Salwar,White,Cotton,Casual,88,1,2,Clean,41.33
SLW-3997,Batik Shirt,Red,Batik,Casual,73,2,3,Clean,27.0
SLW-3998,Salwar,Pink,Silk,Wedding,2,3,4,Clean,97.5
SLW-3999,School Uniform,White,Cotton,Office,59,2,2,Dirty,60.67
SLW-4000,Sarong,Cream,Batik,Casual,90,1,3,Clean,10.0
SLW-4001,Shorts,White,Cotton,Home,131,2,2,Dirty,12.67
SLW-4002,Jacket,Grey,Denim,Casual,87,4,5,Clean,71.0
SLW-4003,Jacket,Brown,Denim,Casual,88,2,5,Clean,70.67
SLW-4004,Trouser,Black,Linen,Office,52,2,2,Dirty,56.67
SLW-4005,Leggings,Black,Polyester,Home,127,3,3,Dirty,36.5
SLW-4006,Dress,Pink,Silk,Wedding,3,3,4,Clean,96.25
SLW-4007,Leggings,Black,Polyester,Home,116,0,3,Clean,42.0
SLW-4008,Kurti,Green,Silk,Religious,11,2,4,Clean,86.25
SLW-4009,T-Shirt,Grey,Polyester,Casual,84,0,3,Clean,58.0
SLW-4010,Sarong,Green,Batik,Casual,92,1,3,Clean,8.0
SLW-4011,Dress,Pink,Silk,Wedding,3,4,4,Dirty,96.25
SLW-4012,Batik Shirt,Multicolor,Batik,Casual,78,1,3,Clean,22.0
SLW-4013,Vest,Grey,Cotton,Home,130,2,2,Dirty,13.33
SLW-4014,School Uniform,Blue,Cotton,Office,51,1,2,Clean,66.0
SLW-4015,Kurti,Green,Silk,Religious,11,2,4,Clean,86.25
SLW-4016,Saree,Gold,Cotton,Casual,83,0,2,Clean,44.67
SLW-4017,Kurti,Purple,Cotton,Casual,84,0,2,Clean,44.0
SLW-4018,Salwar,Green,Cotton,Casual,92,0,2,Clean,38.67
SLW-4019,Jacket,Grey,Polyester,Casual,84,2,3,Clean,58.0
SLW-4020,Blouse,Green,Cotton,Casual,87,0,2,Clean,42.0
SLW-4021,Salwar,White,Cotton,Casual,103,1,2,Clean,31.33
SLW-4022,Saree,Red,Cotton,Casual,78,0,2,Clean,48.0
SLW-4023,School Uniform,Blue,Cotton,Office,38,0,2,Clean,74.67
SLW-4024,Sarong,Blue,Batik,Casual,93,1,3,Clean,7.0
SLW-4025,Leggings,Grey,Polyester,Home,132,1,3,Clean,34.0
SLW-4026,Blouse,Gold,Cotton,Casual,85,0,2,Clean,43.33
SLW-4027,Blouse,Red,Silk,Wedding,2,1,4,Clean,97.5
SLW-4028,Sarong,Blue,Cotton,Home,135,2,2,Dirty,10.0
SLW-4029,Trouser,Grey,Linen,Office,59,2,2,Dirty,50.83
SLW-4030,Shirt,Grey,Cotton,Office,54,0,2,Clean,64.0
SLW-4031,Salwar,Green,Silk,Wedding,3,1,4,Clean,96.25
SLW-4032,Jacket,Grey,Denim,Casual,78,4,5,Clean,74.0
SLW-4033,Shirt,White,Cotton,Office,43,0,2,Clean,71.33
SLW-4034,Blouse,Gold,Silk,Wedding,1,2,4,Clean,98.75
SLW-4035,Salwar,Pink,Silk,Wedding,2,2,4,Clean,97.5
SLW-4036,T-Shirt,Grey,Cotton,Casual,94,0,2,Clean,37.33
SLW-4037,Trouser,Black,Cotton,Casual,91,2,2,Dirty,39.33
SLW-4038,Salwar,Blue,Silk,Wedding,2,3,4,Clean,97.5
SLW-4039,Blouse,Gold,Cotton,Casual,87,2,2,Dirty,42.0
SLW-4040,Blouse,Gold,Silk,Wedding,2,3,4,Clean,97.5
SLW-4041,Shirt,Blue,Cotton,Office,51,1,2,Clean,66.0
SLW-4042,Kurti,Yellow,Cotton,Casual,93,2,2,Dirty,38.0
SLW-4043,Saree,Gold,Silk,Religious,9,3,4,Clean,88.75
SLW-4044,Salwar,Blue,Silk,Wedding,3,3,4,Clean,96.25
SLW-4045,Saree,Red,Silk,Religious,13,3,4,Clean,83.75
SLW-4046,Dress,Yellow,Silk,Wedding,2,1,4,Clean,97.5
SLW-4047,Saree,Gold,Cotton,Casual,92,0,2,Clean,38.67
SLW-4048,Kurti,Green,Cotton,Casual,107,1,2,Clean,28.67
SLW-4049,Trouser,Black,Linen,Office,49,1,2,Clean,59.17
SLW-4050,T-Shirt,Black,Polyester,Casual,90,1,3,Clean,55.0
SLW-4051,Blouse,Gold,Silk,Wedding,2,3,4,Clean,97.5
SLW-4052,Batik Shirt,Blue,Batik,Casual,89,1,3,Clean,11.0
SLW-4053,Shorts,Khaki,Cotton,Home,141,0,2,Clean,6.0
SLW-4054,Leggings,Black,Polyester,Home,139,3,3,Dirty,30.5
SLW-4055,Salwar,Pink,Silk,Wedding,2,4,4,Dirty,97.5
SLW-4056,Salwar,White,Silk,Wedding,3,0,4,Clean,96.25
SLW-4057,Jeans,Blue,Denim,Casual,98,3,5,Clean,67.33
SLW-4058,Batik Shirt,Blue,Batik,Office,52,0,3,Clean,48.0
SLW-4059,Saree,Red,Silk,Religious,13,1,4,Clean,83.75
SLW-4060,T-Shirt,Grey,Cotton,Casual,86,0,2,Clean,42.67
SLW-4061,Sarong,White,Cotton,Home,143,0,2,Clean,4.67
SLW-4062,School Uniform,Blue,Cotton,Office,51,2,2,Dirty,66.0
SLW-4063,Blouse,Red,Cotton,Casual,81,2,2,Dirty,46.0
SLW-4064,National Dress,Cream,Cotton,Religious,12,0,2,Clean,92.0
SLW-4065,Vest,Grey,Cotton,Home,130,2,2,Dirty,13.33
SLW-4066,Blouse,Green,Silk,Wedding,2,1,4,Clean,97.5
SLW-4067,Shirt,Blue,Cotton,Office,51,1,2,Clean,66.0
SLW-4068,National Dress,Gold,Silk,Wedding,3,0,4,Clean,96.25
SLW-4069,Salwar,White,Cotton,Casual,79,1,2,Clean,47.33
SLW-4070,Sarong,White,Cotton,Home,146,0,2,Clean,2.67
SLW-4071,School Uniform,White,Cotton,Office,53,1,2,Clean,64.67
SLW-4072,Jacket,Navy,Polyester,Casual,83,3,3,Dirty,58.5
SLW-4073,Sarong,White,Cotton,Home,125,0,2,Clean,16.67
SLW-4074,National Dress,Cream,Silk,Wedding,2,3,4,Clean,97.5
SLW-4075,Saree,Blue,Silk,Religious,11,2,4,Clean,86.25
SLW-4076,National Dress,Gold,Silk,Wedding,3,3,4,Clean,96.25
SLW-4077,Jacket,Black,Denim,Casual,85,5,5,Dirty,71.67
SLW-4078,Dress,Red,Silk,Wedding,1,1,4,Clean,98.75
SLW-4079,National Dress,Cream,Silk,Wedding,2,0,4,Clean,97.5
SLW-4080,Shirt,Grey,Linen,Office,48,0,2,Clean,60.0
SLW-4081,Batik Shirt,Blue,Batik,Office,53,2,3,Clean,47.0
SLW-4082,Jacket,Navy,Denim,Casual,83,0,5,Clean,72.33
SLW-4083,Saree,Purple,Cotton,Casual,99,1,2,Clean,34.0
SLW-4084,Shirt,Blue,Cotton,Office,38,2,2,Dirty,74.67
SLW-4085,Trouser,Navy,Cotton,Casual,97,1,2,Clean,35.33
SLW-4086,Jacket,Grey,Denim,Casual,86,5,5,Dirty,71.33
SLW-4087,Kurti,Pink,Silk,Religious,13,2,4,Clean,83.75
SLW-4088,Jacket,Grey,Denim,Casual,88,0,5,Clean,70.67
SLW-4089,Leggings,Navy,Polyester,Home,147,3,3,Dirty,26.5
SLW-4090,Shirt,White,Linen,Office,47,1,2,Clean,60.83
SLW-4091,Kurtha,White,Cotton,Religious,10,0,2,Clean,93.33
SLW-4092,Vest,White,Cotton,Home,149,2,2,Dirty,0.67
SLW-4093,Shirt,Pink,Cotton,Office,49,0,2,Clean,67.33
SLW-4094,Dress,Yellow,Cotton,Casual,89,2,2,Dirty,40.67
SLW-4095,Blouse,Red,Silk,Wedding,3,0,4,Clean,96.25
SLW-4096,Kurti,Pink,Cotton,Casual,80,1,2,Clean,46.67
SLW-4097,Saree,Blue,Silk,Religious,12,0,4,Clean,85.0
SLW-4098,Saree,Green,Silk,Religious,11,1,4,Clean,86.25
SLW-4099,Shirt,Pink,Linen,Office,49,1,2,Clean,59.17
SLW-4100,Shorts,Khaki,Cotton,Home,138,1,2,Clean,8.0
SLW-4101,Kurti,Green,Silk,Religious,9,2,4,Clean,88.75
SLW-4102,Kurtha,White,Cotton,Religious,10,2,2,Dirty,93.33
SLW-4103,Jeans,Grey,Denim,Casual,97,3,5,Clean,67.67
SLW-4104,Dress,Pink,Silk,Wedding,3,4,4,Dirty,96.25
SLW-4105,Dress,Pink,Silk,Wedding,2,4,4,Dirty,97.5
SLW-4106,Blouse,Blue,Silk,Wedding,3,1,4,Clean,96.25
SLW-4107,Batik Shirt,Brown,Batik,Casual,85,3,3,Dirty,15.0
SLW-4108,Salwar,Pink,Cotton,Casual,97,0,2,Clean,35.33
SLW-4109,Shirt,Blue,Linen,Office,48,0,2,Clean,60.0
SLW-4110,Blouse,Green,Cotton,Casual,89,0,2,Clean,40.67
SLW-4111,School Uniform,White,Cotton,Office,56,1,2,Clean,62.67
SLW-4112,Leggings,Black,Polyester,Home,131,0,3,Clean,34.5
SLW-4113,Leggings,Grey,Polyester,Home,150,2,3,Clean,25.0
SLW-4114,Blouse,Green,Cotton,Casual,77,0,2,Clean,48.67
SLW-4115,Dress,Pink,Cotton,Casual,99,0,2,Clean,34.0
SLW-4116,Leggings,Black,Polyester,Home,135,3,3,Dirty,32.5
SLW-4117,National Dress,White,Cotton,Religious,11,0,2,Clean,92.67
SLW-4118,Salwar,White,Silk,Wedding,1,1,4,Clean,98.75
SLW-4119,Salwar,Pink,Cotton,Casual,84,2,2,Dirty,44.0
SLW-4120,Jeans,Blue,Denim,Casual,80,5,5,Dirty,73.33
SLW-4121,Salwar,Blue,Cotton,Casual,83,1,2,Clean,44.67
SLW-4122,Sarong,Brown,Batik,Casual,87,0,3,Clean,13.0
SLW-4123,Batik Shirt,Brown,Batik,Casual,94,3,3,Dirty,6.0
SLW-4124,Sarong,Blue,Cotton,Home,139,0,2,Clean,7.33
SLW-4125,Saree,Gold,Silk,Religious,12,0,4,Clean,85.0
SLW-4126,Batik Shirt,Multicolor,Batik,Casual,80,0,3,Clean,20.0
SLW-4127,Saree,Green,Silk,Religious,10,1,4,Clean,87.5
SLW-4128,Salwar,Blue,Silk,Wedding,4,1,4,Clean,95.0
SLW-4129,Dress,Green,Silk,Wedding,2,3,4,Clean,97.5
SLW-4130,Dress,Red,Cotton,Casual,99,2,2,Dirty,34.0
SLW-4131,T-Shirt,Black,Polyester,Casual,86,0,3,Clean,57.0
SLW-4132,Sarong,Brown,Batik,Casual,88,0,3,Clean,12.0
SLW-4133,Vest,Black,Cotton,Home,146,0,2,Clean,2.67
SLW-4134,Saree,Green,Cotton,Casual,96,0,2,Clean,36.0
SLW-4135,Blouse,Blue,Silk,Wedding,2,3,4,Clean,97.5
SLW-4136,School Uniform,Blue,Cotton,Office,47,2,2,Dirty,68.67
SLW-4137,Leggings,Navy,Polyester,Home,137,2,3,Clean,31.5
SLW-4138,National Dress,White,Silk,Wedding,3,3,4,Clean,96.25
SLW-4139,T-Shirt,Grey,Cotton,Casual,94,0,2,Clean,37.33
SLW-4140,Jeans,Grey,Denim,Casual,88,1,5,Clean,70.67
SLW-4141,National Dress,Gold,Cotton,Religious,12,1,2,Clean,92.0
SLW-4142,Sarong,Green,Batik,Casual,99,1,3,Clean,1.0
SLW-4143,Saree,Purple,Cotton,Casual,90,2,2,Dirty,40.0
SLW-4144,Kurti,Yellow,Silk,Religious,12,0,4,Clean,85.0
SLW-4145,Dress,Yellow,Silk,Wedding,1,2,4,Clean,98.75
SLW-4146,Blouse,Gold,Silk,Wedding,1,3,4,Clean,98.75
SLW-4147,Sarong,Green,Batik,Casual,90,2,3,Clean,10.0
SLW-4148,National Dress,White,Cotton,Religious,11,1,2,Clean,92.67
SLW-4149,Batik Shirt,Red,Batik,Office,46,0,3,Clean,54.0
SLW-4150,Kurti,Blue,Silk,Religious,12,2,4,Clean,85.0
SLW-4151,National Dress,White,Silk,Wedding,2,2,4,Clean,97.5
SLW-4152,School Uniform,White,Cotton,Office,56,0,2,Clean,62.67
SLW-4153,National Dress,White,Cotton,Religious,12,2,2,Dirty,92.0
SLW-4154,Vest,White,Cotton,Home,132,1,2,Clean,12.0
SLW-4155,School Uniform,White,Cotton,Office,55,0,2,Clean,63.33
SLW-4156,National Dress,White,Silk,Wedding,2,2,4,Clean,97.5
SLW-4157,Kurti,Blue,Cotton,Casual,91,2,2,Dirty,39.33
SLW-4158,Kurti,Blue,Cotton,Casual,84,1,2,Clean,44.0
SLW-4159,Sarong,White,Batik,Casual,83,2,3,Clean,17.0
SLW-4160,T-Shirt,Blue,Polyester,Casual,88,0,3,Clean,56.0
SLW-4161,Vest,Grey,Cotton,Home,138,1,2,Clean,8.0
SLW-4162,Jacket,Grey,Polyester,Casual,91,1,3,Clean,54.5
SLW-4163,Vest,Black,Cotton,Home,135,1,2,Clean,10.0
SLW-4164,Shirt,White,Linen,Office,38,0,2,Clean,68.33
SLW-4165,Shirt,White,Cotton,Office,47,1,2,Clean,68.67
SLW-4166,Jacket,Black,Polyester,Casual,93,1,3,Clean,53.5
SLW-4167,Kurti,Yellow,Cotton,Casual,85,1,2,Clean,43.33
SLW-4168,Kurti,Pink,Cotton,Casual,86,0,2,Clean,42.67
SLW-4169,Saree,Green,Cotton,Casual,94,0,2,Clean,37.33
SLW-4170,Batik Shirt,Brown,Batik,Casual,83,0,3,Clean,17.0
SLW-4171,Jacket,Navy,Denim,Casual,77,1,5,Clean,74.33
SLW-4172,Vest,White,Cotton,Home,136,2,2,Dirty,9.33
SLW-4173,Jacket,Brown,Polyester,Casual,84,2,3,Clean,58.0
SLW-4174,Kurtha,Cream,Cotton,Religious,10,0,2,Clean,93.33
SLW-4175,T-Shirt,Grey,Polyester,Casual,86,2,3,Clean,57.0
SLW-4176,Blouse,Red,Cotton,Casual,91,1,2,Clean,39.33
SLW-4177,Jacket,Brown,Denim,Casual,87,5,5,Dirty,71.0
SLW-4178,National Dress,Gold,Silk,Wedding,3,1,4,Clean,96.25
SLW-4179,Kurti,Green,Silk,Religious,14,0,4,Clean,82.5
SLW-4180,Kurti,Yellow,Cotton,Casual,85,2,2,Dirty,43.33
SLW-4181,Batik Shirt,Brown,Batik,Office,51,0,3,Clean,49.0
SLW-4182,Vest,Black,Cotton,Home,133,1,2,Clean,11.33
SLW-4183,Blouse,Blue,Cotton,Casual,82,0,2,Clean,45.33
SLW-4184,Batik Shirt,Red,Batik,Office,46,3,3,Dirty,54.0
SLW-4185,Saree,Gold,Cotton,Casual,84,1,2,Clean,44.0
SLW-4186,Batik Shirt,Red,Batik,Casual,90,2,3,Clean,10.0
SLW-4187,Shirt,White,Linen,Office,64,0,2,Clean,46.67
SLW-4188,Saree,Green,Cotton,Casual,82,2,2,Dirty,45.33
SLW-4189,T-Shirt,Blue,Cotton,Casual,85,1,2,Clean,43.33
SLW-4190,Vest,Black,Cotton,Home,137,1,2,Clean,8.67
SLW-4191,Leggings,Black,Polyester,Home,141,1,3,Clean,29.5
SLW-4192,Kurti,Blue,Cotton,Casual,89,1,2,Clean,40.67
SLW-4193,Shirt,Pink,Linen,Office,57,1,2,Clean,52.5
SLW-4194,Shorts,Blue,Cotton,Home,118,2,2,Dirty,21.33
SLW-4195,Dress,Pink,Cotton,Casual,71,1,2,Clean,52.67
SLW-4196,Blouse,Green,Cotton,Casual,84,2,2,Dirty,44.0
SLW-4197,Shirt,Pink,Linen,Office,56,0,2,Clean,53.33
SLW-4198,Jacket,Grey,Polyester,Casual,77,3,3,Dirty,61.5
SLW-4199,Jacket,Black,Denim,Casual,66,5,5,Dirty,78.0
SLW-4200,Kurti,Green,Silk,Religious,12,0,4,Clean,85.0
SLW-4201,Salwar,White,Cotton,Casual,89,2,2,Dirty,40.67
SLW-4202,Saree,Blue,Silk,Religious,10,0,4,Clean,87.5
SLW-4203,Jeans,Grey,Denim,Casual,81,1,5,Clean,73.0
SLW-4204,Jeans,Blue,Denim,Casual,81,0,5,Clean,73.0
SLW-4205,Jeans,Grey,Denim,Casual,88,3,5,Clean,70.67
SLW-4206,Batik Shirt,Multicolor,Batik,Casual,83,2,3,Clean,17.0
SLW-4207,Dress,Pink,Cotton,Casual,91,2,2,Dirty,39.33
SLW-4208,Jacket,Black,Denim,Casual,68,3,5,Clean,77.33
SLW-4209,Batik Shirt,Blue,Batik,Casual,82,1,3,Clean,18.0
SLW-4210,Leggings,Grey,Polyester,Home,128,3,3,Dirty,36.0
SLW-4211,National Dress,Cream,Cotton,Religious,11,1,2,Clean,92.67
SLW-4212,Batik Shirt,Red,Batik,Casual,84,2,3,Clean,16.0
SLW-4213,Kurti,Green,Silk,Religious,13,3,4,Clean,83.75
SLW-4214,Salwar,Green,Cotton,Casual,74,2,2,Dirty,50.67
SLW-4215,Batik Shirt,Multicolor,Batik,Office,50,2,3,Clean,50.0
SLW-4216,Sarong,Green,Batik,Casual,91,1,3,Clean,9.0
SLW-4217,Saree,Blue,Silk,Religious,14,1,4,Clean,82.5
SLW-4218,Kurti,Purple,Cotton,Casual,84,0,2,Clean,44.0
SLW-4219,Vest,White,Cotton,Home,140,1,2,Clean,6.67
SLW-4220,Leggings,Grey,Polyester,Home,123,2,3,Clean,38.5
SLW-4221,Dress,Red,Silk,Wedding,1,1,4,Clean,98.75
SLW-4222,National Dress,Gold,Cotton,Religious,13,0,2,Clean,91.33
SLW-4223,Shorts,White,Cotton,Home,137,1,2,Clean,8.67
SLW-4224,Trouser,Black,Linen,Office,57,0,2,Clean,52.5
SLW-4225,Saree,Blue,Silk,Religious,9,0,4,Clean,88.75
SLW-4226,Jeans,Black,Denim,Casual,91,0,5,Clean,69.67
SLW-4227,Blouse,Blue,Cotton,Casual,101,2,2,Dirty,32.67
SLW-4228,Blouse,Gold,Cotton,Casual,90,1,2,Clean,40.0
SLW-4229,Trouser,Navy,Cotton,Casual,89,1,2,Clean,40.67
SLW-4230,Blouse,Red,Silk,Wedding,3,0,4,Clean,96.25
SLW-4231,Jacket,Grey,Denim,Casual,77,3,5,Clean,74.33
SLW-4232,Vest,White,Cotton,Home,148,1,2,Clean,1.33
SLW-4233,National Dress,Cream,Cotton,Religious,11,1,2,Clean,92.67
SLW-4234,Dress,Pink,Silk,Wedding,3,3,4,Clean,96.25
SLW-4235,Salwar,Green,Cotton,Casual,77,0,2,Clean,48.67
SLW-4236,Shirt,Pink,Linen,Office,42,2,2,Dirty,65.0
SLW-4237,Blouse,Gold,Silk,Wedding,4,0,4,Clean,95.0
SLW-4238,Batik Shirt,Red,Batik,Casual,85,1,3,Clean,15.0
SLW-4239,Trouser,Grey,Cotton,Casual,98,2,2,Dirty,34.67
SLW-4240,Sarong,Green,Cotton,Home,137,0,2,Clean,8.67
SLW-4241,Leggings,Grey,Polyester,Home,123,1,3,Clean,38.5
SLW-4242,Blouse,Red,Cotton,Casual,94,1,2,Clean,37.33
SLW-4243,Kurtha,Cream,Cotton,Religious,11,2,2,Dirty,92.67
SLW-4244,T-Shirt,White,Cotton,Casual,92,2,2,Dirty,38.67
SLW-4245,Dress,Yellow,Cotton,Casual,88,0,2,Clean,41.33
SLW-4246,Trouser,Black,Linen,Office,40,2,2,Dirty,66.67
SLW-4247,Sarong,Cream,Batik,Casual,89,1,3,Clean,11.0
SLW-4248,Shorts,Blue,Cotton,Home,149,2,2,Dirty,0.67
SLW-4249,Kurti,Green,Silk,Religious,12,3,4,Clean,85.0
SLW-4250,Shirt,Blue,Linen,Office,49,0,2,Clean,59.17
SLW-4251,Trouser,Black,Cotton,Casual,95,2,2,Dirty,36.67
SLW-4252,Shirt,White,Linen,Office,51,1,2,Clean,57.5
SLW-4253,T-Shirt,Grey,Polyester,Casual,89,2,3,Clean,55.5
SLW-4254,Blouse,Blue,Silk,Wedding,2,0,4,Clean,97.5
SLW-4255,Trouser,Khaki,Linen,Office,51,1,2,Clean,57.5
SLW-4256,Shorts,White,Cotton,Home,146,1,2,Clean,2.67
SLW-4257,Blouse,Blue,Silk,Wedding,2,4,4,Dirty,97.5
SLW-4258,Jacket,Black,Polyester,Casual,97,2,3,Clean,51.5
SLW-4259,Leggings,Grey,Polyester,Home,137,1,3,Clean,31.5
SLW-4260,Shorts,Blue,Cotton,Home,130,1,2,Clean,13.33
SLW-4261,School Uniform,White,Cotton,Office,55,2,2,Dirty,63.33
SLW-4262,School Uniform,Blue,Cotton,Office,48,1,2,Clean,68.0
SLW-4263,T-Shirt,Blue,Polyester,Casual,93,3,3,Dirty,53.5
SLW-4264,Salwar,White,Cotton,Casual,85,2,2,Dirty,43.33
SLW-4265,Batik Shirt,Blue,Batik,Casual,87,0,3,Clean,13.0
SLW-4266,Trouser,Khaki,Linen,Office,52,0,2,Clean,56.67
SLW-4267,Batik Shirt,Blue,Batik,Office,51,3,3,Dirty,49.0
SLW-4268,Trouser,Black,Linen,Office,38,1,2,Clean,68.33
SLW-4269,Trouser,Khaki,Cotton,Casual,80,1,2,Clean,46.67
SLW-4270,National Dress,Cream,Cotton,Religious,13,0,2,Clean,91.33
SLW-4271,School Uniform,White,Cotton,Office,49,1,2,Clean,67.33
SLW-4272,National Dress,White,Cotton,Religious,11,1,2,Clean,92.67
SLW-4273,Shirt,Pink,Linen,Office,41,1,2,Clean,65.83
SLW-4274,Leggings,Black,Polyester,Home,129,3,3,Dirty,35.5
SLW-4275,Shirt,Grey,Linen,Office,37,0,2,Clean,69.17
SLW-4276,T-Shirt,Blue,Cotton,Casual,87,2,2,Dirty,42.0
SLW-4277,T-Shirt,Black,Polyester,Casual,83,3,3,Dirty,58.5
SLW-4278,Sarong,White,Cotton,Home,130,1,2,Clean,13.33
SLW-4279,Sarong,Cream,Cotton,Home,137,0,2,Clean,8.67
SLW-4280,Kurtha,Blue,Cotton,Religious,12,1,2,Clean,92.0
SLW-4281,Blouse,Green,Silk,Wedding,4,4,4,Dirty,95.0
SLW-4282,Shirt,Pink,Cotton,Office,40,0,2,Clean,73.33
SLW-4283,National Dress,Cream,Silk,Wedding,3,4,4,Dirty,96.25
SLW-4284,National Dress,Gold,Cotton,Religious,13,2,2,Dirty,91.33
SLW-4285,Jeans,Grey,Denim,Casual,82,0,5,Clean,72.67
SLW-4286,Shorts,Khaki,Cotton,Home,139,0,2,Clean,7.33
SLW-4287,Salwar,Green,Silk,Wedding,2,1,4,Clean,97.5
SLW-4288,Jacket,Navy,Denim,Casual,89,2,5,Clean,70.33
SLW-4289,Shorts,Black,Cotton,Home,149,0,2,Clean,0.67
SLW-4290,Salwar,White,Cotton,Casual,92,0,2,Clean,38.67
SLW-4291,Trouser,Khaki,Linen,Office,53,2,2,Dirty,55.83
SLW-4292,Blouse,Gold,Silk,Wedding,2,2,4,Clean,97.5
SLW-4293,Shirt,White,Cotton,Office,41,0,2,Clean,72.67
SLW-4294,Batik Shirt,Multicolor,Batik,Casual,86,0,3,Clean,14.0
SLW-4295,Sarong,Brown,Cotton,Home,147,2,2,Dirty,2.0
SLW-4296,Saree,Purple,Silk,Religious,9,0,4,Clean,88.75
SLW-4297,Salwar,White,Cotton,Casual,80,2,2,Dirty,46.67
SLW-4298,Kurti,Blue,Cotton,Casual,88,1,2,Clean,41.33
SLW-4299,Salwar,Green,Silk,Wedding,2,1,4,Clean,97.5
SLW-4300,Trouser,Grey,Linen,Office,45,2,2,Dirty,62.5
SLW-4301,Saree,Gold,Cotton,Casual,85,0,2,Clean,43.33
SLW-4302,T-Shirt,Grey,Polyester,Casual,78,1,3,Clean,61.0
SLW-4303,Blouse,Blue,Silk,Wedding,2,1,4,Clean,97.5
SLW-4304,Vest,Black,Cotton,Home,143,1,2,Clean,4.67
SLW-4305,Sarong,White,Batik,Casual,78,2,3,Clean,22.0
SLW-4306,Leggings,Navy,Polyester,Home,125,1,3,Clean,37.5
SLW-4307,Sarong,Brown,Cotton,Home,132,2,2,Dirty,12.0
SLW-4308,Blouse,Red,Cotton,Casual,93,0,2,Clean,38.0
SLW-4309,Dress,Red,Cotton,Casual,86,2,2,Dirty,42.67
SLW-4310,Batik Shirt,Red,Batik,Office,47,1,3,Clean,53.0
SLW-4311,T-Shirt,White,Cotton,Casual,88,0,2,Clean,41.33
SLW-4312,Batik Shirt,Red,Batik,Casual,75,3,3,Dirty,25.0
SLW-4313,Leggings,Grey,Polyester,Home,141,1,3,Clean,29.5
SLW-4314,Batik Shirt,Blue,Batik,Office,52,3,3,Dirty,48.0
SLW-4315,Shorts,Khaki,Cotton,Home,134,0,2,Clean,10.67
SLW-4316,Trouser,Navy,Linen,Office,56,0,2,Clean,53.33
SLW-4317,Trouser,Khaki,Cotton,Casual,80,1,2,Clean,46.67
SLW-4318,Jacket,Brown,Denim,Casual,95,2,5,Clean,68.33
SLW-4319,Kurtha,White,Cotton,Religious,12,0,2,Clean,92.0
SLW-4320,T-Shirt,Black,Polyester,Casual,85,0,3,Clean,57.5
SLW-4321,Trouser,Black,Cotton,Casual,87,2,2,Dirty,42.0
SLW-4322,Batik Shirt,Red,Batik,Office,49,2,3,Clean,51.0
SLW-4323,Dress,Pink,Silk,Wedding,3,4,4,Dirty,96.25
SLW-4324,School Uniform,White,Cotton,Office,43,0,2,Clean,71.33
SLW-4325,Jacket,Black,Polyester,Casual,82,2,3,Clean,59.0
SLW-4326,National Dress,White,Cotton,Religious,13,2,2,Dirty,91.33
SLW-4327,School Uniform,White,Cotton,Office,46,0,2,Clean,69.33
SLW-4328,National Dress,White,Cotton,Religious,13,1,2,Clean,91.33
SLW-4329,Jacket,Black,Denim,Casual,99,1,5,Clean,67.0
SLW-4330,Shirt,Blue,Cotton,Office,47,0,2,Clean,68.67
SLW-4331,Batik Shirt,Red,Batik,Casual,92,1,3,Clean,8.0
SLW-4332,T-Shirt,Black,Cotton,Casual,79,1,2,Clean,47.33
SLW-4333,Batik Shirt,Red,Batik,Casual,93,2,3,Clean,7.0
SLW-4334,Dress,Yellow,Cotton,Casual,89,2,2,Dirty,40.67
SLW-4335,Shorts,Khaki,Cotton,Home,141,2,2,Dirty,6.0
SLW-4336,Leggings,Grey,Polyester,Home,132,1,3,Clean,34.0
SLW-4337,Saree,Blue,Cotton,Casual,76,0,2,Clean,49.33
SLW-4338,Jeans,Grey,Denim,Casual,91,0,5,Clean,69.67
SLW-4339,Kurtha,Cream,Cotton,Religious,8,2,2,Dirty,94.67
SLW-4340,Saree,Green,Cotton,Casual,85,0,2,Clean,43.33
SLW-4341,Shorts,Khaki,Cotton,Home,145,1,2,Clean,3.33
SLW-4342,Kurti,Pink,Silk,Religious,12,2,4,Clean,85.0
SLW-4343,Kurti,Purple,Silk,Religious,14,0,4,Clean,82.5
SLW-4344,Jeans,Blue,Denim,Casual,95,3,5,Clean,68.33
SLW-4345,Kurti,Pink,Cotton,Casual,83,1,2,Clean,44.67
SLW-4346,Jacket,Black,Denim,Casual,88,5,5,Dirty,70.67
SLW-4347,Dress,Red,Cotton,Casual,87,0,2,Clean,42.0
SLW-4348,Jacket,Brown,Polyester,Casual,76,2,3,Clean,62.0
SLW-4349,T-Shirt,Red,Polyester,Casual,81,2,3,Clean,59.5
SLW-4350,Sarong,Cream,Cotton,Home,133,0,2,Clean,11.33
SLW-4351,Kurtha,Cream,Cotton,Religious,8,1,2,Clean,94.67
SLW-4352,Kurtha,Cream,Cotton,Religious,12,0,2,Clean,92.0
SLW-4353,National Dress,White,Silk,Wedding,2,0,4,Clean,97.5
SLW-4354,Trouser,Grey,Cotton,Casual,76,1,2,Clean,49.33
SLW-4355,Saree,Red,Silk,Religious,12,2,4,Clean,85.0
SLW-4356,Sarong,White,Cotton,Home,143,1,2,Clean,4.67
SLW-4357,Salwar,Pink,Cotton,Casual,89,1,2,Clean,40.67
SLW-4358,Dress,Green,Cotton,Casual,85,2,2,Dirty,43.33
SLW-4359,Jacket,Black,Denim,Casual,92,1,5,Clean,69.33
SLW-4360,Jeans,Grey,Denim,Casual,92,2,5,Clean,69.33
SLW-4361,National Dress,White,Cotton,Religious,12,2,2,Dirty,92.0
SLW-4362,Batik Shirt,Blue,Batik,Office,45,2,3,Clean,55.0
SLW-4363,Kurti,Yellow,Cotton,Casual,89,2,2,Dirty,40.67
SLW-4364,Trouser,Grey,Cotton,Casual,96,1,2,Clean,36.0
SLW-4365,Blouse,Gold,Silk,Wedding,2,2,4,Clean,97.5
SLW-4366,National Dress,Cream,Cotton,Religious,15,0,2,Clean,90.0
SLW-4367,Dress,Green,Silk,Wedding,2,0,4,Clean,97.5
SLW-4368,Shorts,Black,Cotton,Home,138,0,2,Clean,8.0
SLW-4369,Dress,Pink,Cotton,Casual,83,0,2,Clean,44.67
SLW-4370,Shirt,Pink,Cotton,Office,51,2,2,Dirty,66.0
SLW-4371,National Dress,White,Silk,Wedding,1,4,4,Dirty,98.75
SLW-4372,T-Shirt,Grey,Polyester,Casual,84,0,3,Clean,58.0
SLW-4373,Sarong,Blue,Cotton,Home,129,1,2,Clean,14.0
SLW-4374,Saree,Red,Silk,Religious,12,3,4,Clean,85.0
SLW-4375,Jacket,Black,Denim,Casual,94,4,5,Clean,68.67
SLW-4376,Shirt,White,Cotton,Office,53,2,2,Dirty,64.67
SLW-4377,Batik Shirt,Blue,Batik,Casual,71,3,3,Dirty,29.0
SLW-4378,Blouse,Green,Silk,Wedding,4,3,4,Clean,95.0
SLW-4379,T-Shirt,Blue,Cotton,Casual,90,1,2,Clean,40.0
SLW-4380,Jeans,Grey,Denim,Casual,82,0,5,Clean,72.67
SLW-4381,Vest,Grey,Cotton,Home,139,1,2,Clean,7.33
SLW-4382,Kurti,Yellow,Silk,Religious,12,0,4,Clean,85.0
SLW-4383,T-Shirt,Red,Polyester,Casual,83,3,3,Dirty,58.5
SLW-4384,Blouse,Red,Cotton,Casual,89,2,2,Dirty,40.67
SLW-4385,Blouse,Red,Silk,Wedding,2,2,4,Clean,97.5
SLW-4386,Sarong,White,Cotton,Home,134,0,2,Clean,10.67
SLW-4387,Blouse,Gold,Silk,Wedding,2,0,4,Clean,97.5
SLW-4388,Batik Shirt,Multicolor,Batik,Office,41,2,3,Clean,59.0
SLW-4389,National Dress,White,Silk,Wedding,3,1,4,Clean,96.25
SLW-4390,National Dress,Cream,Cotton,Religious,12,2,2,Dirty,92.0
SLW-4391,Blouse,Red,Silk,Wedding,3,4,4,Dirty,96.25
SLW-4392,Leggings,Grey,Polyester,Home,144,0,3,Clean,28.0
SLW-4393,Jacket,Black,Denim,Casual,90,0,5,Clean,70.0
SLW-4394,Sarong,White,Batik,Casual,84,2,3,Clean,16.0
SLW-4395,T-Shirt,Grey,Cotton,Casual,93,1,2,Clean,38.0
SLW-4396,Kurtha,Cream,Cotton,Religious,9,1,2,Clean,94.0
SLW-4397,Salwar,Pink,Cotton,Casual,81,0,2,Clean,46.0
SLW-4398,Kurti,Blue,Cotton,Casual,81,1,2,Clean,46.0
SLW-4399,Saree,Gold,Silk,Religious,13,2,4,Clean,83.75
SLW-4400,Vest,Grey,Cotton,Home,145,2,2,Dirty,3.33
SLW-4401,Trouser,Black,Linen,Office,52,1,2,Clean,56.67
SLW-4402,Jacket,Brown,Polyester,Casual,95,1,3,Clean,52.5
SLW-4403,Trouser,Grey,Cotton,Casual,81,1,2,Clean,46.0
SLW-4404,Shirt,Pink,Cotton,Office,52,2,2,Dirty,65.33
SLW-4405,National Dress,Cream,Silk,Wedding,2,0,4,Clean,97.5
SLW-4406,Vest,Black,Cotton,Home,144,1,2,Clean,4.0
SLW-4407,Batik Shirt,Brown,Batik,Casual,87,2,3,Clean,13.0
SLW-4408,Trouser,Navy,Cotton,Casual,85,2,2,Dirty,43.33
SLW-4409,Salwar,White,Cotton,Casual,91,0,2,Clean,39.33
SLW-4410,Dress,Blue,Silk,Wedding,3,0,4,Clean,96.25
SLW-4411,Sarong,Cream,Cotton,Home,132,2,2,Dirty,12.0
SLW-4412,Dress,Blue,Cotton,Casual,87,1,2,Clean,42.0
SLW-4413,Dress,Green,Silk,Wedding,2,0,4,Clean,97.5
SLW-4414,National Dress,Gold,Cotton,Religious,8,2,2,Dirty,94.67
SLW-4415,Jacket,Grey,Polyester,Casual,89,2,3,Clean,55.5
SLW-4416,Salwar,Pink,Cotton,Casual,92,1,2,Clean,38.67
SLW-4417,Blouse,Red,Cotton,Casual,89,2,2,Dirty,40.67
SLW-4418,Leggings,Black,Polyester,Home,122,1,3,Clean,39.0
SLW-4419,Leggings,Grey,Polyester,Home,135,2,3,Clean,32.5
SLW-4420,Dress,Pink,Cotton,Casual,72,2,2,Dirty,52.0
SLW-4421,National Dress,White,Cotton,Religious,14,1,2,Clean,90.67
SLW-4422,Batik Shirt,Multicolor,Batik,Casual,80,2,3,Clean,20.0
SLW-4423,Saree,Blue,Cotton,Casual,96,2,2,Dirty,36.0
SLW-4424,Blouse,Red,Cotton,Casual,94,2,2,Dirty,37.33
SLW-4425,Saree,Red,Silk,Religious,10,3,4,Clean,87.5
SLW-4426,Salwar,Pink,Silk,Wedding,2,0,4,Clean,97.5
SLW-4427,Sarong,Cream,Cotton,Home,140,1,2,Clean,6.67
SLW-4428,T-Shirt,Red,Cotton,Casual,82,0,2,Clean,45.33
SLW-4429,Trouser,Khaki,Cotton,Casual,88,2,2,Dirty,41.33
SLW-4430,Shirt,White,Linen,Office,47,1,2,Clean,60.83
SLW-4431,Leggings,Grey,Polyester,Home,123,0,3,Clean,38.5
SLW-4432,Shorts,Blue,Cotton,Home,120,0,2,Clean,20.0
SLW-4433,Jeans,Black,Denim,Casual,89,4,5,Clean,70.33
SLW-4434,Jacket,Black,Polyester,Casual,84,2,3,Clean,58.0
SLW-4435,Dress,Green,Cotton,Casual,84,1,2,Clean,44.0
SLW-4436,Batik Shirt,Multicolor,Batik,Office,54,0,3,Clean,46.0
SLW-4437,Salwar,Pink,Silk,Wedding,3,3,4,Clean,96.25
SLW-4438,T-Shirt,Red,Polyester,Casual,86,1,3,Clean,57.0
SLW-4439,Saree,Blue,Cotton,Casual,85,2,2,Dirty,43.33
SLW-4440,Jacket,Brown,Polyester,Casual,91,3,3,Dirty,54.5
SLW-4441,Batik Shirt,Brown,Batik,Office,41,0,3,Clean,59.0
SLW-4442,Batik Shirt,Blue,Batik,Office,51,1,3,Clean,49.0
SLW-4443,Sarong,Brown,Batik,Casual,91,0,3,Clean,9.0
SLW-4444,T-Shirt,White,Cotton,Casual,92,0,2,Clean,38.67
SLW-4445,School Uniform,Blue,Cotton,Office,38,0,2,Clean,74.67
SLW-4446,National Dress,Gold,Silk,Wedding,2,4,4,Dirty,97.5
SLW-4447,Salwar,Green,Cotton,Casual,81,1,2,Clean,46.0
SLW-4448,Jeans,Blue,Denim,Casual,88,0,5,Clean,70.67
SLW-4449,Salwar,Green,Silk,Wedding,3,2,4,Clean,96.25
SLW-4450,National Dress,White,Cotton,Religious,14,0,2,Clean,90.67
SLW-4451,Shirt,Grey,Linen,Office,47,2,2,Dirty,60.83
SLW-4452,Salwar,Blue,Cotton,Casual,84,2,2,Dirty,44.0
SLW-4453,Salwar,White,Silk,Wedding,3,0,4,Clean,96.25
SLW-4454,Saree,Purple,Cotton,Casual,90,2,2,Dirty,40.0
SLW-4455,Dress,Blue,Silk,Wedding,4,2,4,Clean,95.0
SLW-4456,Saree,Red,Cotton,Casual,90,1,2,Clean,40.0
SLW-4457,Saree,Blue,Cotton,Casual,79,0,2,Clean,47.33
SLW-4458,Jacket,Navy,Denim,Casual,78,3,5,Clean,74.0
SLW-4459,Sarong,Green,Cotton,Home,125,2,2,Dirty,16.67
SLW-4460,Shorts,Black,Cotton,Home,143,1,2,Clean,4.67
SLW-4461,Saree,Red,Cotton,Casual,96,1,2,Clean,36.0
SLW-4462,Saree,Red,Cotton,Casual,100,2,2,Dirty,33.33
SLW-4463,Kurti,Yellow,Silk,Religious,13,2,4,Clean,83.75
SLW-4464,Kurti,Yellow,Cotton,Casual,96,0,2,Clean,36.0
SLW-4465,Blouse,Blue,Cotton,Casual,83,0,2,Clean,44.67
SLW-4466,Batik Shirt,Blue,Batik,Office,43,0,3,Clean,57.0
SLW-4467,Kurti,Pink,Cotton,Casual,93,2,2,Dirty,38.0
SLW-4468,Blouse,Gold,Silk,Wedding,3,1,4,Clean,96.25
SLW-4469,Vest,White,Cotton,Home,138,0,2,Clean,8.0
SLW-4470,Batik Shirt,Red,Batik,Office,52,2,3,Clean,48.0
SLW-4471,Dress,Green,Cotton,Casual,90,1,2,Clean,40.0
SLW-4472,School Uniform,Blue,Cotton,Office,57,1,2,Clean,62.0
SLW-4473,T-Shirt,Red,Cotton,Casual,97,1,2,Clean,35.33
SLW-4474,Sarong,Blue,Cotton,Home,142,1,2,Clean,5.33
SLW-4475,Salwar,Green,Cotton,Casual,93,1,2,Clean,38.0
SLW-4476,Batik Shirt,Blue,Batik,Office,53,2,3,Clean,47.0
SLW-4477,Saree,Gold,Silk,Religious,11,3,4,Clean,86.25
SLW-4478,Trouser,Grey,Cotton,Casual,93,0,2,Clean,38.0
SLW-4479,Dress,Blue,Silk,Wedding,1,0,4,Clean,98.75
SLW-4480,Kurti,Yellow,Cotton,Casual,95,2,2,Dirty,36.67
SLW-4481,Shirt,White,Linen,Office,42,0,2,Clean,65.0
SLW-4482,National Dress,Gold,Cotton,Religious,12,1,2,Clean,92.0
SLW-4483,Batik Shirt,Multicolor,Batik,Office,44,2,3,Clean,56.0
SLW-4484,Jacket,Navy,Denim,Casual,91,4,5,Clean,69.67
SLW-4485,T-Shirt,Blue,Cotton,Casual,87,2,2,Dirty,42.0
SLW-4486,Jacket,Brown,Denim,Casual,76,2,5,Clean,74.67
SLW-4487,Kurti,Pink,Cotton,Casual,90,1,2,Clean,40.0
SLW-4488,T-Shirt,White,Polyester,Casual,83,1,3,Clean,58.5
SLW-4489,Kurti,Pink,Cotton,Casual,94,2,2,Dirty,37.33
SLW-4490,Blouse,Red,Silk,Wedding,3,4,4,Dirty,96.25
SLW-4491,Shorts,White,Cotton,Home,141,1,2,Clean,6.0
SLW-4492,T-Shirt,White,Polyester,Casual,81,0,3,Clean,59.5
SLW-4493,Dress,Yellow,Silk,Wedding,2,1,4,Clean,97.5
SLW-4494,Trouser,Grey,Cotton,Casual,84,0,2,Clean,44.0
SLW-4495,Kurti,Green,Silk,Religious,13,4,4,Dirty,83.75
SLW-4496,T-Shirt,Blue,Polyester,Casual,99,3,3,Dirty,50.5
SLW-4497,Batik Shirt,Blue,Batik,Casual,82,2,3,Clean,18.0
SLW-4498,Dress,Blue,Cotton,Casual,95,0,2,Clean,36.67
SLW-4499,T-Shirt,White,Polyester,Casual,72,0,3,Clean,64.0
SLW-4500,Dress,Red,Silk,Wedding,2,2,4,Clean,97.5
SLW-4501,Shorts,Black,Cotton,Home,130,1,2,Clean,13.33
SLW-4502,Sarong,Cream,Batik,Casual,78,2,3,Clean,22.0
SLW-4503,Shirt,Blue,Linen,Office,40,1,2,Clean,66.67
SLW-4504,Batik Shirt,Brown,Batik,Casual,90,2,3,Clean,10.0
SLW-4505,Salwar,Green,Silk,Wedding,2,1,4,Clean,97.5
SLW-4506,Kurti,Pink,Cotton,Casual,90,0,2,Clean,40.0
SLW-4507,National Dress,Cream,Silk,Wedding,3,0,4,Clean,96.25
SLW-4508,Leggings,Black,Polyester,Home,140,2,3,Clean,30.0
SLW-4509,Kurtha,Blue,Cotton,Religious,12,2,2,Dirty,92.0
SLW-4510,Jeans,Black,Denim,Casual,87,3,5,Clean,71.0
SLW-4511,Jacket,Grey,Denim,Casual,79,0,5,Clean,73.67
SLW-4512,Leggings,Navy,Polyester,Home,146,2,3,Clean,27.0
SLW-4513,T-Shirt,Grey,Polyester,Casual,83,1,3,Clean,58.5
SLW-4514,Shorts,White,Cotton,Home,130,2,2,Dirty,13.33
SLW-4515,Kurtha,White,Cotton,Religious,11,2,2,Dirty,92.67
SLW-4516,Trouser,Grey,Cotton,Casual,81,0,2,Clean,46.0
SLW-4517,Saree,Purple,Silk,Religious,11,3,4,Clean,86.25
SLW-4518,National Dress,Cream,Cotton,Religious,12,1,2,Clean,92.0
SLW-4519,Batik Shirt,Multicolor,Batik,Casual,90,2,3,Clean,10.0
SLW-4520,School Uniform,Blue,Cotton,Office,44,0,2,Clean,70.67
SLW-4521,Kurtha,White,Cotton,Religious,11,1,2,Clean,92.67
SLW-4522,Saree,Green,Silk,Religious,13,4,4,Dirty,83.75
SLW-4523,Salwar,Blue,Cotton,Casual,91,1,2,Clean,39.33
SLW-4524,Dress,Yellow,Cotton,Casual,102,1,2,Clean,32.0
SLW-4525,Dress,Yellow,Cotton,Casual,96,1,2,Clean,36.0
SLW-4526,Dress,Pink,Cotton,Casual,96,0,2,Clean,36.0
SLW-4527,Sarong,White,Cotton,Home,126,1,2,Clean,16.0
SLW-4528,Vest,Black,Cotton,Home,144,0,2,Clean,4.0
SLW-4529,Leggings,Black,Polyester,Home,137,2,3,Clean,31.5
SLW-4530,Kurti,Pink,Cotton,Casual,84,2,2,Dirty,44.0
SLW-4531,Saree,Purple,Silk,Religious,12,4,4,Dirty,85.0
SLW-4532,Jacket,Grey,Denim,Casual,94,4,5,Clean,68.67
SLW-4533,Sarong,Cream,Batik,Casual,91,3,3,Dirty,9.0
SLW-4534,Jeans,Blue,Denim,Casual,81,5,5,Dirty,73.0
SLW-4535,Dress,Yellow,Cotton,Casual,93,2,2,Dirty,38.0
SLW-4536,Blouse,Red,Silk,Wedding,2,0,4,Clean,97.5
SLW-4537,Sarong,White,Batik,Casual,89,2,3,Clean,11.0
SLW-4538,Shirt,White,Cotton,Office,48,2,2,Dirty,68.0
SLW-4539,Blouse,Blue,Silk,Wedding,2,2,4,Clean,97.5
SLW-4540,Salwar,White,Cotton,Casual,93,1,2,Clean,38.0
SLW-4541,Batik Shirt,Brown,Batik,Office,43,0,3,Clean,57.0
SLW-4542,Jacket,Brown,Polyester,Casual,101,1,3,Clean,49.5
SLW-4543,Saree,Gold,Silk,Religious,9,1,4,Clean,88.75
SLW-4544,T-Shirt,White,Polyester,Casual,83,2,3,Clean,58.5
SLW-4545,Kurtha,Blue,Cotton,Religious,12,1,2,Clean,92.0
SLW-4546,Salwar,White,Cotton,Casual,92,0,2,Clean,38.67
SLW-4547,Batik Shirt,Brown,Batik,Casual,87,0,3,Clean,13.0
SLW-4548,Kurti,Purple,Silk,Religious,11,0,4,Clean,86.25
SLW-4549,Batik Shirt,Brown,Batik,Office,52,1,3,Clean,48.0
SLW-4550,Batik Shirt,Blue,Batik,Office,48,3,3,Dirty,52.0
SLW-4551,Blouse,Blue,Silk,Wedding,4,4,4,Dirty,95.0
SLW-4552,Jeans,Blue,Denim,Casual,93,0,5,Clean,69.0
SLW-4553,T-Shirt,Red,Polyester,Casual,94,3,3,Dirty,53.0
SLW-4554,Saree,Purple,Cotton,Casual,81,0,2,Clean,46.0
SLW-4555,T-Shirt,Red,Cotton,Casual,87,2,2,Dirty,42.0
SLW-4556,Blouse,Red,Cotton,Casual,85,2,2,Dirty,43.33
SLW-4557,Shorts,Black,Cotton,Home,129,0,2,Clean,14.0
SLW-4558,Saree,Gold,Cotton,Casual,90,0,2,Clean,40.0
SLW-4559,Saree,Purple,Cotton,Casual,84,2,2,Dirty,44.0
SLW-4560,National Dress,Cream,Cotton,Religious,12,1,2,Clean,92.0
SLW-4561,T-Shirt,White,Polyester,Casual,80,2,3,Clean,60.0
SLW-4562,Kurti,Pink,Cotton,Casual,100,1,2,Clean,33.33
SLW-4563,Trouser,Khaki,Cotton,Casual,81,1,2,Clean,46.0
SLW-4564,Jeans,Blue,Denim,Casual,89,5,5,Dirty,70.33
SLW-4565,Dress,Yellow,Cotton,Casual,93,1,2,Clean,38.0
SLW-4566,Saree,Blue,Silk,Religious,11,0,4,Clean,86.25
SLW-4567,Dress,Pink,Cotton,Casual,93,0,2,Clean,38.0
SLW-4568,Jeans,Grey,Denim,Casual,79,0,5,Clean,73.67
SLW-4569,T-Shirt,Grey,Polyester,Casual,98,0,3,Clean,51.0
SLW-4570,Dress,Green,Cotton,Casual,88,0,2,Clean,41.33
SLW-4571,Saree,Green,Silk,Religious,11,3,4,Clean,86.25
SLW-4572,T-Shirt,Black,Cotton,Casual,85,0,2,Clean,43.33
SLW-4573,Shirt,Blue,Linen,Office,54,2,2,Dirty,55.0
SLW-4574,Shirt,Pink,Linen,Office,46,2,2,Dirty,61.67
SLW-4575,Jacket,Navy,Polyester,Casual,82,0,3,Clean,59.0
SLW-4576,Trouser,Grey,Linen,Office,48,0,2,Clean,60.0
SLW-4577,Trouser,Grey,Linen,Office,42,2,2,Dirty,65.0
SLW-4578,Dress,Blue,Cotton,Casual,100,2,2,Dirty,33.33
SLW-4579,T-Shirt,Blue,Cotton,Casual,84,2,2,Dirty,44.0
SLW-4580,Leggings,Black,Polyester,Home,144,3,3,Dirty,28.0
SLW-4581,Leggings,Grey,Polyester,Home,139,3,3,Dirty,30.5
SLW-4582,Dress,Blue,Silk,Wedding,2,4,4,Dirty,97.5
SLW-4583,Kurti,Purple,Cotton,Casual,87,2,2,Dirty,42.0
SLW-4584,Vest,Black,Cotton,Home,144,2,2,Dirty,4.0
SLW-4585,T-Shirt,Blue,Cotton,Casual,86,0,2,Clean,42.67
SLW-4586,Kurti,Pink,Cotton,Casual,96,2,2,Dirty,36.0
SLW-4587,Kurti,Yellow,Cotton,Casual,95,2,2,Dirty,36.67
SLW-4588,Batik Shirt,Blue,Batik,Casual,94,0,3,Clean,6.0
SLW-4589,Blouse,Gold,Cotton,Casual,84,2,2,Dirty,44.0
SLW-4590,National Dress,Gold,Silk,Wedding,2,0,4,Clean,97.5
SLW-4591,Batik Shirt,Multicolor,Batik,Office,46,3,3,Dirty,54.0
SLW-4592,Shirt,Blue,Cotton,Office,51,0,2,Clean,66.0
SLW-4593,Batik Shirt,Multicolor,Batik,Office,53,1,3,Clean,47.0
SLW-4594,Vest,White,Cotton,Home,120,1,2,Clean,20.0
SLW-4595,Sarong,White,Batik,Casual,87,2,3,Clean,13.0
SLW-4596,Sarong,Green,Batik,Casual,89,0,3,Clean,11.0
SLW-4597,Vest,Black,Cotton,Home,135,1,2,Clean,10.0
SLW-4598,Trouser,Navy,Linen,Office,57,0,2,Clean,52.5
SLW-4599,Shirt,Pink,Cotton,Office,52,0,2,Clean,65.33
SLW-4600,Jeans,Grey,Denim,Casual,97,1,5,Clean,67.67
SLW-4601,Kurti,Green,Cotton,Casual,86,2,2,Dirty,42.67
SLW-4602,National Dress,Cream,Cotton,Religious,13,1,2,Clean,91.33
SLW-4603,Dress,Green,Cotton,Casual,99,2,2,Dirty,34.0
SLW-4604,National Dress,Gold,Silk,Wedding,4,1,4,Clean,95.0
SLW-4605,Saree,Purple,Cotton,Casual,80,1,2,Clean,46.67
SLW-4606,Kurtha,White,Cotton,Religious,11,0,2,Clean,92.67
SLW-4607,Kurti,Blue,Cotton,Casual,85,0,2,Clean,43.33
SLW-4608,National Dress,White,Cotton,Religious,12,0,2,Clean,92.0
SLW-4609,Jacket,Grey,Denim,Casual,92,0,5,Clean,69.33
SLW-4610,Vest,Black,Cotton,Home,131,1,2,Clean,12.67
SLW-4611,School Uniform,Blue,Cotton,Office,50,0,2,Clean,66.67
SLW-4612,Saree,Purple,Cotton,Casual,73,2,2,Dirty,51.33
SLW-4613,Dress,Blue,Silk,Wedding,4,1,4,Clean,95.0
SLW-4614,Kurti,Purple,Cotton,Casual,84,1,2,Clean,44.0
SLW-4615,Shirt,Blue,Linen,Office,50,1,2,Clean,58.33
SLW-4616,Kurtha,Cream,Cotton,Religious,11,0,2,Clean,92.67
SLW-4617,Shorts,Khaki,Cotton,Home,147,2,2,Dirty,2.0
SLW-4618,Blouse,Red,Cotton,Casual,68,0,2,Clean,54.67
SLW-4619,Saree,Blue,Silk,Religious,11,4,4,Dirty,86.25
SLW-4620,Batik Shirt,Multicolor,Batik,Office,49,0,3,Clean,51.0
SLW-4621,National Dress,Gold,Silk,Wedding,2,0,4,Clean,97.5
SLW-4622,School Uniform,White,Cotton,Office,60,1,2,Clean,60.0
SLW-4623,National Dress,Cream,Silk,Wedding,2,2,4,Clean,97.5
SLW-4624,Jeans,Black,Denim,Casual,93,5,5,Dirty,69.0
SLW-4625,Batik Shirt,Red,Batik,Casual,90,1,3,Clean,10.0
SLW-4626,Batik Shirt,Red,Batik,Casual,96,1,3,Clean,4.0
SLW-4627,Jeans,Blue,Denim,Casual,83,4,5,Clean,72.33
SLW-4628,School Uniform,White,Cotton,Office,45,2,2,Dirty,70.0
SLW-4629,Kurti,Pink,Cotton,Casual,95,1,2,Clean,36.67
SLW-4630,Trouser,Black,Linen,Office,52,0,2,Clean,56.67
SLW-4631,Shirt,Grey,Cotton,Office,40,1,2,Clean,73.33
SLW-4632,National Dress,White,Cotton,Religious,11,1,2,Clean,92.67
SLW-4633,Saree,Purple,Silk,Religious,12,1,4,Clean,85.0
SLW-4634,Blouse,Red,Silk,Wedding,3,2,4,Clean,96.25
SLW-4635,National Dress,White,Silk,Wedding,2,3,4,Clean,97.5
SLW-4636,Kurtha,Blue,Cotton,Religious,7,2,2,Dirty,95.33
SLW-4637,Salwar,Blue,Cotton,Casual,91,0,2,Clean,39.33
SLW-4638,Batik Shirt,Blue,Batik,Casual,79,3,3,Dirty,21.0
SLW-4639,Jacket,Brown,Denim,Casual,73,4,5,Clean,75.67
SLW-4640,Saree,Red,Silk,Religious,7,2,4,Clean,91.25
SLW-4641,Batik Shirt,Multicolor,Batik,Office,54,0,3,Clean,46.0
SLW-4642,Jacket,Grey,Polyester,Casual,88,1,3,Clean,56.0
SLW-4643,Shorts,White,Cotton,Home,136,1,2,Clean,9.33
SLW-4644,Kurtha,White,Cotton,Religious,14,0,2,Clean,90.67
SLW-4645,Leggings,Black,Polyester,Home,143,0,3,Clean,28.5
SLW-4646,Vest,Black,Cotton,Home,149,0,2,Clean,0.67
SLW-4647,Kurti,Blue,Silk,Religious,9,3,4,Clean,88.75
SLW-4648,School Uniform,White,Cotton,Office,49,1,2,Clean,67.33
SLW-4649,Jeans,Grey,Denim,Casual,76,3,5,Clean,74.67
SLW-4650,Saree,Green,Silk,Religious,11,3,4,Clean,86.25
SLW-4651,School Uniform,White,Cotton,Office,48,0,2,Clean,68.0
SLW-4652,Dress,Pink,Cotton,Casual,92,0,2,Clean,38.67
SLW-4653,Jacket,Grey,Denim,Casual,88,2,5,Clean,70.67
SLW-4654,National Dress,Cream,Cotton,Religious,12,1,2,Clean,92.0
SLW-4655,Leggings,Black,Polyester,Home,143,0,3,Clean,28.5
SLW-4656,National Dress,Gold,Silk,Wedding,4,0,4,Clean,95.0
SLW-4657,Sarong,Green,Cotton,Home,135,0,2,Clean,10.0
SLW-4658,Salwar,White,Silk,Wedding,2,4,4,Dirty,97.5
SLW-4659,Kurtha,Blue,Cotton,Religious,12,0,2,Clean,92.0
SLW-4660,National Dress,White,Silk,Wedding,2,0,4,Clean,97.5
SLW-4661,Sarong,Green,Batik,Casual,98,1,3,Clean,2.0
SLW-4662,Saree,Red,Cotton,Casual,86,1,2,Clean,42.67
SLW-4663,Shirt,Blue,Cotton,Office,46,1,2,Clean,69.33
SLW-4664,T-Shirt,Grey,Polyester,Casual,84,1,3,Clean,58.0
SLW-4665,Jeans,Grey,Denim,Casual,93,3,5,Clean,69.0
SLW-4666,Batik Shirt,Blue,Batik,Office,49,0,3,Clean,51.0
SLW-4667,T-Shirt,Black,Cotton,Casual,83,2,2,Dirty,44.67
SLW-4668,Dress,Blue,Silk,Wedding,4,2,4,Clean,95.0
SLW-4669,Dress,Green,Cotton,Casual,82,2,2,Dirty,45.33
SLW-4670,Shirt,Grey,Linen,Office,50,2,2,Dirty,58.33
SLW-4671,Blouse,Gold,Cotton,Casual,92,2,2,Dirty,38.67
SLW-4672,Jacket,Grey,Polyester,Casual,76,2,3,Clean,62.0
SLW-4673,Salwar,White,Cotton,Casual,91,2,2,Dirty,39.33
SLW-4674,Sarong,Green,Batik,Casual,80,2,3,Clean,20.0
SLW-4675,Salwar,Green,Cotton,Casual,93,2,2,Dirty,38.0
SLW-4676,T-Shirt,Black,Cotton,Casual,81,0,2,Clean,46.0
SLW-4677,Leggings,Navy,Polyester,Home,143,1,3,Clean,28.5
SLW-4678,National Dress,Gold,Silk,Wedding,3,2,4,Clean,96.25
SLW-4679,School Uniform,White,Cotton,Office,55,0,2,Clean,63.33
SLW-4680,Shirt,Blue,Linen,Office,51,2,2,Dirty,57.5
SLW-4681,Sarong,Green,Batik,Casual,86,1,3,Clean,14.0
SLW-4682,Trouser,Black,Linen,Office,46,1,2,Clean,61.67
SLW-4683,Sarong,White,Cotton,Home,149,1,2,Clean,0.67
SLW-4684,T-Shirt,Grey,Cotton,Casual,83,1,2,Clean,44.67
SLW-4685,Jeans,Blue,Denim,Casual,80,2,5,Clean,73.33
SLW-4686,Sarong,Brown,Batik,Casual,92,2,3,Clean,8.0
SLW-4687,Jeans,Blue,Denim,Casual,82,3,5,Clean,72.67
SLW-4688,Blouse,Blue,Cotton,Casual,81,1,2,Clean,46.0
SLW-4689,Dress,Blue,Cotton,Casual,77,0,2,Clean,48.67
SLW-4690,National Dress,White,Cotton,Religious,11,1,2,Clean,92.67
SLW-4691,Trouser,Black,Cotton,Casual,87,1,2,Clean,42.0
SLW-4692,Trouser,Black,Cotton,Casual,89,1,2,Clean,40.67
SLW-4693,School Uniform,White,Cotton,Office,55,1,2,Clean,63.33
SLW-4694,Leggings,Grey,Polyester,Home,142,2,3,Clean,29.0
SLW-4695,Kurtha,White,Cotton,Religious,11,2,2,Dirty,92.67
SLW-4696,Vest,Grey,Cotton,Home,136,0,2,Clean,9.33
SLW-4697,Salwar,Green,Silk,Wedding,3,4,4,Dirty,96.25
SLW-4698,Blouse,Red,Cotton,Casual,96,1,2,Clean,36.0
SLW-4699,Kurtha,Blue,Cotton,Religious,12,0,2,Clean,92.0
SLW-4700,Jeans,Grey,Denim,Casual,84,5,5,Dirty,72.0
SLW-4701,T-Shirt,Red,Polyester,Casual,81,3,3,Dirty,59.5
SLW-4702,Kurti,Purple,Cotton,Casual,77,2,2,Dirty,48.67
SLW-4703,Vest,Grey,Cotton,Home,143,2,2,Dirty,4.67
SLW-4704,Saree,Green,Cotton,Casual,92,1,2,Clean,38.67
SLW-4705,Salwar,Pink,Silk,Wedding,3,1,4,Clean,96.25
SLW-4706,Leggings,Grey,Polyester,Home,136,0,3,Clean,32.0
SLW-4707,Kurtha,Cream,Cotton,Religious,14,2,2,Dirty,90.67
SLW-4708,Batik Shirt,Red,Batik,Casual,84,1,3,Clean,16.0
SLW-4709,Shirt,Pink,Cotton,Office,55,2,2,Dirty,63.33
SLW-4710,Sarong,Blue,Batik,Casual,87,2,3,Clean,13.0
SLW-4711,T-Shirt,Blue,Cotton,Casual,83,2,2,Dirty,44.67
SLW-4712,Kurtha,Blue,Cotton,Religious,12,2,2,Dirty,92.0
SLW-4713,Sarong,Blue,Cotton,Home,141,0,2,Clean,6.0
SLW-4714,Kurti,Pink,Cotton,Casual,90,2,2,Dirty,40.0
SLW-4715,Blouse,Gold,Silk,Wedding,3,2,4,Clean,96.25
SLW-4716,Dress,Red,Cotton,Casual,87,1,2,Clean,42.0
SLW-4717,Dress,Yellow,Cotton,Casual,104,0,2,Clean,30.67
SLW-4718,Sarong,Green,Batik,Casual,96,2,3,Clean,4.0
SLW-4719,Trouser,Navy,Linen,Office,54,2,2,Dirty,55.0
SLW-4720,Shorts,Black,Cotton,Home,138,0,2,Clean,8.0
SLW-4721,T-Shirt,Grey,Cotton,Casual,95,2,2,Dirty,36.67
SLW-4722,Shirt,Pink,Cotton,Office,53,0,2,Clean,64.67
SLW-4723,Saree,Blue,Cotton,Casual,88,1,2,Clean,41.33
SLW-4724,T-Shirt,Black,Cotton,Casual,85,1,2,Clean,43.33
SLW-4725,National Dress,White,Silk,Wedding,2,1,4,Clean,97.5
SLW-4726,Blouse,Red,Cotton,Casual,65,2,2,Dirty,56.67
SLW-4727,National Dress,Gold,Silk,Wedding,3,0,4,Clean,96.25
SLW-4728,Sarong,Brown,Batik,Casual,84,1,3,Clean,16.0
SLW-4729,Blouse,Green,Cotton,Casual,99,1,2,Clean,34.0
SLW-4730,Sarong,White,Batik,Casual,88,1,3,Clean,12.0
SLW-4731,Salwar,Blue,Cotton,Casual,79,1,2,Clean,47.33
SLW-4732,Sarong,Blue,Cotton,Home,137,2,2,Dirty,8.67
SLW-4733,School Uniform,White,Cotton,Office,43,2,2,Dirty,71.33
SLW-4734,Kurti,Pink,Silk,Religious,12,1,4,Clean,85.0
SLW-4735,Batik Shirt,Multicolor,Batik,Office,51,0,3,Clean,49.0
SLW-4736,Batik Shirt,Brown,Batik,Office,55,0,3,Clean,45.0
SLW-4737,National Dress,Gold,Cotton,Religious,10,1,2,Clean,93.33
SLW-4738,Shirt,Pink,Linen,Office,50,2,2,Dirty,58.33
SLW-4739,Batik Shirt,Red,Batik,Casual,78,3,3,Dirty,22.0
SLW-4740,Saree,Blue,Silk,Religious,13,0,4,Clean,83.75
SLW-4741,Kurti,Pink,Silk,Religious,12,2,4,Clean,85.0
SLW-4742,Shorts,White,Cotton,Home,141,2,2,Dirty,6.0
SLW-4743,Dress,Pink,Silk,Wedding,3,2,4,Clean,96.25
SLW-4744,Sarong,Blue,Cotton,Home,141,0,2,Clean,6.0
SLW-4745,Sarong,Cream,Batik,Casual,99,2,3,Clean,1.0
SLW-4746,Leggings,Black,Polyester,Home,135,0,3,Clean,32.5
SLW-4747,Kurti,Pink,Silk,Religious,12,1,4,Clean,85.0
SLW-4748,Jacket,Navy,Polyester,Casual,80,2,3,Clean,60.0
SLW-4749,Jeans,Blue,Denim,Casual,81,4,5,Clean,73.0
SLW-4750,Trouser,Navy,Cotton,Casual,88,2,2,Dirty,41.33
SLW-4751,Jeans,Blue,Denim,Casual,95,5,5,Dirty,68.33
SLW-4752,Batik Shirt,Multicolor,Batik,Casual,86,1,3,Clean,14.0
SLW-4753,School Uniform,White,Cotton,Office,48,2,2,Dirty,68.0
SLW-4754,Blouse,Red,Cotton,Casual,85,2,2,Dirty,43.33
SLW-4755,Kurti,Purple,Silk,Religious,11,3,4,Clean,86.25
SLW-4756,Jacket,Grey,Polyester,Casual,90,3,3,Dirty,55.0
SLW-4757,T-Shirt,Grey,Cotton,Casual,77,0,2,Clean,48.67
SLW-4758,T-Shirt,Blue,Polyester,Casual,96,1,3,Clean,52.0
SLW-4759,National Dress,White,Silk,Wedding,2,2,4,Clean,97.5
SLW-4760,Dress,Red,Cotton,Casual,93,1,2,Clean,38.0
SLW-4761,Salwar,Green,Cotton,Casual,79,0,2,Clean,47.33
SLW-4762,Salwar,Blue,Silk,Wedding,3,3,4,Clean,96.25
SLW-4763,Batik Shirt,Blue,Batik,Casual,92,2,3,Clean,8.0
SLW-4764,Leggings,Navy,Polyester,Home,141,2,3,Clean,29.5
SLW-4765,Dress,Blue,Silk,Wedding,2,4,4,Dirty,97.5
SLW-4766,Dress,Blue,Cotton,Casual,89,1,2,Clean,40.67
SLW-4767,Kurti,Purple,Cotton,Casual,79,0,2,Clean,47.33
SLW-4768,National Dress,Gold,Silk,Wedding,2,3,4,Clean,97.5
SLW-4769,Kurti,Green,Cotton,Casual,95,2,2,Dirty,36.67
SLW-4770,Kurti,Pink,Silk,Religious,13,2,4,Clean,83.75
SLW-4771,Shirt,White,Cotton,Office,50,1,2,Clean,66.67
SLW-4772,Batik Shirt,Multicolor,Batik,Casual,81,3,3,Dirty,19.0
SLW-4773,Jacket,Brown,Polyester,Casual,92,1,3,Clean,54.0
SLW-4774,Trouser,Navy,Linen,Office,50,0,2,Clean,58.33
SLW-4775,Jacket,Black,Denim,Casual,71,3,5,Clean,76.33
SLW-4776,Saree,Green,Cotton,Casual,93,0,2,Clean,38.0
SLW-4777,T-Shirt,Red,Cotton,Casual,87,2,2,Dirty,42.0
SLW-4778,Salwar,Pink,Silk,Wedding,3,0,4,Clean,96.25
SLW-4779,Blouse,Blue,Cotton,Casual,80,0,2,Clean,46.67
SLW-4780,Sarong,Cream,Cotton,Home,112,2,2,Dirty,25.33
SLW-4781,Batik Shirt,Multicolor,Batik,Casual,89,1,3,Clean,11.0
SLW-4782,Jacket,Grey,Denim,Casual,90,3,5,Clean,70.0
SLW-4783,Saree,Purple,Silk,Religious,9,3,4,Clean,88.75
SLW-4784,National Dress,White,Silk,Wedding,2,2,4,Clean,97.5
SLW-4785,Shirt,White,Cotton,Office,66,1,2,Clean,56.0
SLW-4786,Salwar,White,Silk,Wedding,2,0,4,Clean,97.5
SLW-4787,Salwar,Green,Silk,Wedding,3,2,4,Clean,96.25
SLW-4788,Leggings,Navy,Polyester,Home,132,3,3,Dirty,34.0
SLW-4789,Dress,Yellow,Cotton,Casual,73,2,2,Dirty,51.33
SLW-4790,T-Shirt,Black,Polyester,Casual,86,3,3,Dirty,57.0
SLW-4791,Salwar,White,Silk,Wedding,2,1,4,Clean,97.5
SLW-4792,Saree,Purple,Silk,Religious,11,0,4,Clean,86.25
SLW-4793,Kurti,Yellow,Cotton,Casual,87,1,2,Clean,42.0
SLW-4794,Jeans,Black,Denim,Casual,89,2,5,Clean,70.33
SLW-4795,Saree,Purple,Cotton,Casual,86,2,2,Dirty,42.67
SLW-4796,T-Shirt,Black,Cotton,Casual,79,0,2,Clean,47.33
SLW-4797,T-Shirt,Blue,Polyester,Casual,91,3,3,Dirty,54.5
SLW-4798,Sarong,Blue,Batik,Casual,74,3,3,Dirty,26.0
SLW-4799,Shirt,Grey,Cotton,Office,37,1,2,Clean,75.33
SLW-4800,Vest,White,Cotton,Home,143,0,2,Clean,4.67
SLW-4801,Sarong,Green,Batik,Casual,91,1,3,Clean,9.0
SLW-4802,Jacket,Grey,Polyester,Casual,87,2,3,Clean,56.5
SLW-4803,Batik Shirt,Red,Batik,Office,41,2,3,Clean,59.0
SLW-4804,Saree,Blue,Cotton,Casual,83,0,2,Clean,44.67
SLW-4805,T-Shirt,Red,Cotton,Casual,86,1,2,Clean,42.67
SLW-4806,National Dress,Cream,Silk,Wedding,1,1,4,Clean,98.75
SLW-4807,Leggings,Navy,Polyester,Home,132,2,3,Clean,34.0
SLW-4808,Vest,White,Cotton,Home,143,0,2,Clean,4.67
SLW-4809,Trouser,Navy,Cotton,Casual,97,1,2,Clean,35.33
SLW-4810,Batik Shirt,Brown,Batik,Office,47,1,3,Clean,53.0
SLW-4811,Sarong,White,Cotton,Home,144,2,2,Dirty,4.0
SLW-4812,Jacket,Navy,Denim,Casual,74,4,5,Clean,75.33
SLW-4813,Sarong,White,Cotton,Home,143,1,2,Clean,4.67
SLW-4814,Shirt,Grey,Linen,Office,45,0,2,Clean,62.5
SLW-4815,Kurti,Yellow,Cotton,Casual,90,1,2,Clean,40.0
SLW-4816,Jacket,Brown,Polyester,Casual,86,1,3,Clean,57.0
SLW-4817,T-Shirt,White,Polyester,Casual,97,0,3,Clean,51.5
SLW-4818,Dress,Yellow,Cotton,Casual,81,1,2,Clean,46.0
SLW-4819,T-Shirt,Black,Cotton,Casual,92,0,2,Clean,38.67
SLW-4820,T-Shirt,White,Cotton,Casual,86,2,2,Dirty,42.67
SLW-4821,Shirt,Blue,Linen,Office,49,0,2,Clean,59.17
SLW-4822,Salwar,Blue,Silk,Wedding,2,0,4,Clean,97.5
SLW-4823,Saree,Blue,Cotton,Casual,82,2,2,Dirty,45.33
SLW-4824,T-Shirt,Grey,Cotton,Casual,87,1,2,Clean,42.0
SLW-4825,Trouser,Grey,Cotton,Casual,87,0,2,Clean,42.0
SLW-4826,Jacket,Brown,Denim,Casual,89,0,5,Clean,70.33
SLW-4827,Batik Shirt,Brown,Batik,Office,50,2,3,Clean,50.0
SLW-4828,Blouse,Red,Silk,Wedding,3,4,4,Dirty,96.25
SLW-4829,Trouser,Black,Linen,Office,55,2,2,Dirty,54.17
SLW-4830,National Dress,Gold,Silk,Wedding,2,1,4,Clean,97.5
SLW-4831,Jeans,Grey,Denim,Casual,94,1,5,Clean,68.67
SLW-4832,National Dress,Cream,Cotton,Religious,10,1,2,Clean,93.33
SLW-4833,Saree,Gold,Silk,Religious,12,3,4,Clean,85.0
SLW-4834,Salwar,Blue,Silk,Wedding,3,3,4,Clean,96.25
SLW-4835,Saree,Red,Silk,Religious,9,1,4,Clean,88.75
SLW-4836,Jacket,Black,Polyester,Casual,88,1,3,Clean,56.0
SLW-4837,Shorts,Khaki,Cotton,Home,134,0,2,Clean,10.67
SLW-4838,School Uniform,White,Cotton,Office,45,2,2,Dirty,70.0
SLW-4839,Salwar,White,Cotton,Casual,97,0,2,Clean,35.33
SLW-4840,Shorts,White,Cotton,Home,132,2,2,Dirty,12.0
SLW-4841,Kurti,Purple,Silk,Religious,10,3,4,Clean,87.5
SLW-4842,National Dress,Cream,Silk,Wedding,3,2,4,Clean,96.25
SLW-4843,Jacket,Grey,Polyester,Casual,92,1,3,Clean,54.0
SLW-4844,Blouse,Green,Silk,Wedding,2,1,4,Clean,97.5
SLW-4845,Trouser,Khaki,Cotton,Casual,96,1,2,Clean,36.0
SLW-4846,Kurtha,Cream,Cotton,Religious,12,2,2,Dirty,92.0
SLW-4847,Kurti,Purple,Silk,Religious,8,2,4,Clean,90.0
SLW-4848,Dress,Red,Silk,Wedding,2,2,4,Clean,97.5
SLW-4849,National Dress,Cream,Silk,Wedding,2,0,4,Clean,97.5
SLW-4850,Shorts,White,Cotton,Home,141,1,2,Clean,6.0
SLW-4851,National Dress,White,Silk,Wedding,1,3,4,Clean,98.75
SLW-4852,Saree,Blue,Cotton,Casual,105,1,2,Clean,30.0
SLW-4853,Trouser,Grey,Cotton,Casual,91,0,2,Clean,39.33
SLW-4854,Salwar,Pink,Cotton,Casual,89,1,2,Clean,40.67
SLW-4855,Vest,Grey,Cotton,Home,147,1,2,Clean,2.0
SLW-4856,Kurti,Green,Silk,Religious,15,3,4,Clean,81.25
SLW-4857,Sarong,Blue,Cotton,Home,144,1,2,Clean,4.0
SLW-4858,Jacket,Brown,Polyester,Casual,94,1,3,Clean,53.0
SLW-4859,Sarong,Blue,Batik,Casual,88,2,3,Clean,12.0
SLW-4860,Trouser,Khaki,Cotton,Casual,87,1,2,Clean,42.0
SLW-4861,Jeans,Black,Denim,Casual,84,3,5,Clean,72.0
SLW-4862,Jeans,Blue,Denim,Casual,82,2,5,Clean,72.67
SLW-4863,T-Shirt,Black,Cotton,Casual,83,1,2,Clean,44.67
SLW-4864,Shirt,White,Cotton,Office,41,2,2,Dirty,72.67
SLW-4865,T-Shirt,Red,Polyester,Casual,87,3,3,Dirty,56.5
SLW-4866,National Dress,White,Silk,Wedding,1,4,4,Dirty,98.75
SLW-4867,School Uniform,White,Cotton,Office,51,0,2,Clean,66.0
SLW-4868,Kurti,Pink,Silk,Religious,11,4,4,Dirty,86.25
SLW-4869,Saree,Purple,Silk,Religious,12,4,4,Dirty,85.0
SLW-4870,Sarong,White,Cotton,Home,133,2,2,Dirty,11.33
SLW-4871,Kurtha,White,Cotton,Religious,16,1,2,Clean,89.33
SLW-4872,Vest,Grey,Cotton,Home,148,2,2,Dirty,1.33
SLW-4873,Leggings,Navy,Polyester,Home,128,2,3,Clean,36.0
SLW-4874,Batik Shirt,Brown,Batik,Casual,89,0,3,Clean,11.0
SLW-4875,Shirt,Blue,Linen,Office,46,2,2,Dirty,61.67
SLW-4876,Saree,Green,Cotton,Casual,80,2,2,Dirty,46.67
SLW-4877,Blouse,Gold,Cotton,Casual,78,2,2,Dirty,48.0
SLW-4878,T-Shirt,Blue,Polyester,Casual,91,1,3,Clean,54.5
SLW-4879,Shirt,Blue,Cotton,Office,45,1,2,Clean,70.0
SLW-4880,School Uniform,White,Cotton,Office,55,2,2,Dirty,63.33
SLW-4881,Sarong,White,Cotton,Home,145,0,2,Clean,3.33
SLW-4882,Vest,White,Cotton,Home,148,2,2,Dirty,1.33
SLW-4883,Jacket,Brown,Polyester,Casual,82,3,3,Dirty,59.0
SLW-4884,Sarong,Blue,Batik,Casual,91,1,3,Clean,9.0
SLW-4885,T-Shirt,Black,Polyester,Casual,92,0,3,Clean,54.0
SLW-4886,Trouser,Navy,Linen,Office,47,2,2,Dirty,60.83
SLW-4887,Sarong,White,Batik,Casual,82,2,3,Clean,18.0
SLW-4888,Blouse,Blue,Silk,Wedding,4,3,4,Clean,95.0
SLW-4889,Saree,Red,Silk,Religious,12,2,4,Clean,85.0
SLW-4890,Batik Shirt,Multicolor,Batik,Casual,92,0,3,Clean,8.0
SLW-4891,Sarong,Brown,Cotton,Home,131,0,2,Clean,12.67
SLW-4892,Kurti,Blue,Silk,Religious,10,1,4,Clean,87.5
SLW-4893,Salwar,Green,Silk,Wedding,2,4,4,Dirty,97.5
SLW-4894,National Dress,Cream,Cotton,Religious,11,2,2,Dirty,92.67
SLW-4895,Kurtha,Cream,Cotton,Religious,10,1,2,Clean,93.33
SLW-4896,Jacket,Grey,Polyester,Casual,87,0,3,Clean,56.5
SLW-4897,T-Shirt,Black,Cotton,Casual,76,1,2,Clean,49.33
SLW-4898,Batik Shirt,Multicolor,Batik,Office,43,2,3,Clean,57.0
SLW-4899,Jeans,Black,Denim,Casual,92,2,5,Clean,69.33
SLW-4900,Batik Shirt,Multicolor,Batik,Casual,92,1,3,Clean,8.0
SLW-4901,School Uniform,Blue,Cotton,Office,47,1,2,Clean,68.67
SLW-4902,T-Shirt,Red,Polyester,Casual,80,1,3,Clean,60.0
SLW-4903,Sarong,Green,Cotton,Home,129,1,2,Clean,14.0
SLW-4904,Shirt,White,Linen,Office,47,2,2,Dirty,60.83
SLW-4905,Dress,Pink,Cotton,Casual,92,0,2,Clean,38.67
SLW-4906,Sarong,Cream,Cotton,Home,145,1,2,Clean,3.33
SLW-4907,Dress,Yellow,Cotton,Casual,84,1,2,Clean,44.0
SLW-4908,Kurti,Pink,Cotton,Casual,79,0,2,Clean,47.33
SLW-4909,Shirt,White,Cotton,Office,51,0,2,Clean,66.0
SLW-4910,Batik Shirt,Brown,Batik,Office,45,1,3,Clean,55.0
SLW-4911,Blouse,Gold,Cotton,Casual,84,1,2,Clean,44.0
SLW-4912,Batik Shirt,Multicolor,Batik,Casual,97,1,3,Clean,3.0
SLW-4913,Kurti,Purple,Silk,Religious,13,3,4,Clean,83.75
SLW-4914,Salwar,Pink,Silk,Wedding,3,4,4,Dirty,96.25
SLW-4915,Sarong,Blue,Batik,Casual,79,3,3,Dirty,21.0
SLW-4916,Shorts,White,Cotton,Home,139,1,2,Clean,7.33
SLW-4917,Blouse,Red,Silk,Wedding,3,1,4,Clean,96.25
SLW-4918,Shirt,Pink,Cotton,Office,47,2,2,Dirty,68.67
SLW-4919,Blouse,Green,Cotton,Casual,97,0,2,Clean,35.33
SLW-4920,Salwar,Green,Cotton,Casual,97,0,2,Clean,35.33
SLW-4921,School Uniform,Blue,Cotton,Office,59,1,2,Clean,60.67
SLW-4922,Trouser,Grey,Linen,Office,51,0,2,Clean,57.5
SLW-4923,Dress,Yellow,Cotton,Casual,92,2,2,Dirty,38.67
SLW-4924,Jacket,Black,Polyester,Casual,97,0,3,Clean,51.5
SLW-4925,Shorts,Black,Cotton,Home,141,2,2,Dirty,6.0
SLW-4926,Jeans,Blue,Denim,Casual,84,1,5,Clean,72.0
SLW-4927,Saree,Red,Cotton,Casual,84,2,2,Dirty,44.0
SLW-4928,Saree,Green,Cotton,Casual,89,0,2,Clean,40.67
SLW-4929,Blouse,Red,Cotton,Casual,78,0,2,Clean,48.0
SLW-4930,Jacket,Brown,Denim,Casual,86,3,5,Clean,71.33
SLW-4931,Saree,Purple,Cotton,Casual,95,2,2,Dirty,36.67
SLW-4932,Dress,Pink,Silk,Wedding,1,1,4,Clean,98.75
SLW-4933,Shorts,Black,Cotton,Home,149,1,2,Clean,0.67
SLW-4934,T-Shirt,Red,Polyester,Casual,95,0,3,Clean,52.5
SLW-4935,T-Shirt,Grey,Polyester,Casual,84,2,3,Clean,58.0
SLW-4936,Shirt,Grey,Cotton,Office,53,2,2,Dirty,64.67
SLW-4937,Kurti,Green,Cotton,Casual,88,2,2,Dirty,41.33
SLW-4938,Saree,Purple,Silk,Religious,13,2,4,Clean,83.75
SLW-4939,Trouser,Grey,Cotton,Casual,94,0,2,Clean,37.33
SLW-4940,Jacket,Brown,Polyester,Casual,78,2,3,Clean,61.0
SLW-4941,Dress,Green,Cotton,Casual,92,0,2,Clean,38.67
SLW-4942,Leggings,Black,Polyester,Home,136,1,3,Clean,32.0
SLW-4943,Jacket,Black,Polyester,Casual,88,3,3,Dirty,56.0
SLW-4944,Shirt,Blue,Cotton,Office,45,1,2,Clean,70.0
SLW-4945,Saree,Red,Silk,Religious,14,3,4,Clean,82.5
SLW-4946,Sarong,Cream,Cotton,Home,146,1,2,Clean,2.67
SLW-4947,National Dress,White,Cotton,Religious,10,2,2,Dirty,93.33
SLW-4948,School Uniform,Blue,Cotton,Office,41,1,2,Clean,72.67
SLW-4949,Batik Shirt,Multicolor,Batik,Office,47,0,3,Clean,53.0
SLW-4950,Kurti,Blue,Silk,Religious,12,1,4,Clean,85.0
SLW-4951,Shirt,Blue,Linen,Office,51,2,2,Dirty,57.5
SLW-4952,Shirt,White,Linen,Office,57,2,2,Dirty,52.5
SLW-4953,Leggings,Grey,Polyester,Home,144,1,3,Clean,28.0
SLW-4954,T-Shirt,Grey,Polyester,Casual,94,3,3,Dirty,53.0
SLW-4955,Salwar,Blue,Silk,Wedding,3,2,4,Clean,96.25
SLW-4956,Kurti,Pink,Silk,Religious,9,3,4,Clean,88.75
SLW-4957,School Uniform,White,Cotton,Office,48,2,2,Dirty,68.0
SLW-4958,Batik Shirt,Blue,Batik,Casual,95,1,3,Clean,5.0
SLW-4959,Salwar,Blue,Silk,Wedding,2,1,4,Clean,97.5
SLW-4960,Saree,Purple,Cotton,Casual,91,1,2,Clean,39.33
SLW-4961,Batik Shirt,Multicolor,Batik,Office,48,1,3,Clean,52.0
SLW-4962,Shirt,Grey,Cotton,Office,43,2,2,Dirty,71.33
SLW-4963,Kurtha,Blue,Cotton,Religious,11,2,2,Dirty,92.67
SLW-4964,Trouser,Navy,Cotton,Casual,90,1,2,Clean,40.0
SLW-4965,Saree,Gold,Cotton,Casual,83,0,2,Clean,44.67
SLW-4966,National Dress,Gold,Cotton,Religious,11,0,2,Clean,92.67
SLW-4967,Saree,Gold,Silk,Religious,10,1,4,Clean,87.5
SLW-4968,Dress,Green,Silk,Wedding,3,0,4,Clean,96.25
SLW-4969,Batik Shirt,Brown,Batik,Casual,85,0,3,Clean,15.0
SLW-4970,Jacket,Brown,Polyester,Casual,98,3,3,Dirty,51.0
SLW-4971,Trouser,Grey,Cotton,Casual,98,1,2,Clean,34.67
SLW-4972,T-Shirt,Black,Polyester,Casual,87,0,3,Clean,56.5
SLW-4973,School Uniform,Blue,Cotton,Office,43,1,2,Clean,71.33
SLW-4974,Vest,Black,Cotton,Home,121,1,2,Clean,19.33
SLW-4975,Dress,Green,Silk,Wedding,1,2,4,Clean,98.75
SLW-4976,Blouse,Green,Silk,Wedding,1,4,4,Dirty,98.75
SLW-4977,Jacket,Navy,Polyester,Casual,97,0,3,Clean,51.5
SLW-4978,Saree,Blue,Cotton,Casual,88,2,2,Dirty,41.33
SLW-4979,Salwar,Green,Cotton,Casual,90,0,2,Clean,40.0
SLW-4980,School Uniform,Blue,Cotton,Office,36,1,2,Clean,76.0
SLW-4981,Salwar,White,Cotton,Casual,79,1,2,Clean,47.33
SLW-4982,School Uniform,Blue,Cotton,Office,55,1,2,Clean,63.33
SLW-4983,Saree,Blue,Cotton,Casual,90,0,2,Clean,40.0
SLW-4984,Blouse,Green,Cotton,Casual,86,1,2,Clean,42.67
SLW-4985,Salwar,Pink,Silk,Wedding,3,3,4,Clean,96.25
SLW-4986,Kurti,Green,Silk,Religious,14,4,4,Dirty,82.5
SLW-4987,Jeans,Blue,Denim,Casual,86,2,5,Clean,71.33
SLW-4988,Leggings,Black,Polyester,Home,138,0,3,Clean,31.0
SLW-4989,Dress,Pink,Cotton,Casual,89,1,2,Clean,40.67
SLW-4990,National Dress,Gold,Cotton,Religious,15,0,2,Clean,90.0
SLW-4991,T-Shirt,White,Polyester,Casual,73,2,3,Clean,63.5
SLW-4992,Leggings,Grey,Polyester,Home,143,2,3,Clean,28.5
SLW-4993,Jacket,Grey,Polyester,Casual,87,0,3,Clean,56.5
SLW-4994,Sarong,Green,Batik,Casual,91,2,3,Clean,9.0
SLW-4995,Jeans,Grey,Denim,Casual,83,0,5,Clean,72.33
SLW-4996,Salwar,Blue,Cotton,Casual,87,1,2,Clean,42.0
SLW-4997,Trouser,Black,Linen,Office,54,0,2,Clean,55.0
SLW-4998,Blouse,Blue,Cotton,Casual,109,2,2,Dirty,27.33
SLW-4999,Kurti,Yellow,Silk,Religious,13,3,4,Clean,83.75
SLW-5000,Saree,Purple,Cotton,Casual,82,1,2,Clean,45.33
